"","state_gerda","state","election_date","partyname_gerda","partyname_short"
"1","12","BB",1990-10-14,"spd","SPD"
"2","12","BB",1990-10-14,"cdu","CDU"
"3","12","BB",1990-10-14,"linke_pds","Linke"
"4","12","BB",1990-10-14,"buendnis_90","Grüne"
"5","12","BB",1990-10-14,"fdp","FDP"
"6","12","BB",1990-10-14,"gruene","Grüne (BB 1990)"
"7","12","BB",1990-10-14,"rep","Rep"
"8","12","BB",1990-10-14,"dsu","DSU"
"9","12","BB",1990-10-14,"dbu","DBU"
"10","12","BB",1990-10-14,"dfp","DFP"
"11","12","BB",1990-10-14,"npd","NPD"
"12","12","BB",1994-09-11,"spd","SPD"
"13","12","BB",1994-09-11,"cdu","CDU"
"14","12","BB",1994-09-11,"linke_pds","Linke"
"15","12","BB",1994-09-11,"gruene","Grüne"
"16","12","BB",1994-09-11,"fdp","FDP"
"17","12","BB",1994-09-11,"rep","Rep"
"18","12","BB",1994-09-11,"freie_wahler","BürgerBündnis"
"19","12","BB",1999-09-05,"spd","SPD"
"20","12","BB",1999-09-05,"cdu","CDU"
"21","12","BB",1999-09-05,"linke_pds","Linke"
"22","12","BB",1999-09-05,"dvu","DVU"
"23","12","BB",1999-09-05,"gruene","Grüne"
"24","12","BB",1999-09-05,"fdp","FDP"
"25","12","BB",1999-09-05,"npd","NPD"
"26","12","BB",1999-09-05,"freie_wahler","FW-BB"
"27","12","BB",1999-09-05,"bfb","BFB"
"28","12","BB",2004-09-19,"spd","SPD"
"29","12","BB",2004-09-19,"linke_pds","Linke"
"30","12","BB",2004-09-19,"cdu","CDU"
"31","12","BB",2004-09-19,"dvu","DVU"
"32","12","BB",2004-09-19,"gruene","Grüne"
"33","12","BB",2004-09-19,"fdp","FDP"
"34","12","BB",2004-09-19,"familie","Familie"
"35","12","BB",2004-09-19,"50plus","50Plus"
"36","12","BB",2004-09-19,"afw","FW-BB"
"37","12","BB",2004-09-19,"graue","Graue"
"38","12","BB",2004-09-19,"aub_branden_burg","AUB-Brandenburg"
"39","12","BB",2004-09-19,"brb","BRB"
"40","12","BB",2004-09-19,"ja","JaZuBrandenburg"
"41","12","BB",2004-09-19,"offensive_d","PRO (Schill)"
"42","12","BB",2004-09-19,"dkp","DKP"
"43","12","BB",2009-09-27,"spd","SPD"
"44","12","BB",2009-09-27,"linke_pds","Linke"
"45","12","BB",2009-09-27,"cdu","CDU"
"46","12","BB",2009-09-27,"fdp","FDP"
"47","12","BB",2009-09-27,"gruene","Grüne"
"48","12","BB",2009-09-27,"npd","NPD"
"49","12","BB",2009-09-27,"freie_wahler","FW-BB"
"50","12","BB",2009-09-27,"dvu","DVU"
"51","12","BB",2009-09-27,"50plus","50Plus"
"52","12","BB",2009-09-27,"rentner","Bündnis21/RRP"
"53","12","BB",2009-09-27,"die_volks_initiative","Die-Volksinitiative"
"54","12","BB",2009-09-27,"rep","Rep"
"55","12","BB",2009-09-27,"dkp","DKP"
"56","12","BB",2014-09-14,"spd","SPD"
"57","12","BB",2014-09-14,"cdu","CDU"
"58","12","BB",2014-09-14,"linke_pds","Linke"
"59","12","BB",2014-09-14,"afd","AfD"
"60","12","BB",2014-09-14,"gruene","Grüne"
"61","12","BB",2014-09-14,"freie_wahler","FW-BB"
"62","12","BB",2014-09-14,"npd","NPD"
"63","12","BB",2014-09-14,"fdp","FDP"
"64","12","BB",2014-09-14,"piraten","Piraten"
"65","12","BB",2014-09-14,"rep","Rep"
"66","12","BB",2014-09-14,"dkp","DKP"
"67","12","BB",2019-09-01,"spd","SPD"
"68","12","BB",2019-09-01,"afd","AfD"
"69","12","BB",2019-09-01,"cdu","CDU"
"70","12","BB",2019-09-01,"gruene","Grüne"
"71","12","BB",2019-09-01,"linke_pds","Linke"
"72","12","BB",2019-09-01,"freie_wahler","FW-BB"
"73","12","BB",2019-09-01,"fdp","FDP"
"74","12","BB",2019-09-01,"tierschutz","Die Tierschutzpartei"
"75","12","BB",2019-09-01,"piraten","Piraten"
"76","12","BB",2019-09-01,"odp","ÖDP"
"77","12","BB",2019-09-01,"v_partei3","VPartei3"
"78","12","BB",2024-09-22,"spd","SPD"
"79","12","BB",2024-09-22,"afd","AfD"
"80","12","BB",2024-09-22,"bsw","BSW"
"81","12","BB",2024-09-22,"cdu","CDU"
"82","12","BB",2024-09-22,"gruene","Grüne"
"83","12","BB",2024-09-22,"linke_pds","Linke"
"84","12","BB",2024-09-22,"freie_wahler","FW-BB"
"85","12","BB",2024-09-22,"tierschutz","Die Tierschutzpartei"
"86","12","BB",2024-09-22,"plus","PB"
"87","12","BB",2024-09-22,"fdp","FDP"
"88","12","BB",2024-09-22,"dlw","DLW"
"89","12","BB",2024-09-22,"werteunion","WU"
"90","12","BB",2024-09-22,"iii_weg","DritterWeg"
"91","12","BB",2024-09-22,"dkp","DKP"
"92","11","BE",1990-12-02,"cdu","CDU"
"93","11","BE",1990-12-02,"spd","SPD"
"94","11","BE",1990-12-02,"linke_pds","Linke"
"95","11","BE",1990-12-02,"fdp","FDP"
"96","11","BE",1990-12-02,"gruene","Grüne"
"97","11","BE",1990-12-02,"b90_gr","Bü90GrüUFV"
"98","11","BE",1990-12-02,"rep","Rep"
"99","11","BE",1990-12-02,"odp","ÖDP"
"100","11","BE",1990-12-02,"dsu","DSU"
"101","11","BE",1990-12-02,"ddd","DDD"
"102","11","BE",1995-10-22,"cdu","CDU"
"103","11","BE",1995-10-22,"spd","SPD"
"104","11","BE",1995-10-22,"linke_pds","Linke"
"105","11","BE",1995-10-22,"gruene","Grüne"
"106","11","BE",1995-10-22,"rep","Rep"
"107","11","BE",1995-10-22,"fdp","FDP"
"108","11","BE",1995-10-22,"graue","Graue"
"109","11","BE",1995-10-22,"apd","APD"
"110","11","BE",1995-10-22,"wbk","WBK"
"111","11","BE",1995-10-22,"pass","PASS"
"112","11","BE",1995-10-22,"bsp_berlin","BSPBerlin"
"113","11","BE",1995-10-22,"krpd_rz","KPD/RZ"
"114","11","BE",1995-10-22,"hl_berlin","HanfLB"
"115","11","BE",1995-10-22,"odp","ÖDP"
"116","11","BE",1995-10-22,"naturgesetz","Naturgesetz"
"117","11","BE",1995-10-22,"buergerbund","Bürgerbund (BE)"
"118","11","BE",1995-10-22,"wib","WiB"
"119","11","BE",1995-10-22,"ufb","UFB"
"120","11","BE",1995-10-22,"oekoli","ÖkoLinx"
"121","11","BE",1999-10-10,"cdu","CDU"
"122","11","BE",1999-10-10,"spd","SPD"
"123","11","BE",1999-10-10,"linke_pds","Linke"
"124","11","BE",1999-10-10,"gruene","Grüne"
"125","11","BE",1999-10-10,"rep","Rep"
"126","11","BE",1999-10-10,"fdp","FDP"
"127","11","BE",1999-10-10,"graue","Graue"
"128","11","BE",1999-10-10,"tierschutz","Die Tierschutzpartei"
"129","11","BE",1999-10-10,"npd","NPD"
"130","11","BE",1999-10-10,"pass","PASS"
"131","11","BE",1999-10-10,"kpd_rz","KPD/RZ"
"132","11","BE",1999-10-10,"naturgesetz","Naturgesetz"
"133","11","BE",1999-10-10,"buergerbund","Bürgerbund (BE)"
"134","11","BE",1999-10-10,"dl","DL (1999)"
"135","11","BE",1999-10-10,"neue_demokratie","NeueDem"
"136","11","BE",1999-10-10,"bueso","BÜSO"
"137","11","BE",1999-10-10,"hp","HP"
"138","11","BE",2001-10-21,"spd","SPD"
"139","11","BE",2001-10-21,"cdu","CDU"
"140","11","BE",2001-10-21,"linke_pds","Linke"
"141","11","BE",2001-10-21,"fdp","FDP"
"142","11","BE",2001-10-21,"gruene","Grüne"
"143","11","BE",2001-10-21,"graue","Graue"
"144","11","BE",2001-10-21,"rep","Rep"
"145","11","BE",2001-10-21,"npd","NPD"
"146","11","BE",2001-10-21,"statt_partei","STATT"
"147","11","BE",2001-10-21,"odp","ÖDP"
"148","11","BE",2001-10-21,"bueso","BÜSO"
"149","11","BE",2001-10-21,"dkp","DKP"
"150","11","BE",2001-10-21,"mlpd","MLPD"
"151","11","BE",2001-10-21,"hp","HP"
"152","11","BE",2006-09-17,"spd","SPD"
"153","11","BE",2006-09-17,"cdu","CDU"
"154","11","BE",2006-09-17,"linke_pds","Linke"
"155","11","BE",2006-09-17,"gruene","Grüne"
"156","11","BE",2006-09-17,"fdp","FDP"
"157","11","BE",2006-09-17,"graue","Graue"
"158","11","BE",2006-09-17,"wasg","WASG"
"159","11","BE",2006-09-17,"npd","NPD"
"160","11","BE",2006-09-17,"rep","Rep"
"161","11","BE",2006-09-17,"tierschutz","Die Tierschutzpartei"
"162","11","BE",2006-09-17,"eltern","Eltern"
"163","11","BE",2006-09-17,"bildung","Bildungspartei"
"164","11","BE",2006-09-17,"die_frauen","DieFrauen"
"165","11","BE",2006-09-17,"appd","APPD"
"166","11","BE",2006-09-17,"pass","PASS"
"167","11","BE",2006-09-17,"agfg","AGFG"
"168","11","BE",2006-09-17,"bueso","BÜSO"
"169","11","BE",2006-09-17,"offensive_d","PRO (Schill)"
"170","11","BE",2006-09-17,"dap","DArbeitslosenP"
"171","11","BE",2006-09-17,"humanwirtschaft","Humanwirtschaft"
"172","11","BE",2006-09-17,"odp","ÖDP"
"173","11","BE",2006-09-17,"forum","Forum"
"174","11","BE",2006-09-17,"psg","PSG"
"175","11","BE",2011-09-18,"spd","SPD"
"176","11","BE",2011-09-18,"cdu","CDU"
"177","11","BE",2011-09-18,"gruene","Grüne"
"178","11","BE",2011-09-18,"linke_pds","Linke"
"179","11","BE",2011-09-18,"piraten","Piraten"
"180","11","BE",2011-09-18,"npd","NPD"
"181","11","BE",2011-09-18,"fdp","FDP"
"182","11","BE",2011-09-18,"tierschutz","Die Tierschutzpartei"
"183","11","BE",2011-09-18,"pro_deutschland","proDeutschland"
"184","11","BE",2011-09-18,"die_freiheit","DieFreiheit"
"185","11","BE",2011-09-18,"die_partei","DiePartei"
"186","11","BE",2011-09-18,"big","BIG"
"187","11","BE",2011-09-18,"dkp","DKP"
"188","11","BE",2011-09-18,"deutsche_konservative","DKons"
"189","11","BE",2011-09-18,"odp","ÖDP"
"190","11","BE",2011-09-18,"psg","PSG"
"191","11","BE",2011-09-18,"bueso","BÜSO"
"192","11","BE",2011-09-18,"familie","Familie"
"193","11","BE",2011-09-18,"ddp","DDP (2004)"
"194","11","BE",2011-09-18,"unabhangige","UfBD"
"195","11","BE",2011-09-18,"b","Bergpartei"
"196","11","BE",2011-09-18,"appd","APPD"
"197","11","BE",2016-09-18,"spd","SPD"
"198","11","BE",2016-09-18,"cdu","CDU"
"199","11","BE",2016-09-18,"linke_pds","Linke"
"200","11","BE",2016-09-18,"gruene","Grüne"
"201","11","BE",2016-09-18,"afd","AfD"
"202","11","BE",2016-09-18,"fdp","FDP"
"203","11","BE",2016-09-18,"die_partei","DiePartei"
"204","11","BE",2016-09-18,"tierschutz","Die Tierschutzpartei"
"205","11","BE",2016-09-18,"piraten","Piraten"
"206","11","BE",2016-09-18,"graue","Graue"
"207","11","BE",2016-09-18,"npd","NPD"
"208","11","BE",2016-09-18,"gesundheitsforschung","Gesundheitsforschung"
"209","11","BE",2016-09-18,"pro_deutschland","proDeutschland"
"210","11","BE",2016-09-18,"alfa","LKR"
"211","11","BE",2016-09-18,"dkp","DKP"
"212","11","BE",2016-09-18,"psg","PSG"
"213","11","BE",2016-09-18,"bueso","BÜSO"
"214","11","BE",2016-09-18,"violetten","Violetten"
"215","11","BE",2016-09-18,"menschliche_welt","MenschlWelt"
"216","11","BE",2016-09-18,"b","Bergpartei"
"217","11","BE",2016-09-18,"odp","ÖDP"
"218","11","BE",2016-09-18,"mieterpartei","Mieterpartei"
"219","11","BE",2021-09-26,"spd","SPD"
"220","11","BE",2021-09-26,"gruene","Grüne"
"221","11","BE",2021-09-26,"cdu","CDU"
"222","11","BE",2021-09-26,"linke_pds","Linke"
"223","11","BE",2021-09-26,"afd","AfD"
"224","11","BE",2021-09-26,"fdp","FDP"
"225","11","BE",2021-09-26,"tierschutz","Die Tierschutzpartei"
"226","11","BE",2021-09-26,"die_partei","DiePartei"
"227","11","BE",2021-09-26,"diebasis","dieBasis"
"228","11","BE",2021-09-26,"volt","Volt"
"229","11","BE",2021-09-26,"team_todenhofer","Todenhöfer"
"230","11","BE",2021-09-26,"freie_wahler","FW-BE"
"231","11","BE",2021-09-26,"graue","DieGrauen"
"232","11","BE",2021-09-26,"tierschutz_hier","TIERSCHUTZliste"
"233","11","BE",2021-09-26,"klimaliste_berlin","Klimaliste"
"234","11","BE",2021-09-26,"piraten","Piraten"
"235","11","BE",2021-09-26,"gesundheitsforschung","Gesundheitsforschung"
"236","11","BE",2021-09-26,"mieterpartei","Mieterpartei"
"237","11","BE",2021-09-26,"die_humanisten","Die Humanisten"
"238","11","BE",2021-09-26,"du","Urbane"
"239","11","BE",2021-09-26,"bildet_berlin","BildetBerlin"
"240","11","BE",2021-09-26,"odp","ÖDP"
"241","11","BE",2021-09-26,"dkp","DKP"
"242","11","BE",2021-09-26,"npd","NPD"
"243","11","BE",2021-09-26,"b","Bergpartei"
"244","11","BE",2021-09-26,"lkr","LKR"
"245","11","BE",2021-09-26,"buendnis21","PinkeBündnis21"
"246","11","BE",2021-09-26,"bueso","BÜSO"
"247","11","BE",2021-09-26,"sgp","PSG"
"248","11","BE",2021-09-26,"menschliche_welt","MenschlWelt"
"249","11","BE",2021-09-26,"neue_demokraten","NeueDemokraten"
"250","11","BE",2021-09-26,"rep","Rep"
"251","11","BE",2021-09-26,"deutsche_konservative","DKons"
"252","11","BE",2023-02-12,"cdu","CDU"
"253","11","BE",2023-02-12,"gruene","Grüne"
"254","11","BE",2023-02-12,"spd","SPD"
"255","11","BE",2023-02-12,"linke_pds","Linke"
"256","11","BE",2023-02-12,"afd","AfD"
"257","11","BE",2023-02-12,"fdp","FDP"
"258","11","BE",2023-02-12,"tierschutz","Die Tierschutzpartei"
"259","11","BE",2023-02-12,"die_partei","DiePartei"
"260","11","BE",2023-02-12,"volt","Volt"
"261","11","BE",2023-02-12,"diebasis","dieBasis"
"262","11","BE",2023-02-12,"team_todenhofer","Todenhöfer"
"263","11","BE",2023-02-12,"graue","DieGrauen"
"264","11","BE",2023-02-12,"piraten","Piraten"
"265","11","BE",2023-02-12,"klimaliste_berlin","Klimaliste"
"266","11","BE",2023-02-12,"freie_wahler","FW-BE"
"267","11","BE",2023-02-12,"mieterpartei","Mieterpartei"
"268","11","BE",2023-02-12,"gesundheitsforschung","Gesundheitsforschung"
"269","11","BE",2023-02-12,"du","Urbane"
"270","11","BE",2023-02-12,"die_humanisten","Die Humanisten"
"271","11","BE",2023-02-12,"dkp","DKP"
"272","11","BE",2023-02-12,"bildet_berlin","BildetBerlin"
"273","11","BE",2023-02-12,"odp","ÖDP"
"274","11","BE",2023-02-12,"npd","NPD"
"275","11","BE",2023-02-12,"b","Bergpartei"
"276","11","BE",2023-02-12,"sgp","SGP"
"277","11","BE",2023-02-12,"buendnis21","PinkeBündnis21"
"278","11","BE",2023-02-12,"lkr","LKR"
"279","11","BE",2023-02-12,"bueso","BÜSO"
"280","11","BE",2023-02-12,"menschliche_welt","MenschlWelt"
"281","11","BE",2023-02-12,"neue_demokraten","NeueDemokraten"
"282","11","BE",2023-02-12,"rep","Rep"
"283","11","BE",2023-02-12,"deutsche_konservative","DKons"
"284","08","BW",1956-03-04,"cdu","CDU"
"285","08","BW",1956-03-04,"spd","SPD"
"286","08","BW",1956-03-04,"fdp","FDP"
"287","08","BW",1956-03-04,"gb_bhe","GB/BHE"
"288","08","BW",1956-03-04,"kpd","KPD (1919)"
"289","08","BW",1956-03-04,"gvp","GVP"
"290","08","BW",1956-03-04,"bdd","BDD"
"291","08","BW",1956-03-04,"dg","DG"
"292","08","BW",1960-05-15,"cdu","CDU"
"293","08","BW",1960-05-15,"spd","SPD"
"294","08","BW",1960-05-15,"fdp","FDP"
"295","08","BW",1960-05-15,"gb_bhe","GB/BHE"
"296","08","BW",1960-05-15,"dp","DP"
"297","08","BW",1960-05-15,"bdd","BDD"
"298","08","BW",1960-05-15,"vfs","VFS"
"299","08","BW",1960-05-15,"dg","DG"
"300","08","BW",1964-04-26,"cdu","CDU"
"301","08","BW",1964-04-26,"spd","SPD"
"302","08","BW",1964-04-26,"fdp","FDP"
"303","08","BW",1964-04-26,"gdp","GDP"
"304","08","BW",1964-04-26,"dfu","DFU"
"305","08","BW",1964-04-26,"dg","DG"
"306","08","BW",1964-04-26,"einzelbewerber","Wgr./Einzelbew."
"307","08","BW",1968-04-28,"cdu","CDU"
"308","08","BW",1968-04-28,"spd","SPD"
"309","08","BW",1968-04-28,"fdp","FDP"
"310","08","BW",1968-04-28,"npd","NPD"
"311","08","BW",1968-04-28,"dl","DL (1967)"
"312","08","BW",1968-04-28,"aud","AUD"
"313","08","BW",1968-04-28,"fsu","Humanwirtschaft"
"314","08","BW",1968-04-28,"einzelbewerber","Wgr./Einzelbew."
"315","08","BW",1972-04-23,"cdu","CDU"
"316","08","BW",1972-04-23,"spd","SPD"
"317","08","BW",1972-04-23,"fdp","FDP"
"318","08","BW",1972-04-23,"dkp","DKP"
"319","08","BW",1972-04-23,"einzelbewerber","Wgr./Einzelbew."
"320","08","BW",1972-04-23,"dfu","DFU"
"321","08","BW",1972-04-23,"g","G"
"322","08","BW",1976-04-04,"cdu","CDU"
"323","08","BW",1976-04-04,"spd","SPD"
"324","08","BW",1976-04-04,"fdp","FDP"
"325","08","BW",1976-04-04,"npd","NPD"
"326","08","BW",1976-04-04,"efp","EFP"
"327","08","BW",1976-04-04,"dkp","DKP"
"328","08","BW",1976-04-04,"kbw","KBW"
"329","08","BW",1976-04-04,"einzelbewerber","Wgr./Einzelbew."
"330","08","BW",1976-04-04,"dfu","DFU"
"331","08","BW",1976-04-04,"kpd","KPD (1970)"
"332","08","BW",1976-04-04,"eap","BÜSO"
"333","08","BW",1976-04-04,"g","G"
"334","08","BW",1976-04-04,"spb","SpB"
"335","08","BW",1980-03-16,"cdu","CDU"
"336","08","BW",1980-03-16,"spd","SPD"
"337","08","BW",1980-03-16,"fdp","FDP"
"338","08","BW",1980-03-16,"gruene","Grüne"
"339","08","BW",1980-03-16,"dkp","DKP"
"340","08","BW",1980-03-16,"einzelbewerber","Wgr./Einzelbew."
"341","08","BW",1980-03-16,"npd","NPD"
"342","08","BW",1980-03-16,"kbw","KBW"
"343","08","BW",1980-03-16,"eap","BÜSO"
"344","08","BW",1980-03-16,"fap","FAP"
"345","08","BW",1984-03-25,"cdu","CDU"
"346","08","BW",1984-03-25,"spd","SPD"
"347","08","BW",1984-03-25,"gruene","Grüne"
"348","08","BW",1984-03-25,"fdp","FDP"
"349","08","BW",1984-03-25,"dkp","DKP"
"350","08","BW",1984-03-25,"einzelbewerber","Wgr./Einzelbew."
"351","08","BW",1984-03-25,"eap","BÜSO"
"352","08","BW",1984-03-25,"fap","FAP"
"353","08","BW",1988-03-20,"cdu","CDU"
"354","08","BW",1988-03-20,"spd","SPD"
"355","08","BW",1988-03-20,"gruene","Grüne"
"356","08","BW",1988-03-20,"fdp","FDP"
"357","08","BW",1988-03-20,"npd","NPD"
"358","08","BW",1988-03-20,"odp","ÖDP"
"359","08","BW",1988-03-20,"rep","Rep"
"360","08","BW",1988-03-20,"dkp","DKP"
"361","08","BW",1988-03-20,"einzelbewerber","Wgr./Einzelbew."
"362","08","BW",1988-03-20,"liga","CHRLiga"
"363","08","BW",1988-03-20,"patrioten","BÜSO"
"364","08","BW",1988-03-20,"zentrum","Zentrum"
"365","08","BW",1988-03-20,"fap","FAP"
"366","08","BW",1992-04-05,"cdu","CDU"
"367","08","BW",1992-04-05,"spd","SPD"
"368","08","BW",1992-04-05,"rep","Rep"
"369","08","BW",1992-04-05,"gruene","Grüne"
"370","08","BW",1992-04-05,"fdp","FDP"
"371","08","BW",1992-04-05,"odp","ÖDP"
"372","08","BW",1992-04-05,"npd","NPD"
"373","08","BW",1992-04-05,"pbc","BündnisC"
"374","08","BW",1992-04-05,"deutsche_liga","DLVH"
"375","08","BW",1992-04-05,"einzelbewerber","Wgr./Einzelbew."
"376","08","BW",1992-04-05,"cm","CM"
"377","08","BW",1992-04-05,"dkp","DKP"
"378","08","BW",1992-04-05,"liga","CHRLiga"
"379","08","BW",1992-04-05,"afp","APD"
"380","08","BW",1992-04-05,"no","NO"
"381","08","BW",1996-03-24,"cdu","CDU"
"382","08","BW",1996-03-24,"spd","SPD"
"383","08","BW",1996-03-24,"gruene","Grüne"
"384","08","BW",1996-03-24,"fdp","FDP"
"385","08","BW",1996-03-24,"rep","Rep"
"386","08","BW",1996-03-24,"odp","ÖDP"
"387","08","BW",1996-03-24,"pbc","BündnisC"
"388","08","BW",1996-03-24,"graue","Graue"
"389","08","BW",1996-03-24,"tierschutz","Die Tierschutzpartei"
"390","08","BW",1996-03-24,"naturgesetz","Naturgesetz"
"391","08","BW",1996-03-24,"einzelbewerber_1","Wgr./Einzelbew."
"392","08","BW",1996-03-24,"nichtwaehler","Nichtwähler (BW)"
"393","08","BW",1996-03-24,"dkp","DKP"
"394","08","BW",1996-03-24,"cm","CM"
"395","08","BW",1996-03-24,"apd","APD"
"396","08","BW",1996-03-24,"bueso","BÜSO"
"397","08","BW",1996-03-24,"dpd","DPD (1995)"
"398","08","BW",1996-03-24,"bgd","BGD"
"399","08","BW",1996-03-24,"cpd","CPD"
"400","08","BW",2001-03-25,"cdu","CDU"
"401","08","BW",2001-03-25,"spd","SPD"
"402","08","BW",2001-03-25,"fdp","FDP"
"403","08","BW",2001-03-25,"gruene","Grüne"
"404","08","BW",2001-03-25,"rep","Rep"
"405","08","BW",2001-03-25,"odp","ÖDP"
"406","08","BW",2001-03-25,"pbc","BündnisC"
"407","08","BW",2001-03-25,"tierschutz","Die Tierschutzpartei"
"408","08","BW",2001-03-25,"npd","NPD"
"409","08","BW",2001-03-25,"dkp","DKP"
"410","08","BW",2001-03-25,"graue","Graue"
"411","08","BW",2001-03-25,"bueso","BÜSO"
"412","08","BW",2001-03-25,"cm","CM"
"413","08","BW",2001-03-25,"familie","Familie"
"414","08","BW",2001-03-25,"cats","CATS"
"415","08","BW",2001-03-25,"rsb","RSB"
"416","08","BW",2006-03-26,"cdu","CDU"
"417","08","BW",2006-03-26,"spd","SPD"
"418","08","BW",2006-03-26,"gruene","Grüne"
"419","08","BW",2006-03-26,"fdp","FDP"
"420","08","BW",2006-03-26,"wasg","Linke"
"421","08","BW",2006-03-26,"rep","Rep"
"422","08","BW",2006-03-26,"npd","NPD"
"423","08","BW",2006-03-26,"pbc","BündnisC"
"424","08","BW",2006-03-26,"odp","ÖDP"
"425","08","BW",2006-03-26,"tierschutz","Die Tierschutzpartei"
"426","08","BW",2006-03-26,"adm","ADM"
"427","08","BW",2006-03-26,"graue","Graue"
"428","08","BW",2006-03-26,"einzelbewerber","Wgr./Einzelbew."
"429","08","BW",2006-03-26,"agfg","AGFG"
"430","08","BW",2006-03-26,"deutschland","AbJetzt"
"431","08","BW",2006-03-26,"die_partei","DiePartei"
"432","08","BW",2006-03-26,"unabhangige","UfBD"
"433","08","BW",2006-03-26,"zentrum","Zentrum"
"434","08","BW",2006-03-26,"dpp","DPP"
"435","08","BW",2006-03-26,"rsb","RSB"
"436","08","BW",2011-03-27,"cdu","CDU"
"437","08","BW",2011-03-27,"gruene","Grüne"
"438","08","BW",2011-03-27,"spd","SPD"
"439","08","BW",2011-03-27,"fdp","FDP"
"440","08","BW",2011-03-27,"linke_pds","Linke"
"441","08","BW",2011-03-27,"piraten","Piraten"
"442","08","BW",2011-03-27,"rep","Rep"
"443","08","BW",2011-03-27,"npd","NPD"
"444","08","BW",2011-03-27,"odp","ÖDP"
"445","08","BW",2011-03-27,"auf","AUF"
"446","08","BW",2011-03-27,"pbc","BündnisC"
"447","08","BW",2011-03-27,"big","BIG"
"448","08","BW",2011-03-27,"volksabstimmung","AbJetzt"
"449","08","BW",2011-03-27,"einzelbewerber","Wgr./Einzelbew."
"450","08","BW",2011-03-27,"violetten","Violetten"
"451","08","BW",2011-03-27,"familie","Familie"
"452","08","BW",2011-03-27,"die_partei","DiePartei"
"453","08","BW",2011-03-27,"bueso","BÜSO"
"454","08","BW",2011-03-27,"dkp","DKP"
"455","08","BW",2011-03-27,"rsb","RSB"
"456","08","BW",2016-03-13,"gruene","Grüne"
"457","08","BW",2016-03-13,"cdu","CDU"
"458","08","BW",2016-03-13,"afd","AfD"
"459","08","BW",2016-03-13,"spd","SPD"
"460","08","BW",2016-03-13,"fdp","FDP"
"461","08","BW",2016-03-13,"linke_pds","Linke"
"462","08","BW",2016-03-13,"alfa","LKR"
"463","08","BW",2016-03-13,"odp","ÖDP"
"464","08","BW",2016-03-13,"npd","NPD"
"465","08","BW",2016-03-13,"piraten","Piraten"
"466","08","BW",2016-03-13,"tierschutz","Die Tierschutzpartei"
"467","08","BW",2016-03-13,"rep","Rep"
"468","08","BW",2016-03-13,"die_partei","DiePartei"
"469","08","BW",2016-03-13,"freie_wahler","FW-BW"
"470","08","BW",2016-03-13,"einzelbewerber","Wgr./Einzelbew."
"471","08","BW",2016-03-13,"menschliche_welt","MenschlWelt"
"472","08","BW",2016-03-13,"die_rechte","Rechte"
"473","08","BW",2016-03-13,"bundnis_c","BündnisC"
"474","08","BW",2016-03-13,"tierschutzallianz","Tierschutzallianz"
"475","08","BW",2016-03-13,"die_einheit","Einheit"
"476","08","BW",2016-03-13,"bueso","BÜSO"
"477","08","BW",2016-03-13,"dkp","DKP"
"478","08","BW",2016-03-13,"arminius_bund","Arminius"
"479","08","BW",2021-03-14,"gruene","Grüne"
"480","08","BW",2021-03-14,"cdu","CDU"
"481","08","BW",2021-03-14,"spd","SPD"
"482","08","BW",2021-03-14,"fdp","FDP"
"483","08","BW",2021-03-14,"afd","AfD"
"484","08","BW",2021-03-14,"linke_pds","Linke"
"485","08","BW",2021-03-14,"freie_wahler","FW-BW"
"486","08","BW",2021-03-14,"die_partei","DiePartei"
"487","08","BW",2021-03-14,"diebasis","dieBasis"
"488","08","BW",2021-03-14,"klimaliste_bw","Klimaliste"
"489","08","BW",2021-03-14,"w2020","Wir2020"
"490","08","BW",2021-03-14,"odp","ÖDP"
"491","08","BW",2021-03-14,"volt","Volt"
"492","08","BW",2021-03-14,"einzelbewerber_innen","Wgr./Einzelbew."
"493","08","BW",2021-03-14,"bundnis_c","BündnisC"
"494","08","BW",2021-03-14,"piraten","Piraten"
"495","08","BW",2021-03-14,"dib","DIB"
"496","08","BW",2021-03-14,"die_humanisten","Die Humanisten"
"497","08","BW",2021-03-14,"menschliche_welt","MenschlWelt"
"498","08","BW",2021-03-14,"gesundheitsforschung","Gesundheitsforschung"
"499","08","BW",2021-03-14,"eine_fuer_alle_partei","EfAP"
"500","08","BW",2021-03-14,"dkp","DKP"
"501","09","BY",1946-12-01,"csu","CSU"
"502","09","BY",1946-12-01,"spd","SPD"
"503","09","BY",1946-12-01,"fdp","FDP"
"504","09","BY",1950-11-26,"spd","SPD"
"505","09","BY",1950-11-26,"csu","CSU"
"506","09","BY",1950-11-26,"fdp","FDP"
"507","09","BY",1954-11-28,"csu","CSU"
"508","09","BY",1954-11-28,"spd","SPD"
"509","09","BY",1954-11-28,"fdp","FDP"
"510","09","BY",1958-11-23,"csu","CSU"
"511","09","BY",1958-11-23,"spd","SPD"
"512","09","BY",1958-11-23,"fdp","FDP"
"513","09","BY",1962-11-25,"csu","CSU"
"514","09","BY",1962-11-25,"spd","SPD"
"515","09","BY",1962-11-25,"fdp","FDP"
"516","09","BY",1966-11-20,"csu","CSU"
"517","09","BY",1966-11-20,"spd","SPD"
"518","09","BY",1966-11-20,"fdp","FDP"
"519","09","BY",1970-11-22,"csu","CSU"
"520","09","BY",1970-11-22,"spd","SPD"
"521","09","BY",1970-11-22,"fdp","FDP"
"522","09","BY",1974-10-27,"csu","CSU"
"523","09","BY",1974-10-27,"spd","SPD"
"524","09","BY",1974-10-27,"fdp","FDP"
"525","09","BY",1978-10-15,"csu","CSU"
"526","09","BY",1978-10-15,"spd","SPD"
"527","09","BY",1978-10-15,"fdp","FDP"
"528","09","BY",1982-10-10,"csu","CSU"
"529","09","BY",1982-10-10,"spd","SPD"
"530","09","BY",1982-10-10,"gruene","Grüne"
"531","09","BY",1982-10-10,"fdp","FDP"
"532","09","BY",1986-10-12,"csu","CSU"
"533","09","BY",1986-10-12,"spd","SPD"
"534","09","BY",1986-10-12,"gruene","Grüne"
"535","09","BY",1986-10-12,"fdp","FDP"
"536","09","BY",1990-10-14,"csu","CSU"
"537","09","BY",1990-10-14,"spd","SPD"
"538","09","BY",1990-10-14,"gruene","Grüne"
"539","09","BY",1990-10-14,"fdp","FDP"
"540","09","BY",1994-09-25,"bayernpartei_bp","BP"
"541","09","BY",1994-09-25,"bund_freier_buerger_offensive_fuer_deutschland_die_freiheitlichen","BFB"
"542","09","BY",1994-09-25,"christliche_liga_die_partei_fuer_das_leben_liga","CHRLiga"
"543","09","BY",1994-09-25,"csu","CSU"
"544","09","BY",1994-09-25,"die_republikaner_rep","Rep"
"545","09","BY",1994-09-25,"fdp","FDP"
"546","09","BY",1994-09-25,"gruene","Grüne"
"547","09","BY",1994-09-25,"odp","ÖDP"
"548","09","BY",1994-09-25,"spd","SPD"
"549","09","BY",1994-09-25,"die_heimat_heimat","NPD"
"550","09","BY",1994-09-25,"naturgesetz","Naturgesetz"
"551","09","BY",1994-09-25,"freie_buerger_union_fbu","FBU"
"552","09","BY",1994-09-25,"partei_deutscher_demokraten_pdd","PDD"
"553","09","BY",1994-09-25,"partei_freie_waehler","FW-BY"
"554","09","BY",1994-09-25,"statt_partei","STATT"
"555","09","BY",1998-09-13,"automobile_steuerzahler_partei_asp","AStP"
"556","09","BY",1998-09-13,"bayernpartei_bp","BP"
"557","09","BY",1998-09-13,"bund_freier_buerger_offensive_fuer_deutschland_die_freiheitlichen","BFB"
"558","09","BY",1998-09-13,"csu","CSU"
"559","09","BY",1998-09-13,"die_6_partei_jugend_frauenliste_6_partei","6P"
"560","09","BY",1998-09-13,"die_republikaner_rep","Rep"
"561","09","BY",1998-09-13,"fdp","FDP"
"562","09","BY",1998-09-13,"freie_buerger_union_fbu","FBU"
"563","09","BY",1998-09-13,"freie_wahler","FW-BY"
"564","09","BY",1998-09-13,"gruene","Grüne"
"565","09","BY",1998-09-13,"humanistische_partei_hp","HP"
"566","09","BY",1998-09-13,"naturgesetz","Naturgesetz"
"567","09","BY",1998-09-13,"odp","ÖDP"
"568","09","BY",1998-09-13,"pbc","BündnisC"
"569","09","BY",1998-09-13,"spd","SPD"
"570","09","BY",1998-09-13,"die_heimat_heimat","NPD"
"571","09","BY",1998-09-13,"landeswaehlergruppe_der_franken_freie_franken","FreieFranken"
"572","09","BY",1998-09-13,"dkp","DKP"
"573","09","BY",1998-09-13,"statt_partei","STATT"
"574","09","BY",2003-09-21,"aufbruch","Aufbruch"
"575","09","BY",2003-09-21,"bayernpartei_bp","BP"
"576","09","BY",2003-09-21,"buerger_block_e_v_bb","Bürgerblock"
"577","09","BY",2003-09-21,"bueso","BÜSO"
"578","09","BY",2003-09-21,"csu","CSU"
"579","09","BY",2003-09-21,"die_republikaner_rep","Rep"
"580","09","BY",2003-09-21,"fdp","FDP"
"581","09","BY",2003-09-21,"freie_wahler","FW-BY"
"582","09","BY",2003-09-21,"gruene","Grüne"
"583","09","BY",2003-09-21,"odp","ÖDP"
"584","09","BY",2003-09-21,"pbc","BündnisC"
"585","09","BY",2003-09-21,"spd","SPD"
"586","09","BY",2003-09-21,"landeswaehlergruppe_der_franken_freie_franken","FreieFranken"
"587","09","BY",2003-09-21,"buergeraktion_unabh_kandidaten_z_aufstellung_v_unabh_direktkandidaten","UfBD"
"588","09","BY",2008-09-28,"bayernpartei_bp","BP"
"589","09","BY",2008-09-28,"bueso","BÜSO"
"590","09","BY",2008-09-28,"csu","CSU"
"591","09","BY",2008-09-28,"die_heimat_heimat","NPD"
"592","09","BY",2008-09-28,"die_republikaner_rep","Rep"
"593","09","BY",2008-09-28,"fdp","FDP"
"594","09","BY",2008-09-28,"freie_wahler","FW-BY"
"595","09","BY",2008-09-28,"gruene","Grüne"
"596","09","BY",2008-09-28,"linke_pds","Linke"
"597","09","BY",2008-09-28,"odp","ÖDP"
"598","09","BY",2008-09-28,"spd","SPD"
"599","09","BY",2008-09-28,"violetten","Violetten"
"600","09","BY",2008-09-28,"buendnis_21_rrp","Bündnis21/RRP"
"601","09","BY",2008-09-28,"buerger_block_e_v_bb","Bürgerblock"
"602","09","BY",2013-09-15,"bayernpartei_bp","BP"
"603","09","BY",2013-09-15,"buergerrechtspartei_fuer_mehr_freiheit_und_demokratie_die_freiheit","DieFreiheit"
"604","09","BY",2013-09-15,"bueso","BÜSO"
"605","09","BY",2013-09-15,"csu","CSU"
"606","09","BY",2013-09-15,"die_republikaner_rep","Rep"
"607","09","BY",2013-09-15,"fdp","FDP"
"608","09","BY",2013-09-15,"freie_wahler","FW-BY"
"609","09","BY",2013-09-15,"gruene","Grüne"
"610","09","BY",2013-09-15,"linke_pds","Linke"
"611","09","BY",2013-09-15,"odp","ÖDP"
"612","09","BY",2013-09-15,"piraten","Piraten"
"613","09","BY",2013-09-15,"spd","SPD"
"614","09","BY",2013-09-15,"die_heimat_heimat","NPD"
"615","09","BY",2013-09-15,"frauenliste_bayern_e_v","FrauenlisteBayern"
"616","09","BY",2013-09-15,"partei_fuer_franken_die_franken","DieFranken"
"617","09","BY",2018-10-14,"csu","CSU"
"618","09","BY",2018-10-14,"gruene","Grüne"
"619","09","BY",2018-10-14,"freie_wahler","FW-BY"
"620","09","BY",2018-10-14,"afd","AfD"
"621","09","BY",2018-10-14,"spd","SPD"
"622","09","BY",2018-10-14,"fdp","FDP"
"623","09","BY",2018-10-14,"linke_pds","Linke"
"624","09","BY",2018-10-14,"bp","BP"
"625","09","BY",2018-10-14,"odp","ÖDP"
"626","09","BY",2018-10-14,"piraten","Piraten"
"627","09","BY",2018-10-14,"die_partei","DiePartei"
"628","09","BY",2018-10-14,"mut","mut"
"629","09","BY",2018-10-14,"tierschutz","Die Tierschutzpartei"
"630","09","BY",2018-10-14,"v_partei3","VPartei3"
"631","09","BY",2018-10-14,"franken","DieFranken"
"632","09","BY",2018-10-14,"gesundheitsforschung","Gesundheitsforschung"
"633","09","BY",2018-10-14,"die_humanisten","Die Humanisten"
"634","09","BY",2018-10-14,"lkr","LKR"
"635","09","BY",2023-10-08,"csu","CSU"
"636","09","BY",2023-10-08,"freie_wahler","FW-BY"
"637","09","BY",2023-10-08,"afd","AfD"
"638","09","BY",2023-10-08,"gruene","Grüne"
"639","09","BY",2023-10-08,"spd","SPD"
"640","09","BY",2023-10-08,"fdp","FDP"
"641","09","BY",2023-10-08,"odp","ÖDP"
"642","09","BY",2023-10-08,"linke_pds","Linke"
"643","09","BY",2023-10-08,"bp","BP"
"644","09","BY",2023-10-08,"diebasis","dieBasis"
"645","09","BY",2023-10-08,"tierschutz","Die Tierschutzpartei"
"646","09","BY",2023-10-08,"die_partei","DiePartei"
"647","09","BY",2023-10-08,"volt","Volt"
"648","09","BY",2023-10-08,"v_partei3","VPartei3"
"649","09","BY",2023-10-08,"pdh","Die Humanisten"
"650","04","HB",1946-10-13,"bdv","FDP"
"651","04","HB",1946-10-13,"cdu","CDU"
"652","04","HB",1946-10-13,"kpd","KPD (1919)"
"653","04","HB",1946-10-13,"spd","SPD"
"654","04","HB",1946-10-13,"unabhangige","Wgr./Einzelbew."
"655","04","HB",1947-10-12,"bdv","BDV"
"656","04","HB",1947-10-12,"cdu","CDU"
"657","04","HB",1947-10-12,"dp","DP"
"658","04","HB",1947-10-12,"fdp","FDP"
"659","04","HB",1947-10-12,"kpd","KPD"
"660","04","HB",1947-10-12,"rsf","Humanwirtschaft"
"661","04","HB",1947-10-12,"spd","SPD"
"662","04","HB",1951-10-07,"bhe","GB/BHE"
"663","04","HB",1951-10-07,"cdu","CDU"
"664","04","HB",1951-10-07,"dp","DP"
"665","04","HB",1951-10-07,"fdp","FDP"
"666","04","HB",1951-10-07,"fsu","Humanwirtschaft"
"667","04","HB",1951-10-07,"kpd","KPD (1919)"
"668","04","HB",1951-10-07,"spd","SPD"
"669","04","HB",1951-10-07,"srp","SRP"
"670","04","HB",1955-10-09,"cdu","CDU"
"671","04","HB",1955-10-09,"dp","DP"
"672","04","HB",1955-10-09,"fdp","FDP"
"673","04","HB",1955-10-09,"kpd","KPD (1919)"
"674","04","HB",1955-10-09,"spd","SPD"
"675","04","HB",1959-10-11,"cdu","CDU"
"676","04","HB",1959-10-11,"dp","DP"
"677","04","HB",1959-10-11,"drp","DRP"
"678","04","HB",1959-10-11,"fdp","FDP"
"679","04","HB",1959-10-11,"spd","SPD"
"680","04","HB",1963-09-29,"cdu","CDU"
"681","04","HB",1963-09-29,"dfu","DFU"
"682","04","HB",1963-09-29,"dp","DP"
"683","04","HB",1963-09-29,"fdp","FDP"
"684","04","HB",1963-09-29,"spd","SPD"
"685","04","HB",1963-09-29,"gdp","GDP"
"686","04","HB",1967-10-01,"cdu","CDU"
"687","04","HB",1967-10-01,"dfu","DFU"
"688","04","HB",1967-10-01,"dp","DP"
"689","04","HB",1967-10-01,"fdp","FDP"
"690","04","HB",1967-10-01,"npd","NPD"
"691","04","HB",1967-10-01,"spd","SPD"
"692","04","HB",1971-10-10,"cdu","CDU"
"693","04","HB",1971-10-10,"dkp","DKP"
"694","04","HB",1971-10-10,"fdp","FDP"
"695","04","HB",1971-10-10,"npd","NPD"
"696","04","HB",1971-10-10,"spd","SPD"
"697","04","HB",1975-10-12,"cdu","CDU"
"698","04","HB",1975-10-12,"dkp","DKP"
"699","04","HB",1975-10-12,"fdp","FDP"
"700","04","HB",1975-10-12,"npd","NPD"
"701","04","HB",1975-10-12,"spd","SPD"
"702","04","HB",1979-10-07,"cdu","CDU"
"703","04","HB",1979-10-07,"dkp","DKP"
"704","04","HB",1979-10-07,"fdp","FDP"
"705","04","HB",1979-10-07,"gruene","Grüne"
"706","04","HB",1979-10-07,"spd","SPD"
"707","04","HB",1983-09-25,"cdu","CDU"
"708","04","HB",1983-09-25,"fdp","FDP"
"709","04","HB",1983-09-25,"gruene","Grüne"
"710","04","HB",1983-09-25,"spd","SPD"
"711","04","HB",1987-09-13,"cdu","CDU"
"712","04","HB",1987-09-13,"fdp","FDP"
"713","04","HB",1987-09-13,"gruene","Grüne"
"714","04","HB",1987-09-13,"liste_d","DVU"
"715","04","HB",1987-09-13,"spd","SPD"
"716","04","HB",1991-09-29,"cdu","CDU"
"717","04","HB",1991-09-29,"dvu","DVU"
"718","04","HB",1991-09-29,"fdp","FDP"
"719","04","HB",1991-09-29,"gruene","Grüne"
"720","04","HB",1991-09-29,"rep","Rep"
"721","04","HB",1991-09-29,"spd","SPD"
"722","04","HB",1995-05-14,"afb","AFB"
"723","04","HB",1995-05-14,"cdu","CDU"
"724","04","HB",1995-05-14,"dvu","DVU"
"725","04","HB",1995-05-14,"fdp","FDP"
"726","04","HB",1995-05-14,"gruene","Grüne"
"727","04","HB",1995-05-14,"spd","SPD"
"728","04","HB",1999-06-06,"spd","SPD"
"729","04","HB",1999-06-06,"cdu","CDU"
"730","04","HB",1999-06-06,"gruene","Grüne"
"731","04","HB",1999-06-06,"linke_pds","Linke"
"732","04","HB",1999-06-06,"fdp","FDP"
"733","04","HB",2003-05-25,"spd","SPD"
"734","04","HB",2003-05-25,"cdu","CDU"
"735","04","HB",2003-05-25,"gruene","Grüne"
"736","04","HB",2003-05-25,"fdp","FDP"
"737","04","HB",2003-05-25,"linke_pds","Linke"
"738","04","HB",2007-05-13,"spd","SPD"
"739","04","HB",2007-05-13,"cdu","CDU"
"740","04","HB",2007-05-13,"gruene","Grüne"
"741","04","HB",2007-05-13,"linke_pds","Linke"
"742","04","HB",2007-05-13,"fdp","FDP"
"743","04","HB",2011-05-22,"spd","SPD"
"744","04","HB",2011-05-22,"gruene","Grüne"
"745","04","HB",2011-05-22,"cdu","CDU"
"746","04","HB",2011-05-22,"linke_pds","Linke"
"747","04","HB",2011-05-22,"biw","BIW"
"748","04","HB",2011-05-22,"fdp","FDP"
"749","04","HB",2015-05-10,"spd","SPD"
"750","04","HB",2015-05-10,"cdu","CDU"
"751","04","HB",2015-05-10,"gruene","Grüne"
"752","04","HB",2015-05-10,"linke_pds","Linke"
"753","04","HB",2015-05-10,"fdp","FDP"
"754","04","HB",2015-05-10,"afd","AfD"
"755","04","HB",2019-05-26,"cdu","CDU"
"756","04","HB",2019-05-26,"spd","SPD"
"757","04","HB",2019-05-26,"gruene","Grüne"
"758","04","HB",2019-05-26,"linke_pds","Linke"
"759","04","HB",2019-05-26,"afd","AfD"
"760","04","HB",2019-05-26,"fdp","FDP"
"761","04","HB",2023-05-14,"spd","SPD"
"762","04","HB",2023-05-14,"cdu","CDU"
"763","04","HB",2023-05-14,"gruene","Grüne"
"764","04","HB",2023-05-14,"linke_pds","Linke"
"765","04","HB",2023-05-14,"biw","BIW"
"766","04","HB",2023-05-14,"fdp","FDP"
"767","04","HB",2023-05-14,"volt","Volt"
"768","04","HB",2023-05-14,"tierschutz","Die Tierschutzpartei"
"769","04","HB",2023-05-14,"die_partei","DiePartei"
"770","04","HB",2023-05-14,"diebasis","dieBasis"
"771","04","HB",2023-05-14,"mera25","MERA25"
"772","04","HB",2023-05-14,"odp","ÖDP"
"773","04","HB",2023-05-14,"gfa","GFA"
"774","04","HB",2023-05-14,"piraten","Piraten"
"775","04","HB",2023-05-14,"mlpd","MLPD"
"776","04","HB",2023-05-14,"verjuengungsforschung","Gesundheitsforschung"
"777","06","HE",1946-12-01,"spd","SPD"
"778","06","HE",1946-12-01,"cdu","CDU"
"779","06","HE",1946-12-01,"ldp","FDP"
"780","06","HE",1946-12-01,"kpd","KPD (1919)"
"781","06","HE",1950-11-19,"spd","SPD"
"782","06","HE",1950-11-19,"fdp","FDP"
"783","06","HE",1950-11-19,"cdu","CDU"
"784","06","HE",1950-11-19,"kpd","KPD (1919)"
"785","06","HE",1950-11-19,"ndp_drp","DRP"
"786","06","HE",1950-11-19,"hb_u_lvp","HBuLVP"
"787","06","HE",1950-11-19,"bve","BVE"
"788","06","HE",1954-11-28,"spd","SPD"
"789","06","HE",1954-11-28,"cdu","CDU"
"790","06","HE",1954-11-28,"fdp","FDP"
"791","06","HE",1954-11-28,"gb_bhe","GB/BHE"
"792","06","HE",1954-11-28,"kpd","KPD (1919)"
"793","06","HE",1954-11-28,"dp","DP"
"794","06","HE",1954-11-28,"bdd","BDD"
"795","06","HE",1954-11-28,"freie_opposition","FO"
"796","06","HE",1958-11-23,"spd","SPD"
"797","06","HE",1958-11-23,"cdu","CDU"
"798","06","HE",1958-11-23,"fdp","FDP"
"799","06","HE",1958-11-23,"gb_bhe","GB/BHE"
"800","06","HE",1958-11-23,"dp","DP"
"801","06","HE",1958-11-23,"drp","DRP"
"802","06","HE",1958-11-23,"dg","DG"
"803","06","HE",1958-11-23,"dg_oder_dvp","DVP (1957)"
"804","06","HE",1962-11-11,"spd","SPD"
"805","06","HE",1962-11-11,"cdu","CDU"
"806","06","HE",1962-11-11,"fdp","FDP"
"807","06","HE",1962-11-11,"gdpbhe","GDP"
"808","06","HE",1962-11-11,"dfu","DFU"
"809","06","HE",1962-11-11,"fsp","FSP"
"810","06","HE",1962-11-11,"dg","DG"
"811","06","HE",1966-11-06,"spd","SPD"
"812","06","HE",1966-11-06,"cdu","CDU"
"813","06","HE",1966-11-06,"fdp","FDP"
"814","06","HE",1966-11-06,"npd","NPD"
"815","06","HE",1966-11-06,"gpdbhe","GDP"
"816","06","HE",1970-11-08,"spd","SPD"
"817","06","HE",1970-11-08,"cdu","CDU"
"818","06","HE",1970-11-08,"fdp","FDP"
"819","06","HE",1970-11-08,"npd","NPD"
"820","06","HE",1970-11-08,"dkp","DKP"
"821","06","HE",1970-11-08,"ep","EFP"
"822","06","HE",1974-10-27,"cdu","CDU"
"823","06","HE",1974-10-27,"spd","SPD"
"824","06","HE",1974-10-27,"fdp","FDP"
"825","06","HE",1974-10-27,"npd","NPD"
"826","06","HE",1974-10-27,"dkp","DKP"
"827","06","HE",1974-10-27,"kpd","KPD (1970)"
"828","06","HE",1974-10-27,"kbw","KBW"
"829","06","HE",1974-10-27,"bdk","BDK"
"830","06","HE",1974-10-27,"elc","BÜSO"
"831","06","HE",1978-10-08,"cdu","CDU"
"832","06","HE",1978-10-08,"spd","SPD"
"833","06","HE",1978-10-08,"fdp","FDP"
"834","06","HE",1978-10-08,"glh","Grüne"
"835","06","HE",1978-10-08,"gaz","ÖDP"
"836","06","HE",1978-10-08,"dkp","DKP"
"837","06","HE",1978-10-08,"npd","NPD"
"838","06","HE",1978-10-08,"freie_wahler","FW-HE"
"839","06","HE",1978-10-08,"kbw","KBW"
"840","06","HE",1978-10-08,"eap","BÜSO"
"841","06","HE",1978-10-08,"glu","GLU (HE1978)"
"842","06","HE",1978-10-08,"g","G"
"843","06","HE",1978-10-08,"avp","AVP"
"844","06","HE",1982-09-26,"cdu","CDU"
"845","06","HE",1982-09-26,"spd","SPD"
"846","06","HE",1982-09-26,"gruene","Grüne"
"847","06","HE",1982-09-26,"fdp","FDP"
"848","06","HE",1982-09-26,"dkp","DKP"
"849","06","HE",1982-09-26,"eap","BÜSO"
"850","06","HE",1983-09-25,"spd","SPD"
"851","06","HE",1983-09-25,"cdu","CDU"
"852","06","HE",1983-09-25,"fdp","FDP"
"853","06","HE",1983-09-25,"gruene","Grüne"
"854","06","HE",1983-09-25,"ld","LD"
"855","06","HE",1983-09-25,"dkp","DKP"
"856","06","HE",1983-09-25,"ds","DS"
"857","06","HE",1983-09-25,"eap","BÜSO"
"858","06","HE",1983-09-25,"aar","AktionAusländerrueckfuehrung"
"859","06","HE",1983-09-25,"bsa","PSG"
"860","06","HE",1987-04-05,"cdu","CDU"
"861","06","HE",1987-04-05,"spd","SPD"
"862","06","HE",1987-04-05,"gruene","Grüne"
"863","06","HE",1987-04-05,"fdp","FDP"
"864","06","HE",1987-04-05,"dkp","DKP"
"865","06","HE",1987-04-05,"odp","ÖDP"
"866","06","HE",1987-04-05,"frauen","DieFrauen"
"867","06","HE",1987-04-05,"ungueltig","UngüLtiG"
"868","06","HE",1987-04-05,"bunte","Bunte"
"869","06","HE",1987-04-05,"muendige_buerger","MündigeBürger"
"870","06","HE",1987-04-05,"oeko","Öko"
"871","06","HE",1991-01-20,"spd","SPD"
"872","06","HE",1991-01-20,"cdu","CDU"
"873","06","HE",1991-01-20,"gruene","Grüne"
"874","06","HE",1991-01-20,"fdp","FDP"
"875","06","HE",1991-01-20,"rep","Rep"
"876","06","HE",1991-01-20,"odp","ÖDP"
"877","06","HE",1991-01-20,"pbc","BündnisC"
"878","06","HE",1995-02-19,"cdu","CDU"
"879","06","HE",1995-02-19,"spd","SPD"
"880","06","HE",1995-02-19,"gruene","Grüne"
"881","06","HE",1995-02-19,"fdp","FDP"
"882","06","HE",1995-02-19,"rep","Rep"
"883","06","HE",1995-02-19,"graue","Graue"
"884","06","HE",1995-02-19,"bfb","BFB"
"885","06","HE",1995-02-19,"npd","NPD"
"886","06","HE",1995-02-19,"pbc","BündnisC"
"887","06","HE",1995-02-19,"apd","APD"
"888","06","HE",1995-02-19,"odp","ÖDP"
"889","06","HE",1995-02-19,"statt_partei","STATT"
"890","06","HE",1995-02-19,"naturgesetz","Naturgesetz"
"891","06","HE",1995-02-19,"dkp","DKP"
"892","06","HE",1995-02-19,"f_nep","fNEP"
"893","06","HE",1995-02-19,"dhp","DHP"
"894","06","HE",1995-02-19,"bueso","BÜSO"
"895","06","HE",1999-02-07,"cdu","CDU"
"896","06","HE",1999-02-07,"spd","SPD"
"897","06","HE",1999-02-07,"gruene","Grüne"
"898","06","HE",1999-02-07,"fdp","FDP"
"899","06","HE",1999-02-07,"rep","Rep"
"900","06","HE",1999-02-07,"tierschutz","Die Tierschutzpartei"
"901","06","HE",1999-02-07,"bfb_die_offensive","BFB"
"902","06","HE",1999-02-07,"freie_wahler","FW-HE"
"903","06","HE",1999-02-07,"die_frauen","DieFrauen"
"904","06","HE",1999-02-07,"npd","NPD"
"905","06","HE",1999-02-07,"pbc","BündnisC"
"906","06","HE",1999-02-07,"dkp","DKP"
"907","06","HE",1999-02-07,"naturgesetz","Naturgesetz"
"908","06","HE",1999-02-07,"odp","ÖDP"
"909","06","HE",1999-02-07,"pass","PASS"
"910","06","HE",1999-02-07,"bueso","BÜSO"
"911","06","HE",1999-02-07,"dhp","DHP"
"912","06","HE",2003-02-02,"cdu","CDU"
"913","06","HE",2003-02-02,"spd","SPD"
"914","06","HE",2003-02-02,"gruene","Grüne"
"915","06","HE",2003-02-02,"fdp","FDP"
"916","06","HE",2003-02-02,"rep","Rep"
"917","06","HE",2003-02-02,"tierschutz","Die Tierschutzpartei"
"918","06","HE",2003-02-02,"fag_hessen","FAGHessen"
"919","06","HE",2003-02-02,"schill","PRO (Schill)"
"920","06","HE",2003-02-02,"die_frauen","DieFrauen"
"921","06","HE",2003-02-02,"pbc","BündnisC"
"922","06","HE",2003-02-02,"dkp","DKP"
"923","06","HE",2003-02-02,"odp","ÖDP"
"924","06","HE",2003-02-02,"bueso","BÜSO"
"925","06","HE",2003-02-02,"psg","PSG"
"926","06","HE",2008-01-27,"cdu","CDU"
"927","06","HE",2008-01-27,"spd","SPD"
"928","06","HE",2008-01-27,"fdp","FDP"
"929","06","HE",2008-01-27,"gruene","Grüne"
"930","06","HE",2008-01-27,"linke_pds","Linke"
"931","06","HE",2008-01-27,"rep","Rep"
"932","06","HE",2008-01-27,"freie_wahler","FW-HE"
"933","06","HE",2008-01-27,"npd","NPD"
"934","06","HE",2008-01-27,"tierschutz","Die Tierschutzpartei"
"935","06","HE",2008-01-27,"familie","Familie"
"936","06","HE",2008-01-27,"piraten","Piraten"
"937","06","HE",2008-01-27,"graue","Graue"
"938","06","HE",2008-01-27,"volksabstimmung","AbJetzt"
"939","06","HE",2008-01-27,"violetten","Violetten"
"940","06","HE",2008-01-27,"ub","UBPol"
"941","06","HE",2008-01-27,"bueso","BÜSO"
"942","06","HE",2008-01-27,"psg","PSG"
"943","06","HE",2009-01-18,"cdu","CDU"
"944","06","HE",2009-01-18,"spd","SPD"
"945","06","HE",2009-01-18,"fdp","FDP"
"946","06","HE",2009-01-18,"gruene","Grüne"
"947","06","HE",2009-01-18,"linke_pds","Linke"
"948","06","HE",2009-01-18,"freie_wahler","FW-HE"
"949","06","HE",2009-01-18,"npd","NPD"
"950","06","HE",2009-01-18,"rep","Rep"
"951","06","HE",2009-01-18,"piraten","Piraten"
"952","06","HE",2009-01-18,"bueso","BÜSO"
"953","06","HE",2013-09-22,"cdu","CDU"
"954","06","HE",2013-09-22,"spd","SPD"
"955","06","HE",2013-09-22,"gruene","Grüne"
"956","06","HE",2013-09-22,"linke_pds","Linke"
"957","06","HE",2013-09-22,"fdp","FDP"
"958","06","HE",2013-09-22,"afd","AfD"
"959","06","HE",2013-09-22,"piraten","Piraten"
"960","06","HE",2013-09-22,"freie_wahler","FW-HE"
"961","06","HE",2013-09-22,"npd","NPD"
"962","06","HE",2013-09-22,"die_partei","DiePartei"
"963","06","HE",2013-09-22,"rep","Rep"
"964","06","HE",2013-09-22,"add","Add"
"965","06","HE",2013-09-22,"odp","ÖDP"
"966","06","HE",2013-09-22,"agp","Graue"
"967","06","HE",2013-09-22,"avip","AVIP"
"968","06","HE",2013-09-22,"lupe","LUPe"
"969","06","HE",2013-09-22,"bueso","BÜSO"
"970","06","HE",2013-09-22,"psg","PSG"
"971","06","HE",2018-10-28,"cdu","CDU"
"972","06","HE",2018-10-28,"gruene","Grüne"
"973","06","HE",2018-10-28,"spd","SPD"
"974","06","HE",2018-10-28,"afd","AfD"
"975","06","HE",2018-10-28,"fdp","FDP"
"976","06","HE",2018-10-28,"linke_pds","Linke"
"977","06","HE",2018-10-28,"freie_wahler","FW-HE"
"978","06","HE",2018-10-28,"tierschutz","Die Tierschutzpartei"
"979","06","HE",2018-10-28,"die_partei","DiePartei"
"980","06","HE",2018-10-28,"piraten","Piraten"
"981","06","HE",2018-10-28,"odp","ÖDP"
"982","06","HE",2018-10-28,"npd","NPD"
"983","06","HE",2018-10-28,"graue","Graue"
"984","06","HE",2018-10-28,"bundnis_c","BündnisC"
"985","06","HE",2018-10-28,"gesundheitsforschung","Gesundheitsforschung"
"986","06","HE",2018-10-28,"v_partei3","VPartei3"
"987","06","HE",2018-10-28,"bge","BGE"
"988","06","HE",2018-10-28,"ad_demokraten","AD-Demokraten"
"989","06","HE",2018-10-28,"die_humanisten","Die Humanisten"
"990","06","HE",2018-10-28,"violetten","Violetten"
"991","06","HE",2018-10-28,"menschliche_welt","MenschlWelt"
"992","06","HE",2018-10-28,"lkr","LKR"
"993","06","HE",2018-10-28,"bueso","BÜSO"
"994","06","HE",2023-10-08,"cdu","CDU"
"995","06","HE",2023-10-08,"afd","AfD"
"996","06","HE",2023-10-08,"spd","SPD"
"997","06","HE",2023-10-08,"gruene","Grüne"
"998","06","HE",2023-10-08,"fdp","FDP"
"999","06","HE",2023-10-08,"freie_wahler","FW-HE"
"1000","06","HE",2023-10-08,"linke_pds","Linke"
"1001","06","HE",2023-10-08,"tierschutz","Die Tierschutzpartei"
"1002","06","HE",2023-10-08,"volt","Volt"
"1003","06","HE",2023-10-08,"die_partei","DiePartei"
"1004","06","HE",2023-10-08,"diebasis","dieBasis"
"1005","06","HE",2023-10-08,"v_partei3","VPartei3"
"1006","06","HE",2023-10-08,"piraten","Piraten"
"1007","06","HE",2023-10-08,"klimaliste_waehlerl","WKH"
"1008","06","HE",2023-10-08,"odp","ÖDP"
"1009","06","HE",2023-10-08,"abg","ABG"
"1010","06","HE",2023-10-08,"pdh","Die Humanisten"
"1011","06","HE",2023-10-08,"dkp","DKP"
"1012","06","HE",2023-10-08,"appd","APPD"
"1013","06","HE",2023-10-08,"verjuengungsforschung","Gesundheitsforschung"
"1014","06","HE",2023-10-08,"die_neue_mitte","DNM"
"1015","02","HH",1966-03-27,"spd","SPD"
"1016","02","HH",1966-03-27,"cdu","CDU"
"1017","02","HH",1966-03-27,"fdp","FDP"
"1018","02","HH",1966-03-27,"npd","NPD"
"1019","02","HH",1966-03-27,"fsu","Humanwirtschaft"
"1020","02","HH",1966-03-27,"appd","APPD"
"1021","02","HH",1966-03-27,"bfb_die_offensive","BFB"
"1022","02","HH",1966-03-27,"bueso","BÜSO"
"1023","02","HH",1966-03-27,"die_partei","DiePartei"
"1024","02","HH",1966-03-27,"dp","DP"
"1025","02","HH",1966-03-27,"graue","Graue"
"1026","02","HH",1966-03-27,"gruene","Grüne"
"1027","02","HH",1966-03-27,"linke_pds","Linke"
"1028","02","HH",1966-03-27,"naturgesetz","Naturgesetz"
"1029","02","HH",1966-03-27,"odp","ÖDP"
"1030","02","HH",1966-03-27,"pbc","BündnisC"
"1031","02","HH",1966-03-27,"piraten","Piraten"
"1032","02","HH",1966-03-27,"rep","Rep"
"1033","02","HH",1966-03-27,"tierschutz","Die Tierschutzpartei"
"1034","02","HH",1966-03-27,"zentrum","Zentrum"
"1035","02","HH",1970-03-22,"spd","SPD"
"1036","02","HH",1970-03-22,"cdu","CDU"
"1037","02","HH",1970-03-22,"fdp","FDP"
"1038","02","HH",1970-03-22,"npd","NPD"
"1039","02","HH",1970-03-22,"dkp","DKP"
"1040","02","HH",1970-03-22,"ep","EFP"
"1041","02","HH",1970-03-22,"fsu","Humanwirtschaft"
"1042","02","HH",1970-03-22,"appd","APPD"
"1043","02","HH",1970-03-22,"bfb_die_offensive","BFB"
"1044","02","HH",1970-03-22,"bueso","BÜSO"
"1045","02","HH",1970-03-22,"die_partei","DiePartei"
"1046","02","HH",1970-03-22,"dp","DP"
"1047","02","HH",1970-03-22,"graue","Graue"
"1048","02","HH",1970-03-22,"gruene","Grüne"
"1049","02","HH",1970-03-22,"linke_pds","Linke"
"1050","02","HH",1970-03-22,"naturgesetz","Naturgesetz"
"1051","02","HH",1970-03-22,"odp","ÖDP"
"1052","02","HH",1970-03-22,"pbc","BündnisC"
"1053","02","HH",1970-03-22,"piraten","Piraten"
"1054","02","HH",1970-03-22,"rep","Rep"
"1055","02","HH",1970-03-22,"tierschutz","Die Tierschutzpartei"
"1056","02","HH",1970-03-22,"zentrum","Zentrum"
"1057","02","HH",1974-03-03,"spd","SPD"
"1058","02","HH",1974-03-03,"cdu","CDU"
"1059","02","HH",1974-03-03,"fdp","FDP"
"1060","02","HH",1974-03-03,"dkp","DKP"
"1061","02","HH",1974-03-03,"npd","NPD"
"1062","02","HH",1974-03-03,"kpd_ml","KPD/ML"
"1063","02","HH",1974-03-03,"dp","DP"
"1064","02","HH",1974-03-03,"efp","EFP"
"1065","02","HH",1974-03-03,"fsu","Humanwirtschaft"
"1066","02","HH",1974-03-03,"aud","AUD"
"1067","02","HH",1974-03-03,"appd","APPD"
"1068","02","HH",1974-03-03,"bfb_die_offensive","BFB"
"1069","02","HH",1974-03-03,"bueso","BÜSO"
"1070","02","HH",1974-03-03,"die_partei","DiePartei"
"1071","02","HH",1974-03-03,"graue","Graue"
"1072","02","HH",1974-03-03,"gruene","Grüne"
"1073","02","HH",1974-03-03,"linke_pds","Linke"
"1074","02","HH",1974-03-03,"naturgesetz","Naturgesetz"
"1075","02","HH",1974-03-03,"odp","ÖDP"
"1076","02","HH",1974-03-03,"pbc","BündnisC"
"1077","02","HH",1974-03-03,"piraten","Piraten"
"1078","02","HH",1974-03-03,"rep","Rep"
"1079","02","HH",1974-03-03,"tierschutz","Die Tierschutzpartei"
"1080","02","HH",1974-03-03,"zentrum","Zentrum"
"1081","02","HH",1978-06-04,"spd","SPD"
"1082","02","HH",1978-06-04,"cdu","CDU"
"1083","02","HH",1978-06-04,"fdp","FDP"
"1084","02","HH",1978-06-04,"bunte_liste","Grüne"
"1085","02","HH",1978-06-04,"glu","ÖDP"
"1086","02","HH",1978-06-04,"dkp","DKP"
"1087","02","HH",1978-06-04,"npd","NPD"
"1088","02","HH",1978-06-04,"kpd_ml","KPD/ML"
"1089","02","HH",1978-06-04,"kbw","KBW"
"1090","02","HH",1978-06-04,"aud","AUD"
"1091","02","HH",1978-06-04,"fsu","Humanwirtschaft"
"1092","02","HH",1978-06-04,"eap","BÜSO"
"1093","02","HH",1978-06-04,"appd","APPD"
"1094","02","HH",1978-06-04,"bfb_die_offensive","BFB"
"1095","02","HH",1978-06-04,"die_partei","DiePartei"
"1096","02","HH",1978-06-04,"dp","DP"
"1097","02","HH",1978-06-04,"graue","Graue"
"1098","02","HH",1978-06-04,"linke_pds","Linke"
"1099","02","HH",1978-06-04,"naturgesetz","Naturgesetz"
"1100","02","HH",1978-06-04,"pbc","BündnisC"
"1101","02","HH",1978-06-04,"piraten","Piraten"
"1102","02","HH",1978-06-04,"rep","Rep"
"1103","02","HH",1978-06-04,"tierschutz","Die Tierschutzpartei"
"1104","02","HH",1978-06-04,"zentrum","Zentrum"
"1105","02","HH",1982-06-06,"cdu","CDU"
"1106","02","HH",1982-06-06,"spd","SPD"
"1107","02","HH",1982-06-06,"gruene","Grüne"
"1108","02","HH",1982-06-06,"fdp","FDP"
"1109","02","HH",1982-06-06,"hla","HLA"
"1110","02","HH",1982-06-06,"dkp","DKP"
"1111","02","HH",1982-06-06,"odp","ÖDP"
"1112","02","HH",1982-06-06,"kpd","KPD/ML"
"1113","02","HH",1982-06-06,"efp","EFP"
"1114","02","HH",1982-06-06,"buergerpartei","BÜP"
"1115","02","HH",1982-06-06,"appd","APPD"
"1116","02","HH",1982-06-06,"bfb_die_offensive","BFB"
"1117","02","HH",1982-06-06,"bueso","BÜSO"
"1118","02","HH",1982-06-06,"die_partei","DiePartei"
"1119","02","HH",1982-06-06,"dp","DP"
"1120","02","HH",1982-06-06,"fsu","Humanwirtschaft"
"1121","02","HH",1982-06-06,"graue","Graue"
"1122","02","HH",1982-06-06,"linke_pds","Linke"
"1123","02","HH",1982-06-06,"naturgesetz","Naturgesetz"
"1124","02","HH",1982-06-06,"npd","NPD"
"1125","02","HH",1982-06-06,"pbc","BündnisC"
"1126","02","HH",1982-06-06,"piraten","Piraten"
"1127","02","HH",1982-06-06,"rep","Rep"
"1128","02","HH",1982-06-06,"tierschutz","Die Tierschutzpartei"
"1129","02","HH",1982-06-06,"zentrum","Zentrum"
"1130","02","HH",1982-12-19,"spd","SPD"
"1131","02","HH",1982-12-19,"cdu","CDU"
"1132","02","HH",1982-12-19,"gruene","Grüne"
"1133","02","HH",1982-12-19,"fdp","FDP"
"1134","02","HH",1982-12-19,"dkp","DKP"
"1135","02","HH",1982-12-19,"hla","HLA"
"1136","02","HH",1982-12-19,"fsu","Humanwirtschaft"
"1137","02","HH",1982-12-19,"eap","BÜSO"
"1138","02","HH",1982-12-19,"appd","APPD"
"1139","02","HH",1982-12-19,"bfb_die_offensive","BFB"
"1140","02","HH",1982-12-19,"bueso","BÜSO"
"1141","02","HH",1982-12-19,"die_partei","DiePartei"
"1142","02","HH",1982-12-19,"dp","DP"
"1143","02","HH",1982-12-19,"graue","Graue"
"1144","02","HH",1982-12-19,"linke_pds","Linke"
"1145","02","HH",1982-12-19,"naturgesetz","Naturgesetz"
"1146","02","HH",1982-12-19,"npd","NPD"
"1147","02","HH",1982-12-19,"odp","ÖDP"
"1148","02","HH",1982-12-19,"pbc","BündnisC"
"1149","02","HH",1982-12-19,"piraten","Piraten"
"1150","02","HH",1982-12-19,"rep","Rep"
"1151","02","HH",1982-12-19,"tierschutz","Die Tierschutzpartei"
"1152","02","HH",1982-12-19,"zentrum","Zentrum"
"1153","02","HH",1986-11-09,"cdu","CDU"
"1154","02","HH",1986-11-09,"spd","SPD"
"1155","02","HH",1986-11-09,"gruene","Grüne"
"1156","02","HH",1986-11-09,"fdp","FDP"
"1157","02","HH",1986-11-09,"hla","HLA"
"1158","02","HH",1986-11-09,"dkp","DKP"
"1159","02","HH",1986-11-09,"a_r_g_kardel","ARG"
"1160","02","HH",1986-11-09,"fap","FAP"
"1161","02","HH",1986-11-09,"efp","EFP"
"1162","02","HH",1986-11-09,"patrioten","BÜSO"
"1163","02","HH",1986-11-09,"fsu","Humanwirtschaft"
"1164","02","HH",1986-11-09,"bwk","BWK"
"1165","02","HH",1986-11-09,"appd","APPD"
"1166","02","HH",1986-11-09,"bfb_die_offensive","BFB"
"1167","02","HH",1986-11-09,"die_partei","DiePartei"
"1168","02","HH",1986-11-09,"dp","DP"
"1169","02","HH",1986-11-09,"graue","Graue"
"1170","02","HH",1986-11-09,"linke_pds","Linke"
"1171","02","HH",1986-11-09,"naturgesetz","Naturgesetz"
"1172","02","HH",1986-11-09,"npd","NPD"
"1173","02","HH",1986-11-09,"odp","ÖDP"
"1174","02","HH",1986-11-09,"pbc","BündnisC"
"1175","02","HH",1986-11-09,"piraten","Piraten"
"1176","02","HH",1986-11-09,"rep","Rep"
"1177","02","HH",1986-11-09,"tierschutz","Die Tierschutzpartei"
"1178","02","HH",1986-11-09,"zentrum","Zentrum"
"1179","02","HH",1987-05-17,"spd","SPD"
"1180","02","HH",1987-05-17,"cdu","CDU"
"1181","02","HH",1987-05-17,"gruene","Grüne"
"1182","02","HH",1987-05-17,"fdp","FDP"
"1183","02","HH",1987-05-17,"hla","HLA"
"1184","02","HH",1987-05-17,"frieden","Frieden"
"1185","02","HH",1987-05-17,"die_konservatlven","DDK"
"1186","02","HH",1987-05-17,"odp","ÖDP"
"1187","02","HH",1987-05-17,"efp","EFP"
"1188","02","HH",1987-05-17,"zentrum","Zentrum"
"1189","02","HH",1987-05-17,"appd","APPD"
"1190","02","HH",1987-05-17,"bfb_die_offensive","BFB"
"1191","02","HH",1987-05-17,"bueso","BÜSO"
"1192","02","HH",1987-05-17,"die_partei","DiePartei"
"1193","02","HH",1987-05-17,"dp","DP"
"1194","02","HH",1987-05-17,"fsu","Humanwirtschaft"
"1195","02","HH",1987-05-17,"graue","Graue"
"1196","02","HH",1987-05-17,"linke_pds","Linke"
"1197","02","HH",1987-05-17,"naturgesetz","Naturgesetz"
"1198","02","HH",1987-05-17,"npd","NPD"
"1199","02","HH",1987-05-17,"pbc","BündnisC"
"1200","02","HH",1987-05-17,"piraten","Piraten"
"1201","02","HH",1987-05-17,"rep","Rep"
"1202","02","HH",1987-05-17,"tierschutz","Die Tierschutzpartei"
"1203","02","HH",1991-06-02,"spd","SPD"
"1204","02","HH",1991-06-02,"cdu","CDU"
"1205","02","HH",1991-06-02,"gruene","Grüne"
"1206","02","HH",1991-06-02,"fdp","FDP"
"1207","02","HH",1991-06-02,"rep","Rep"
"1208","02","HH",1991-06-02,"graue","Graue"
"1209","02","HH",1991-06-02,"hla","HLA"
"1210","02","HH",1991-06-02,"al","AL"
"1211","02","HH",1991-06-02,"linke_pds","Linke"
"1212","02","HH",1991-06-02,"pbc","BündnisC"
"1213","02","HH",1991-06-02,"dkp","DKP"
"1214","02","HH",1991-06-02,"glueckliche_zukunft","GZ"
"1215","02","HH",1991-06-02,"nl","NL"
"1216","02","HH",1991-06-02,"cm","CM"
"1217","02","HH",1991-06-02,"rentner","RJ"
"1218","02","HH",1991-06-02,"wgh","WGH"
"1219","02","HH",1991-06-02,"fsu","Humanwirtschaft"
"1220","02","HH",1991-06-02,"appd","APPD"
"1221","02","HH",1991-06-02,"bfb_die_offensive","BFB"
"1222","02","HH",1991-06-02,"bueso","BÜSO"
"1223","02","HH",1991-06-02,"die_partei","DiePartei"
"1224","02","HH",1991-06-02,"dp","DP"
"1225","02","HH",1991-06-02,"naturgesetz","Naturgesetz"
"1226","02","HH",1991-06-02,"npd","NPD"
"1227","02","HH",1991-06-02,"odp","ÖDP"
"1228","02","HH",1991-06-02,"piraten","Piraten"
"1229","02","HH",1991-06-02,"tierschutz","Die Tierschutzpartei"
"1230","02","HH",1991-06-02,"zentrum","Zentrum"
"1231","02","HH",1993-09-19,"spd","SPD"
"1232","02","HH",1993-09-19,"cdu","CDU"
"1233","02","HH",1993-09-19,"gruene","Grüne"
"1234","02","HH",1993-09-19,"statt_partei","STATT"
"1235","02","HH",1993-09-19,"rep","Rep"
"1236","02","HH",1993-09-19,"fdp","FDP"
"1237","02","HH",1993-09-19,"dvu","DVU"
"1238","02","HH",1993-09-19,"graue","Graue"
"1239","02","HH",1993-09-19,"linke_pds","Linke"
"1240","02","HH",1993-09-19,"fuer_kinder","FürKinder"
"1241","02","HH",1993-09-19,"mut","Die Tierschutzpartei"
"1242","02","HH",1993-09-19,"naturgesetz","Naturgesetz"
"1243","02","HH",1993-09-19,"pbc","BündnisC"
"1244","02","HH",1993-09-19,"odp","ÖDP"
"1245","02","HH",1993-09-19,"dm","DMitte (HH)"
"1246","02","HH",1993-09-19,"nl","NL"
"1247","02","HH",1993-09-19,"vsp","VSP"
"1248","02","HH",1993-09-19,"slu_das_spektrum","SLU"
"1249","02","HH",1993-09-19,"appd","APPD"
"1250","02","HH",1993-09-19,"bfb_die_offensive","BFB"
"1251","02","HH",1993-09-19,"bueso","BÜSO"
"1252","02","HH",1993-09-19,"die_partei","DiePartei"
"1253","02","HH",1993-09-19,"dp","DP"
"1254","02","HH",1993-09-19,"fsu","Humanwirtschaft"
"1255","02","HH",1993-09-19,"npd","NPD"
"1256","02","HH",1993-09-19,"piraten","Piraten"
"1257","02","HH",1993-09-19,"zentrum","Zentrum"
"1258","02","HH",1997-09-21,"spd","SPD"
"1259","02","HH",1997-09-21,"cdu","CDU"
"1260","02","HH",1997-09-21,"gruene","Grüne"
"1261","02","HH",1997-09-21,"dvu","DVU"
"1262","02","HH",1997-09-21,"statt_partei","STATT"
"1263","02","HH",1997-09-21,"fdp","FDP"
"1264","02","HH",1997-09-21,"rep","Rep"
"1265","02","HH",1997-09-21,"bfb_die_offensive","BFB"
"1266","02","HH",1997-09-21,"graue","Graue"
"1267","02","HH",1997-09-21,"linke_pds","Linke"
"1268","02","HH",1997-09-21,"fuer_kinder","FürKinder"
"1269","02","HH",1997-09-21,"appd","APPD"
"1270","02","HH",1997-09-21,"tierschutz","Die Tierschutzpartei"
"1271","02","HH",1997-09-21,"udp","UDP"
"1272","02","HH",1997-09-21,"pbc","BündnisC"
"1273","02","HH",1997-09-21,"npd","NPD"
"1274","02","HH",1997-09-21,"big","BIG (HH 1997)"
"1275","02","HH",1997-09-21,"dja","DJA"
"1276","02","HH",1997-09-21,"naturgesetz","Naturgesetz"
"1277","02","HH",1997-09-21,"st_pauli","StPauli"
"1278","02","HH",1997-09-21,"odp","ÖDP"
"1279","02","HH",1997-09-21,"dp","DP"
"1280","02","HH",1997-09-21,"bueso","BÜSO"
"1281","02","HH",1997-09-21,"die_partei","DiePartei"
"1282","02","HH",1997-09-21,"fsu","Humanwirtschaft"
"1283","02","HH",1997-09-21,"piraten","Piraten"
"1284","02","HH",1997-09-21,"zentrum","Zentrum"
"1285","02","HH",2001-09-23,"spd","SPD"
"1286","02","HH",2001-09-23,"cdu","CDU"
"1287","02","HH",2001-09-23,"schill","PRO (Schill)"
"1288","02","HH",2001-09-23,"gruene","Grüne"
"1289","02","HH",2001-09-23,"fdp","FDP"
"1290","02","HH",2001-09-23,"regenbogen","Regenbogen"
"1291","02","HH",2001-09-23,"dvu","DVU"
"1292","02","HH",2001-09-23,"statt_partei","STATT"
"1293","02","HH",2001-09-23,"linke_pds","Linke"
"1294","02","HH",2001-09-23,"graue","Graue"
"1295","02","HH",2001-09-23,"familie","FamilienPower"
"1296","02","HH",2001-09-23,"pro_dm","Pro DM/Schill"
"1297","02","HH",2001-09-23,"pbc","BündnisC"
"1298","02","HH",2001-09-23,"rep","Rep"
"1299","02","HH",2001-09-23,"ploh","PLOH"
"1300","02","HH",2001-09-23,"fsu","Humanwirtschaft"
"1301","02","HH",2001-09-23,"appd","APPD"
"1302","02","HH",2001-09-23,"bfb_die_offensive","BFB"
"1303","02","HH",2001-09-23,"bueso","BÜSO"
"1304","02","HH",2001-09-23,"die_partei","DiePartei"
"1305","02","HH",2001-09-23,"dp","DP"
"1306","02","HH",2001-09-23,"naturgesetz","Naturgesetz"
"1307","02","HH",2001-09-23,"npd","NPD"
"1308","02","HH",2001-09-23,"odp","ÖDP"
"1309","02","HH",2001-09-23,"piraten","Piraten"
"1310","02","HH",2001-09-23,"tierschutz","Die Tierschutzpartei"
"1311","02","HH",2001-09-23,"zentrum","Zentrum"
"1312","02","HH",2004-02-29,"cdu","CDU"
"1313","02","HH",2004-02-29,"spd","SPD"
"1314","02","HH",2004-02-29,"gruene","Grüne"
"1315","02","HH",2004-02-29,"pro_dm_schill","Pro DM/Schill"
"1316","02","HH",2004-02-29,"fdp","FDP"
"1317","02","HH",2004-02-29,"regenbogen","Regenbogen"
"1318","02","HH",2004-02-29,"graue","Graue"
"1319","02","HH",2004-02-29,"offensive","PRO (Schill)"
"1320","02","HH",2004-02-29,"npd","NPD"
"1321","02","HH",2004-02-29,"pbc","BündnisC"
"1322","02","HH",2004-02-29,"frauen","DieFrauen"
"1323","02","HH",2004-02-29,"odp","ÖDP"
"1324","02","HH",2004-02-29,"buergerbund","DBB"
"1325","02","HH",2004-02-29,"soswasserturm_de","SOSwasserturm.de"
"1326","02","HH",2004-02-29,"appd","APPD"
"1327","02","HH",2004-02-29,"bfb_die_offensive","BFB"
"1328","02","HH",2004-02-29,"bueso","BÜSO"
"1329","02","HH",2004-02-29,"die_partei","DiePartei"
"1330","02","HH",2004-02-29,"dp","DP"
"1331","02","HH",2004-02-29,"fsu","Humanwirtschaft"
"1332","02","HH",2004-02-29,"linke_pds","Linke"
"1333","02","HH",2004-02-29,"naturgesetz","Naturgesetz"
"1334","02","HH",2004-02-29,"piraten","Piraten"
"1335","02","HH",2004-02-29,"rep","Rep"
"1336","02","HH",2004-02-29,"tierschutz","Die Tierschutzpartei"
"1337","02","HH",2004-02-29,"zentrum","Zentrum"
"1338","02","HH",2008-02-24,"cdu","CDU"
"1339","02","HH",2008-02-24,"spd","SPD"
"1340","02","HH",2008-02-24,"gruene","Grüne"
"1341","02","HH",2008-02-24,"linke_pds","Linke"
"1342","02","HH",2008-02-24,"fdp","FDP"
"1343","02","HH",2008-02-24,"dvu","DVU"
"1344","02","HH",2008-02-24,"kusch","Kusch"
"1345","02","HH",2008-02-24,"graue","Graue"
"1346","02","HH",2008-02-24,"die_partei","DiePartei"
"1347","02","HH",2008-02-24,"piraten","Piraten"
"1348","02","HH",2008-02-24,"agfg","AGFG"
"1349","02","HH",2008-02-24,"odp","ÖDP"
"1350","02","HH",2008-02-24,"pop","POP"
"1351","02","HH",2008-02-24,"zentrum","Zentrum"
"1352","02","HH",2008-02-24,"appd","APPD"
"1353","02","HH",2008-02-24,"bfb_die_offensive","BFB"
"1354","02","HH",2008-02-24,"bueso","BÜSO"
"1355","02","HH",2008-02-24,"dp","DP"
"1356","02","HH",2008-02-24,"fsu","Humanwirtschaft"
"1357","02","HH",2008-02-24,"naturgesetz","Naturgesetz"
"1358","02","HH",2008-02-24,"npd","NPD"
"1359","02","HH",2008-02-24,"pbc","BündnisC"
"1360","02","HH",2008-02-24,"rep","Rep"
"1361","02","HH",2008-02-24,"tierschutz","Die Tierschutzpartei"
"1362","02","HH",2011-02-20,"spd","SPD"
"1363","02","HH",2011-02-20,"cdu","CDU"
"1364","02","HH",2011-02-20,"gruene","Grüne"
"1365","02","HH",2011-02-20,"fdp","FDP"
"1366","02","HH",2011-02-20,"linke_pds","Linke"
"1367","02","HH",2011-02-20,"piraten","Piraten"
"1368","02","HH",2011-02-20,"npd","NPD"
"1369","02","HH",2011-02-20,"die_partei","DiePartei"
"1370","02","HH",2011-02-20,"freie_wahler","FW-HH"
"1371","02","HH",2011-02-20,"rentner","Rentner"
"1372","02","HH",2011-02-20,"odp","ÖDP"
"1373","02","HH",2011-02-20,"bue_mi","Bümi"
"1374","02","HH",2011-02-20,"big_hamburg","BIG"
"1375","02","HH",2015-02-15,"spd","SPD"
"1376","02","HH",2015-02-15,"cdu","CDU"
"1377","02","HH",2015-02-15,"gruene","Grüne"
"1378","02","HH",2015-02-15,"linke_pds","Linke"
"1379","02","HH",2015-02-15,"fdp","FDP"
"1380","02","HH",2015-02-15,"afd","AfD"
"1381","02","HH",2015-02-15,"piraten","Piraten"
"1382","02","HH",2015-02-15,"die_partei","DiePartei"
"1383","02","HH",2015-02-15,"liberale","Sozialliberale"
"1384","02","HH",2015-02-15,"odp","ÖDP"
"1385","02","HH",2015-02-15,"npd","NPD"
"1386","02","HH",2015-02-15,"rentner","Rentner"
"1387","02","HH",2015-02-15,"hhbl","HHBL"
"1388","02","HH",2020-02-23,"spd","SPD"
"1389","02","HH",2020-02-23,"gruene","Grüne"
"1390","02","HH",2020-02-23,"cdu","CDU"
"1391","02","HH",2020-02-23,"linke_pds","Linke"
"1392","02","HH",2020-02-23,"fdp","FDP"
"1393","02","HH",2020-02-23,"afd","AfD"
"1394","02","HH",2020-02-23,"odp","ÖDP"
"1395","02","HH",2020-02-23,"volt_hamburg","Volt"
"1396","02","HH",2020-02-23,"piraten","Piraten"
"1397","02","HH",2020-02-23,"freie_wahler","FW-HH"
"1398","02","HH",2025-03-02,"spd","SPD"
"1399","02","HH",2025-03-02,"cdu","CDU"
"1400","02","HH",2025-03-02,"gruene","Grüne"
"1401","02","HH",2025-03-02,"linke_pds","Linke"
"1402","02","HH",2025-03-02,"afd","AfD"
"1403","02","HH",2025-03-02,"volt","Volt"
"1404","02","HH",2025-03-02,"fdp","FDP"
"1405","02","HH",2025-03-02,"bsw","BSW"
"1406","02","HH",2025-03-02,"dava_hamburg","DAVA"
"1407","02","HH",2025-03-02,"tierschutz","Die Tierschutzpartei"
"1408","02","HH",2025-03-02,"die_partei","DiePartei"
"1409","02","HH",2025-03-02,"freie_wahler","FW-HH"
"1410","02","HH",2025-03-02,"diewahl_wfg","WFG"
"1411","02","HH",2025-03-02,"odp","ÖDP"
"1412","02","HH",2025-03-02,"bundnis_deutschland","BD"
"1413","02","HH",2025-03-02,"npd","NPD (2023)"
"1414","13","MV",1990-10-14,"cdu","CDU"
"1415","13","MV",1990-10-14,"spd","SPD"
"1416","13","MV",1990-10-14,"linke_pds","Linke"
"1417","13","MV",1990-10-14,"fdp","FDP"
"1418","13","MV",1990-10-14,"gruene","Grüne"
"1419","13","MV",1990-10-14,"forum","Forum"
"1420","13","MV",1990-10-14,"b90","Bü90"
"1421","13","MV",1990-10-14,"csu","CSU-MV"
"1422","13","MV",1990-10-14,"rep","Rep"
"1423","13","MV",1990-10-14,"dsu","DSU"
"1424","13","MV",1990-10-14,"dbu","DBU"
"1425","13","MV",1990-10-14,"lvp","LVP"
"1426","13","MV",1990-10-14,"npd","NPD"
"1427","13","MV",1990-10-14,"graue","Graue"
"1428","13","MV",1990-10-14,"fabu","FaBU"
"1429","13","MV",1994-10-16,"cdu","CDU"
"1430","13","MV",1994-10-16,"spd","SPD"
"1431","13","MV",1994-10-16,"linke_pds","Linke"
"1432","13","MV",1994-10-16,"fdp","FDP"
"1433","13","MV",1994-10-16,"gruene","Grüne"
"1434","13","MV",1994-10-16,"rep","Rep"
"1435","13","MV",1994-10-16,"pass","PASS"
"1436","13","MV",1994-10-16,"graue","Graue"
"1437","13","MV",1994-10-16,"natur","Naturgesetz"
"1438","13","MV",1994-10-16,"bumv","BUMV"
"1439","13","MV",1994-10-16,"npd","NPD"
"1440","13","MV",1994-10-16,"norddt","NorddeutscheBauern"
"1441","13","MV",1994-10-16,"pbc","BündnisC"
"1442","13","MV",1998-09-27,"spd","SPD"
"1443","13","MV",1998-09-27,"cdu","CDU"
"1444","13","MV",1998-09-27,"linke_pds","Linke"
"1445","13","MV",1998-09-27,"dvu","DVU"
"1446","13","MV",1998-09-27,"gruene","Grüne"
"1447","13","MV",1998-09-27,"fdp","FDP"
"1448","13","MV",1998-09-27,"pro_dm","Pro DM/Schill"
"1449","13","MV",1998-09-27,"npd","NPD"
"1450","13","MV",1998-09-27,"rep","Rep"
"1451","13","MV",1998-09-27,"ab_2000","AB 2000"
"1452","13","MV",1998-09-27,"graue","Graue"
"1453","13","MV",1998-09-27,"bfb","BFB"
"1454","13","MV",1998-09-27,"pbc","BündnisC"
"1455","13","MV",2002-09-22,"spd","SPD"
"1456","13","MV",2002-09-22,"cdu","CDU"
"1457","13","MV",2002-09-22,"linke_pds","Linke"
"1458","13","MV",2002-09-22,"fdp","FDP"
"1459","13","MV",2002-09-22,"gruene","Grüne"
"1460","13","MV",2002-09-22,"schill","PRO (Schill)"
"1461","13","MV",2002-09-22,"npd","NPD"
"1462","13","MV",2002-09-22,"spasspartei","Spasspartei"
"1463","13","MV",2002-09-22,"bmv","FW-MV"
"1464","13","MV",2002-09-22,"rep","Rep"
"1465","13","MV",2002-09-22,"graue","Graue"
"1466","13","MV",2002-09-22,"v_p_m_v","VPMV"
"1467","13","MV",2002-09-22,"pbc","BündnisC"
"1468","13","MV",2002-09-22,"slp","SLP"
"1469","13","MV",2006-09-17,"spd","SPD"
"1470","13","MV",2006-09-17,"cdu","CDU"
"1471","13","MV",2006-09-17,"linke_pds","Linke"
"1472","13","MV",2006-09-17,"fdp","FDP"
"1473","13","MV",2006-09-17,"npd","NPD"
"1474","13","MV",2006-09-17,"gruene","Grüne"
"1475","13","MV",2006-09-17,"familie","Familie"
"1476","13","MV",2006-09-17,"graue","Graue"
"1477","13","MV",2006-09-17,"wasg","WASG"
"1478","13","MV",2006-09-17,"buendnis_fuer_m_v","FW-MV"
"1479","13","MV",2006-09-17,"deutschland","AbJetzt"
"1480","13","MV",2006-09-17,"pbc","BündnisC"
"1481","13","MV",2006-09-17,"agfg","AGFG"
"1482","13","MV",2006-09-17,"ab","ABSG"
"1483","13","MV",2006-09-17,"apd","APD"
"1484","13","MV",2006-09-17,"offensive_d","PRO (Schill)"
"1485","13","MV",2011-09-04,"spd","SPD"
"1486","13","MV",2011-09-04,"cdu","CDU"
"1487","13","MV",2011-09-04,"linke_pds","Linke"
"1488","13","MV",2011-09-04,"gruene","Grüne"
"1489","13","MV",2011-09-04,"npd","NPD"
"1490","13","MV",2011-09-04,"fdp","FDP"
"1491","13","MV",2011-09-04,"piraten","Piraten"
"1492","13","MV",2011-09-04,"familie","Familie"
"1493","13","MV",2011-09-04,"freie_wahler","FW-MV"
"1494","13","MV",2011-09-04,"die_partei","DiePartei"
"1495","13","MV",2011-09-04,"ab","ABSG"
"1496","13","MV",2011-09-04,"auf","AUF"
"1497","13","MV",2011-09-04,"apd","APD"
"1498","13","MV",2011-09-04,"pbc","BündnisC"
"1499","13","MV",2011-09-04,"odp","ÖDP"
"1500","13","MV",2011-09-04,"rep","Rep"
"1501","13","MV",2016-09-04,"spd","SPD"
"1502","13","MV",2016-09-04,"afd","AfD"
"1503","13","MV",2016-09-04,"cdu","CDU"
"1504","13","MV",2016-09-04,"linke_pds","Linke"
"1505","13","MV",2016-09-04,"gruene","Grüne"
"1506","13","MV",2016-09-04,"fdp","FDP"
"1507","13","MV",2016-09-04,"npd","NPD"
"1508","13","MV",2016-09-04,"tierschutz","Die Tierschutzpartei"
"1509","13","MV",2016-09-04,"freier_horizont","FH"
"1510","13","MV",2016-09-04,"die_partei","DiePartei"
"1511","13","MV",2016-09-04,"freie_wahler","FW-MV"
"1512","13","MV",2016-09-04,"piraten","Piraten"
"1513","13","MV",2016-09-04,"dkp","DKP"
"1514","13","MV",2016-09-04,"bundnis_c","BündnisC"
"1515","13","MV",2021-09-26,"spd","SPD"
"1516","13","MV",2021-09-26,"afd","AfD"
"1517","13","MV",2021-09-26,"cdu","CDU"
"1518","13","MV",2021-09-26,"linke_pds","Linke"
"1519","13","MV",2021-09-26,"gruene","Grüne"
"1520","13","MV",2021-09-26,"fdp","FDP"
"1521","13","MV",2021-09-26,"diebasis","dieBasis"
"1522","13","MV",2021-09-26,"tierschutz","Die Tierschutzpartei"
"1523","13","MV",2021-09-26,"freie_wahler","FW-MV"
"1524","13","MV",2021-09-26,"npd","NPD"
"1525","13","MV",2021-09-26,"die_partei","DiePartei"
"1526","13","MV",2021-09-26,"tierschutz_hier","TIERSCHUTZliste"
"1527","13","MV",2021-09-26,"piraten","Piraten"
"1528","13","MV",2021-09-26,"freier_horizont","FH"
"1529","13","MV",2021-09-26,"unabhangige","UfBD"
"1530","13","MV",2021-09-26,"gesundheitsforschung","Gesundheitsforschung"
"1531","13","MV",2021-09-26,"team_todenhofer","Todenhöfer"
"1532","13","MV",2021-09-26,"die_humanisten","Die Humanisten"
"1533","13","MV",2021-09-26,"odp","ÖDP"
"1534","13","MV",2021-09-26,"bundnis_c","BündnisC"
"1535","13","MV",2021-09-26,"dkp","DKP"
"1536","13","MV",2021-09-26,"dib","DIB"
"1537","13","MV",2021-09-26,"fpa","FPA"
"1538","13","MV",2021-09-26,"lkr","LKR"
"1539","03","NI",1974-06-09,"cdu","CDU"
"1540","03","NI",1974-06-09,"spd","SPD"
"1541","03","NI",1974-06-09,"fdp","FDP"
"1542","03","NI",1978-06-04,"cdu","CDU"
"1543","03","NI",1978-06-04,"spd","SPD"
"1544","03","NI",1978-06-04,"fdp","FDP"
"1545","03","NI",1982-03-21,"cdu","CDU"
"1546","03","NI",1982-03-21,"spd","SPD"
"1547","03","NI",1982-03-21,"gruene","Grüne"
"1548","03","NI",1982-03-21,"fdp","FDP"
"1549","03","NI",1986-06-15,"cdu","CDU"
"1550","03","NI",1986-06-15,"spd","SPD"
"1551","03","NI",1986-06-15,"gruene","Grüne"
"1552","03","NI",1986-06-15,"fdp","FDP"
"1553","03","NI",1990-05-13,"spd","SPD"
"1554","03","NI",1990-05-13,"cdu","CDU"
"1555","03","NI",1990-05-13,"fdp","FDP"
"1556","03","NI",1990-05-13,"gruene","Grüne"
"1557","03","NI",1990-05-13,"odp","ÖDP"
"1558","03","NI",1994-03-13,"spd","SPD"
"1559","03","NI",1994-03-13,"cdu","CDU"
"1560","03","NI",1994-03-13,"gruene","Grüne"
"1561","03","NI",1994-03-13,"fdp","FDP"
"1562","03","NI",1994-03-13,"odp","ÖDP"
"1563","03","NI",1998-03-01,"spd","SPD"
"1564","03","NI",1998-03-01,"cdu","CDU"
"1565","03","NI",1998-03-01,"gruene","Grüne"
"1566","03","NI",1998-03-01,"fdp","FDP"
"1567","03","NI",1998-03-01,"rep","Rep"
"1568","03","NI",1998-03-01,"statt_partei","STATT"
"1569","03","NI",1998-03-01,"dkp","DKP"
"1570","03","NI",1998-03-01,"pbc","BündnisC"
"1571","03","NI",1998-03-01,"die_frauen","DieFrauen"
"1572","03","NI",1998-03-01,"dp","DP"
"1573","03","NI",1998-03-01,"odp","ÖDP"
"1574","03","NI",2003-02-02,"cdu","CDU"
"1575","03","NI",2003-02-02,"spd","SPD"
"1576","03","NI",2003-02-02,"fdp","FDP"
"1577","03","NI",2003-02-02,"gruene","Grüne"
"1578","03","NI",2003-02-02,"schill","PRO (Schill)"
"1579","03","NI",2003-02-02,"linke_pds","Linke"
"1580","03","NI",2003-02-02,"rep","Rep"
"1581","03","NI",2003-02-02,"graue","Graue"
"1582","03","NI",2003-02-02,"pbc","BündnisC"
"1583","03","NI",2003-02-02,"odp","ÖDP"
"1584","03","NI",2008-01-27,"cdu","CDU"
"1585","03","NI",2008-01-27,"spd","SPD"
"1586","03","NI",2008-01-27,"fdp","FDP"
"1587","03","NI",2008-01-27,"gruene","Grüne"
"1588","03","NI",2008-01-27,"linke_pds","Linke"
"1589","03","NI",2008-01-27,"npd","NPD"
"1590","03","NI",2008-01-27,"freie_wahler","FW-NI"
"1591","03","NI",2008-01-27,"tierschutz","Die Tierschutzpartei"
"1592","03","NI",2008-01-27,"familie","Familie"
"1593","03","NI",2008-01-27,"die_friesen","Friesen"
"1594","03","NI",2008-01-27,"graue","Graue"
"1595","03","NI",2008-01-27,"pbc","BündnisC"
"1596","03","NI",2008-01-27,"volksabstimmung","AbJetzt"
"1597","03","NI",2008-01-27,"odp","ÖDP"
"1598","03","NI",2013-01-20,"cdu","CDU"
"1599","03","NI",2013-01-20,"spd","SPD"
"1600","03","NI",2013-01-20,"gruene","Grüne"
"1601","03","NI",2013-01-20,"fdp","FDP"
"1602","03","NI",2013-01-20,"linke_pds","Linke"
"1603","03","NI",2013-01-20,"piraten","Piraten"
"1604","03","NI",2013-01-20,"freie_wahler","FW-NI"
"1605","03","NI",2013-01-20,"npd","NPD"
"1606","03","NI",2013-01-20,"die_freiheit","DieFreiheit"
"1607","03","NI",2013-01-20,"pbc","BündnisC"
"1608","03","NI",2013-01-20,"rentner","Bündnis21/RRP"
"1609","03","NI",2017-10-15,"spd","SPD"
"1610","03","NI",2017-10-15,"cdu","CDU"
"1611","03","NI",2017-10-15,"gruene","Grüne"
"1612","03","NI",2017-10-15,"fdp","FDP"
"1613","03","NI",2017-10-15,"afd","AfD"
"1614","03","NI",2017-10-15,"linke_pds","Linke"
"1615","03","NI",2017-10-15,"tierschutz","Die Tierschutzpartei"
"1616","03","NI",2017-10-15,"die_partei","DiePartei"
"1617","03","NI",2017-10-15,"freie_wahler","FW-NI"
"1618","03","NI",2017-10-15,"piraten","Piraten"
"1619","03","NI",2017-10-15,"buendnis_grundeinkommen","BGE"
"1620","03","NI",2017-10-15,"dm","DMitte (2016)"
"1621","03","NI",2017-10-15,"v_partei3","VPartei3"
"1622","03","NI",2017-10-15,"odp","ÖDP"
"1623","03","NI",2017-10-15,"lkr","LKR"
"1624","03","NI",2022-10-09,"spd","SPD"
"1625","03","NI",2022-10-09,"cdu","CDU"
"1626","03","NI",2022-10-09,"gruene","Grüne"
"1627","03","NI",2022-10-09,"afd","AfD"
"1628","03","NI",2022-10-09,"fdp","FDP"
"1629","03","NI",2022-10-09,"linke_pds","Linke"
"1630","03","NI",2022-10-09,"tierschutz","Die Tierschutzpartei"
"1631","03","NI",2022-10-09,"diebasis","dieBasis"
"1632","03","NI",2022-10-09,"die_partei","DiePartei"
"1633","03","NI",2022-10-09,"freie_wahler","FW-NI"
"1634","03","NI",2022-10-09,"volt","Volt"
"1635","03","NI",2022-10-09,"piraten","Piraten"
"1636","03","NI",2022-10-09,"gesundheitsforschung","Gesundheitsforschung"
"1637","03","NI",2022-10-09,"die_humanisten","Die Humanisten"
"1638","05","NW",1947-04-20,"cdu","CDU"
"1639","05","NW",1947-04-20,"dp","DP"
"1640","05","NW",1947-04-20,"drp","DRP"
"1641","05","NW",1947-04-20,"fdp","FDP"
"1642","05","NW",1947-04-20,"fsu","Humanwirtschaft"
"1643","05","NW",1947-04-20,"kpd","KPD (1919)"
"1644","05","NW",1947-04-20,"npd","NPD"
"1645","05","NW",1947-04-20,"rwvp","RWVP"
"1646","05","NW",1947-04-20,"spd","SPD"
"1647","05","NW",1947-04-20,"zentrum","Zentrum"
"1648","05","NW",1950-06-18,"cdu","CDU"
"1649","05","NW",1950-06-18,"spd","SPD"
"1650","05","NW",1950-06-18,"fdp","FDP"
"1651","05","NW",1950-06-18,"zentrum","Zentrum"
"1652","05","NW",1950-06-18,"kpd","KPD (1919)"
"1653","05","NW",1950-06-18,"rsf","Humanwirtschaft"
"1654","05","NW",1950-06-18,"drp","DRP"
"1655","05","NW",1950-06-18,"dp","DP"
"1656","05","NW",1950-06-18,"srp","SRP"
"1657","05","NW",1950-06-18,"csab","CSAB"
"1658","05","NW",1950-06-18,"npd","NPD"
"1659","05","NW",1954-06-27,"cdu","CDU"
"1660","05","NW",1954-06-27,"spd","SPD"
"1661","05","NW",1954-06-27,"fdp","FDP"
"1662","05","NW",1954-06-27,"bhe","GB/BHE"
"1663","05","NW",1954-06-27,"zentrum","Zentrum"
"1664","05","NW",1954-06-27,"kpd","KPD (1919)"
"1665","05","NW",1954-06-27,"bdd","BDD"
"1666","05","NW",1954-06-27,"dp","DP"
"1667","05","NW",1954-06-27,"fsu","Humanwirtschaft"
"1668","05","NW",1954-06-27,"npd","NPD"
"1669","05","NW",1958-07-06,"cdu","CDU"
"1670","05","NW",1958-07-06,"spd","SPD"
"1671","05","NW",1958-07-06,"fdp","FDP"
"1672","05","NW",1958-07-06,"dp","DP"
"1673","05","NW",1958-07-06,"zentrum","Zentrum"
"1674","05","NW",1958-07-06,"drp","DRP"
"1675","05","NW",1958-07-06,"dsu","DeutschSU"
"1676","05","NW",1958-07-06,"dg","DG"
"1677","05","NW",1958-07-06,"bdd","BDD"
"1678","05","NW",1958-07-06,"fsu","Humanwirtschaft"
"1679","05","NW",1958-07-06,"npd","NPD"
"1680","05","NW",1962-07-08,"cdu","CDU"
"1681","05","NW",1962-07-08,"spd","SPD"
"1682","05","NW",1962-07-08,"fdp","FDP"
"1683","05","NW",1962-07-08,"dfu","DFU"
"1684","05","NW",1962-07-08,"zentrum","Zentrum"
"1685","05","NW",1962-07-08,"gdp","GDP"
"1686","05","NW",1962-07-08,"dg","DG"
"1687","05","NW",1962-07-08,"uap","UAP"
"1688","05","NW",1962-07-08,"dp","DP"
"1689","05","NW",1962-07-08,"fsu","Humanwirtschaft"
"1690","05","NW",1962-07-08,"npd","NPD"
"1691","05","NW",1966-07-10,"spd","SPD"
"1692","05","NW",1966-07-10,"cdu","CDU"
"1693","05","NW",1966-07-10,"fdp","FDP"
"1694","05","NW",1966-07-10,"zentrum","Zentrum"
"1695","05","NW",1966-07-10,"fsu","Humanwirtschaft"
"1696","05","NW",1966-07-10,"uap","UAP"
"1697","05","NW",1966-07-10,"dp","DP"
"1698","05","NW",1966-07-10,"npd","NPD"
"1699","05","NW",1970-06-14,"spd","SPD"
"1700","05","NW",1970-06-14,"cdu","CDU"
"1701","05","NW",1970-06-14,"fdp","FDP"
"1702","05","NW",1970-06-14,"npd","NPD"
"1703","05","NW",1970-06-14,"dkp","DKP"
"1704","05","NW",1970-06-14,"zentrum","Zentrum"
"1705","05","NW",1970-06-14,"uap","UAP"
"1706","05","NW",1970-06-14,"dp","DP"
"1707","05","NW",1970-06-14,"fsu","Humanwirtschaft"
"1708","05","NW",1975-05-04,"cdu","CDU"
"1709","05","NW",1975-05-04,"spd","SPD"
"1710","05","NW",1975-05-04,"fdp","FDP"
"1711","05","NW",1980-05-11,"spd","SPD"
"1712","05","NW",1980-05-11,"cdu","CDU"
"1713","05","NW",1980-05-11,"fdp","FDP"
"1714","05","NW",1980-05-11,"gruene","Grüne"
"1715","05","NW",1985-05-12,"spd","SPD"
"1716","05","NW",1985-05-12,"cdu","CDU"
"1717","05","NW",1985-05-12,"fdp","FDP"
"1718","05","NW",1985-05-12,"gruene","Grüne"
"1719","05","NW",1990-05-13,"spd","SPD"
"1720","05","NW",1990-05-13,"cdu","CDU"
"1721","05","NW",1990-05-13,"fdp","FDP"
"1722","05","NW",1990-05-13,"gruene","Grüne"
"1723","05","NW",1990-05-13,"rep","Rep"
"1724","05","NW",1995-05-14,"spd","SPD"
"1725","05","NW",1995-05-14,"cdu","CDU"
"1726","05","NW",1995-05-14,"gruene","Grüne"
"1727","05","NW",1995-05-14,"fdp","FDP"
"1728","05","NW",1995-05-14,"rep","Rep"
"1729","05","NW",2000-05-14,"spd","SPD"
"1730","05","NW",2000-05-14,"cdu","CDU"
"1731","05","NW",2000-05-14,"fdp","FDP"
"1732","05","NW",2000-05-14,"gruene","Grüne"
"1733","05","NW",2000-05-14,"rep","Rep"
"1734","05","NW",2000-05-14,"linke_pds","Linke"
"1735","05","NW",2005-05-22,"cdu","CDU"
"1736","05","NW",2005-05-22,"spd","SPD"
"1737","05","NW",2005-05-22,"gruene","Grüne"
"1738","05","NW",2005-05-22,"fdp","FDP"
"1739","05","NW",2005-05-22,"linke_pds","Linke"
"1740","05","NW",2005-05-22,"rep","Rep"
"1741","05","NW",2010-05-09,"cdu","CDU"
"1742","05","NW",2010-05-09,"spd","SPD"
"1743","05","NW",2010-05-09,"gruene","Grüne"
"1744","05","NW",2010-05-09,"fdp","FDP"
"1745","05","NW",2010-05-09,"linke_pds","Linke"
"1746","05","NW",2010-05-09,"piraten","Piraten"
"1747","05","NW",2010-05-09,"pro_deutschland","proNRW"
"1748","05","NW",2010-05-09,"npd","NPD"
"1749","05","NW",2010-05-09,"tierschutz","Die Tierschutzpartei"
"1750","05","NW",2010-05-09,"rentner","Rentner"
"1751","05","NW",2010-05-09,"familie","Familie"
"1752","05","NW",2010-05-09,"rep","Rep"
"1753","05","NW",2010-05-09,"big","BIG"
"1754","05","NW",2010-05-09,"pbc","BündnisC"
"1755","05","NW",2010-05-09,"die_partei","DiePartei"
"1756","05","NW",2010-05-09,"volksabstimmung","AbJetzt"
"1757","05","NW",2010-05-09,"odp","ÖDP"
"1758","05","NW",2010-05-09,"fbi_fwg","FBI/Freie Wähler"
"1759","05","NW",2010-05-09,"zentrum","Zentrum"
"1760","05","NW",2010-05-09,"violetten","Violetten"
"1761","05","NW",2010-05-09,"auf","AUF"
"1762","05","NW",2010-05-09,"bueso","BÜSO"
"1763","05","NW",2010-05-09,"freie_union","FU"
"1764","05","NW",2010-05-09,"ddp","DDP (2004)"
"1765","05","NW",2010-05-09,"bgd","BGD"
"1766","05","NW",2012-05-13,"spd","SPD"
"1767","05","NW",2012-05-13,"cdu","CDU"
"1768","05","NW",2012-05-13,"gruene","Grüne"
"1769","05","NW",2012-05-13,"fdp","FDP"
"1770","05","NW",2012-05-13,"piraten","Piraten"
"1771","05","NW",2012-05-13,"linke_pds","Linke"
"1772","05","NW",2012-05-13,"pro_deutschland","proNRW"
"1773","05","NW",2012-05-13,"tierschutz","Die Tierschutzpartei"
"1774","05","NW",2012-05-13,"npd","NPD"
"1775","05","NW",2012-05-13,"familie","Familie"
"1776","05","NW",2012-05-13,"die_partei","DiePartei"
"1777","05","NW",2012-05-13,"freie_wahler","FW-NW"
"1778","05","NW",2012-05-13,"big","BIG"
"1779","05","NW",2012-05-13,"auf","AUF"
"1780","05","NW",2012-05-13,"fbi_fwg","FBI/Freie Wähler"
"1781","05","NW",2012-05-13,"odp","ÖDP"
"1782","05","NW",2012-05-13,"partei_der_vernunft","Vernunft"
"1783","05","NW",2017-05-14,"cdu","CDU"
"1784","05","NW",2017-05-14,"spd","SPD"
"1785","05","NW",2017-05-14,"fdp","FDP"
"1786","05","NW",2017-05-14,"afd","AfD"
"1787","05","NW",2017-05-14,"gruene","Grüne"
"1788","05","NW",2017-05-14,"linke_pds","Linke"
"1789","05","NW",2017-05-14,"piraten","Piraten"
"1790","05","NW",2017-05-14,"die_partei","DiePartei"
"1791","05","NW",2017-05-14,"freie_wahler","FW-NW"
"1792","05","NW",2017-05-14,"npd","NPD"
"1793","05","NW",2017-05-14,"big","BIG"
"1794","05","NW",2017-05-14,"odp","ÖDP"
"1795","05","NW",2017-05-14,"ad_demokraten","AD-Demokraten"
"1796","05","NW",2017-05-14,"v_partei3","VPartei3"
"1797","05","NW",2017-05-14,"aufbruch","AufbruchC"
"1798","05","NW",2017-05-14,"volksabstimmung","AbJetzt"
"1799","05","NW",2017-05-14,"mlpd","MLPD"
"1800","05","NW",2017-05-14,"violetten","Violetten"
"1801","05","NW",2017-05-14,"jed","JED"
"1802","05","NW",2017-05-14,"rep","Rep"
"1803","05","NW",2017-05-14,"verjuengungsforschung","Gesundheitsforschung"
"1804","05","NW",2017-05-14,"bge","BGE"
"1805","05","NW",2017-05-14,"schoener_leben","SchönerLeben"
"1806","05","NW",2017-05-14,"dbd","DBD"
"1807","05","NW",2017-05-14,"die_rechte","Rechte"
"1808","05","NW",2017-05-14,"zentrum","Zentrum"
"1809","05","NW",2017-05-14,"dkp","DKP"
"1810","05","NW",2017-05-14,"fbi_fwg","FBI/Freie Wähler"
"1811","05","NW",2017-05-14,"parteilose_wg_brd","PARTEIL. WG ""BRD"""
"1812","05","NW",2017-05-14,"pan","PAN"
"1813","05","NW",2022-05-15,"cdu","CDU"
"1814","05","NW",2022-05-15,"spd","SPD"
"1815","05","NW",2022-05-15,"gruene","Grüne"
"1816","05","NW",2022-05-15,"fdp","FDP"
"1817","05","NW",2022-05-15,"afd","AfD"
"1818","05","NW",2022-05-15,"linke_pds","Linke"
"1819","05","NW",2022-05-15,"die_partei","DiePartei"
"1820","05","NW",2022-05-15,"tierschutz","Die Tierschutzpartei"
"1821","05","NW",2022-05-15,"diebasis","dieBasis"
"1822","05","NW",2022-05-15,"freie_wahler","FW-NW"
"1823","05","NW",2022-05-15,"volt","Volt"
"1824","05","NW",2022-05-15,"piraten","Piraten"
"1825","05","NW",2022-05-15,"team_todenhofer","Todenhöfer"
"1826","05","NW",2022-05-15,"familie","Familie"
"1827","05","NW",2022-05-15,"odp","ÖDP"
"1828","05","NW",2022-05-15,"europaeische_partei_liebe","Liebe"
"1829","05","NW",2022-05-15,"pdh","Die Humanisten"
"1830","05","NW",2022-05-15,"verjuengungsforschung","Gesundheitsforschung"
"1831","05","NW",2022-05-15,"lobbyisten_fuer_kinder","LfK"
"1832","05","NW",2022-05-15,"pdf","PdF"
"1833","05","NW",2022-05-15,"volksabstimmung","AbJetzt"
"1834","05","NW",2022-05-15,"die_urbane_eine_hiphop_partei","Urbane"
"1835","05","NW",2022-05-15,"big","BIG"
"1836","05","NW",2022-05-15,"zentrum","Zentrum"
"1837","05","NW",2022-05-15,"dsp","Sport"
"1838","05","NW",2022-05-15,"mlpd","MLPD"
"1839","05","NW",2022-05-15,"dkp","DKP"
"1840","05","NW",2022-05-15,"violetten","Violetten"
"1841","05","NW",2022-05-15,"neo","neo"
"1842","07","RP",1979-03-18,"afd","AfD"
"1843","07","RP",1979-03-18,"bueso","BÜSO"
"1844","07","RP",1979-03-18,"cdu","CDU"
"1845","07","RP",1979-03-18,"die_partei","DiePartei"
"1846","07","RP",1979-03-18,"dkp","DKP"
"1847","07","RP",1979-03-18,"fdp","FDP"
"1848","07","RP",1979-03-18,"graue","Graue"
"1849","07","RP",1979-03-18,"gruene","Grüne"
"1850","07","RP",1979-03-18,"kbw","KBW"
"1851","07","RP",1979-03-18,"linke_pds","Linke"
"1852","07","RP",1979-03-18,"naturgesetz","Naturgesetz"
"1853","07","RP",1979-03-18,"npd","NPD"
"1854","07","RP",1979-03-18,"odp","ÖDP"
"1855","07","RP",1979-03-18,"pbc","BündnisC"
"1856","07","RP",1979-03-18,"piraten","Piraten"
"1857","07","RP",1979-03-18,"rep","Rep"
"1858","07","RP",1979-03-18,"spd","SPD"
"1859","07","RP",1979-03-18,"tierschutz","Die Tierschutzpartei"
"1860","07","RP",1979-03-18,"volt","Volt"
"1861","07","RP",1983-03-06,"afd","AfD"
"1862","07","RP",1983-03-06,"asg","ASG"
"1863","07","RP",1983-03-06,"bueso","BÜSO"
"1864","07","RP",1983-03-06,"cdu","CDU"
"1865","07","RP",1983-03-06,"die_partei","DiePartei"
"1866","07","RP",1983-03-06,"dkp","DKP"
"1867","07","RP",1983-03-06,"fdp","FDP"
"1868","07","RP",1983-03-06,"graue","Graue"
"1869","07","RP",1983-03-06,"gruene","Grüne"
"1870","07","RP",1983-03-06,"linke_pds","Linke"
"1871","07","RP",1983-03-06,"naturgesetz","Naturgesetz"
"1872","07","RP",1983-03-06,"npd","NPD"
"1873","07","RP",1983-03-06,"odp","ÖDP"
"1874","07","RP",1983-03-06,"pbc","BündnisC"
"1875","07","RP",1983-03-06,"piraten","Piraten"
"1876","07","RP",1983-03-06,"rep","Rep"
"1877","07","RP",1983-03-06,"spd","SPD"
"1878","07","RP",1983-03-06,"tierschutz","Die Tierschutzpartei"
"1879","07","RP",1983-03-06,"volt","Volt"
"1880","07","RP",1987-05-17,"afd","AfD"
"1881","07","RP",1987-05-17,"bueso","BÜSO"
"1882","07","RP",1987-05-17,"cdu","CDU"
"1883","07","RP",1987-05-17,"die_partei","DiePartei"
"1884","07","RP",1987-05-17,"dkp","DKP"
"1885","07","RP",1987-05-17,"fdp","FDP"
"1886","07","RP",1987-05-17,"freie_wahler","FW-RP"
"1887","07","RP",1987-05-17,"graue","Graue"
"1888","07","RP",1987-05-17,"gruene","Grüne"
"1889","07","RP",1987-05-17,"linke_pds","Linke"
"1890","07","RP",1987-05-17,"naturgesetz","Naturgesetz"
"1891","07","RP",1987-05-17,"npd","NPD"
"1892","07","RP",1987-05-17,"odp","ÖDP"
"1893","07","RP",1987-05-17,"pbc","BündnisC"
"1894","07","RP",1987-05-17,"piraten","Piraten"
"1895","07","RP",1987-05-17,"rep","Rep"
"1896","07","RP",1987-05-17,"spd","SPD"
"1897","07","RP",1987-05-17,"tierschutz","Die Tierschutzpartei"
"1898","07","RP",1987-05-17,"volt","Volt"
"1899","07","RP",1991-04-21,"afd","AfD"
"1900","07","RP",1991-04-21,"bueso","BÜSO"
"1901","07","RP",1991-04-21,"cdu","CDU"
"1902","07","RP",1991-04-21,"da","DLVH"
"1903","07","RP",1991-04-21,"die_partei","DiePartei"
"1904","07","RP",1991-04-21,"fdp","FDP"
"1905","07","RP",1991-04-21,"graue","Graue"
"1906","07","RP",1991-04-21,"gruene","Grüne"
"1907","07","RP",1991-04-21,"linke_pds","Linke"
"1908","07","RP",1991-04-21,"naturgesetz","Naturgesetz"
"1909","07","RP",1991-04-21,"npd","NPD"
"1910","07","RP",1991-04-21,"odp","ÖDP"
"1911","07","RP",1991-04-21,"pbc","BündnisC"
"1912","07","RP",1991-04-21,"piraten","Piraten"
"1913","07","RP",1991-04-21,"rep","Rep"
"1914","07","RP",1991-04-21,"spd","SPD"
"1915","07","RP",1991-04-21,"tierschutz","Die Tierschutzpartei"
"1916","07","RP",1991-04-21,"volt","Volt"
"1917","07","RP",1996-03-24,"afd","AfD"
"1918","07","RP",1996-03-24,"bueso","BÜSO"
"1919","07","RP",1996-03-24,"cdu","CDU"
"1920","07","RP",1996-03-24,"die_partei","DiePartei"
"1921","07","RP",1996-03-24,"fdp","FDP"
"1922","07","RP",1996-03-24,"graue","Graue"
"1923","07","RP",1996-03-24,"gruene","Grüne"
"1924","07","RP",1996-03-24,"linke_pds","Linke"
"1925","07","RP",1996-03-24,"naturgesetz","Naturgesetz"
"1926","07","RP",1996-03-24,"npd","NPD"
"1927","07","RP",1996-03-24,"odp","ÖDP"
"1928","07","RP",1996-03-24,"pbc","BündnisC"
"1929","07","RP",1996-03-24,"piraten","Piraten"
"1930","07","RP",1996-03-24,"rep","Rep"
"1931","07","RP",1996-03-24,"spd","SPD"
"1932","07","RP",1996-03-24,"statt_partei","STATT"
"1933","07","RP",1996-03-24,"tierschutz","Die Tierschutzpartei"
"1934","07","RP",1996-03-24,"volt","Volt"
"1935","07","RP",2001-03-25,"afd","AfD"
"1936","07","RP",2001-03-25,"bueso","BÜSO"
"1937","07","RP",2001-03-25,"cdu","CDU"
"1938","07","RP",2001-03-25,"die_partei","DiePartei"
"1939","07","RP",2001-03-25,"fdp","FDP"
"1940","07","RP",2001-03-25,"freie_wahler","FW-RP"
"1941","07","RP",2001-03-25,"graue","Graue"
"1942","07","RP",2001-03-25,"gruene","Grüne"
"1943","07","RP",2001-03-25,"linke_pds","Linke"
"1944","07","RP",2001-03-25,"naturgesetz","Naturgesetz"
"1945","07","RP",2001-03-25,"npd","NPD"
"1946","07","RP",2001-03-25,"odp","ÖDP"
"1947","07","RP",2001-03-25,"pbc","BündnisC"
"1948","07","RP",2001-03-25,"piraten","Piraten"
"1949","07","RP",2001-03-25,"rep","Rep"
"1950","07","RP",2001-03-25,"spd","SPD"
"1951","07","RP",2001-03-25,"tierschutz","Die Tierschutzpartei"
"1952","07","RP",2001-03-25,"volt","Volt"
"1953","07","RP",2006-03-26,"afd","AfD"
"1954","07","RP",2006-03-26,"agfg","AGFG"
"1955","07","RP",2006-03-26,"aufbruch","Aufbruch"
"1956","07","RP",2006-03-26,"bueso","BÜSO"
"1957","07","RP",2006-03-26,"cdu","CDU"
"1958","07","RP",2006-03-26,"die_partei","DiePartei"
"1959","07","RP",2006-03-26,"fdp","FDP"
"1960","07","RP",2006-03-26,"freie_wahler","FW-RP"
"1961","07","RP",2006-03-26,"graue","Graue"
"1962","07","RP",2006-03-26,"gruene","Grüne"
"1963","07","RP",2006-03-26,"linke_pds","Linke"
"1964","07","RP",2006-03-26,"naturgesetz","Naturgesetz"
"1965","07","RP",2006-03-26,"npd","NPD"
"1966","07","RP",2006-03-26,"odp","ÖDP"
"1967","07","RP",2006-03-26,"pbc","BündnisC"
"1968","07","RP",2006-03-26,"piraten","Piraten"
"1969","07","RP",2006-03-26,"rep","Rep"
"1970","07","RP",2006-03-26,"spd","SPD"
"1971","07","RP",2006-03-26,"tierschutz","Die Tierschutzpartei"
"1972","07","RP",2006-03-26,"volt","Volt"
"1973","07","RP",2011-03-27,"afd","AfD"
"1974","07","RP",2011-03-27,"bueso","BÜSO"
"1975","07","RP",2011-03-27,"cdu","CDU"
"1976","07","RP",2011-03-27,"ddp","DDP (2004)"
"1977","07","RP",2011-03-27,"die_partei","DiePartei"
"1978","07","RP",2011-03-27,"fdp","FDP"
"1979","07","RP",2011-03-27,"freie_wahler","FW-RP"
"1980","07","RP",2011-03-27,"graue","Graue"
"1981","07","RP",2011-03-27,"gruene","Grüne"
"1982","07","RP",2011-03-27,"linke_pds","Linke"
"1983","07","RP",2011-03-27,"naturgesetz","Naturgesetz"
"1984","07","RP",2011-03-27,"npd","NPD"
"1985","07","RP",2011-03-27,"odp","ÖDP"
"1986","07","RP",2011-03-27,"pbc","BündnisC"
"1987","07","RP",2011-03-27,"piraten","Piraten"
"1988","07","RP",2011-03-27,"rep","Rep"
"1989","07","RP",2011-03-27,"spd","SPD"
"1990","07","RP",2011-03-27,"tierschutz","Die Tierschutzpartei"
"1991","07","RP",2011-03-27,"volt","Volt"
"1992","07","RP",2016-03-13,"afd","AfD"
"1993","07","RP",2016-03-13,"alfa","LKR"
"1994","07","RP",2016-03-13,"bueso","BÜSO"
"1995","07","RP",2016-03-13,"cdu","CDU"
"1996","07","RP",2016-03-13,"die_einheit","Einheit"
"1997","07","RP",2016-03-13,"die_partei","DiePartei"
"1998","07","RP",2016-03-13,"fdp","FDP"
"1999","07","RP",2016-03-13,"freie_wahler","FW-RP"
"2000","07","RP",2016-03-13,"graue","Graue"
"2001","07","RP",2016-03-13,"gruene","Grüne"
"2002","07","RP",2016-03-13,"iii_weg","DritterWeg"
"2003","07","RP",2016-03-13,"linke_pds","Linke"
"2004","07","RP",2016-03-13,"naturgesetz","Naturgesetz"
"2005","07","RP",2016-03-13,"npd","NPD"
"2006","07","RP",2016-03-13,"odp","ÖDP"
"2007","07","RP",2016-03-13,"pbc","BündnisC"
"2008","07","RP",2016-03-13,"piraten","Piraten"
"2009","07","RP",2016-03-13,"rep","Rep"
"2010","07","RP",2016-03-13,"spd","SPD"
"2011","07","RP",2016-03-13,"tierschutz","Die Tierschutzpartei"
"2012","07","RP",2016-03-13,"volt","Volt"
"2013","07","RP",2021-03-14,"spd","SPD"
"2014","07","RP",2021-03-14,"cdu","CDU"
"2015","07","RP",2021-03-14,"gruene","Grüne"
"2016","07","RP",2021-03-14,"afd","AfD"
"2017","07","RP",2021-03-14,"fdp","FDP"
"2018","07","RP",2021-03-14,"freie_wahler","FW-RP"
"2019","07","RP",2021-03-14,"linke_pds","Linke"
"2020","07","RP",2021-03-14,"tierschutz","Die Tierschutzpartei"
"2021","07","RP",2021-03-14,"die_partei","DiePartei"
"2022","07","RP",2021-03-14,"volt","Volt"
"2023","07","RP",2021-03-14,"klimaliste","Klimaliste"
"2024","07","RP",2021-03-14,"odp","ÖDP"
"2025","07","RP",2021-03-14,"piraten","Piraten"
"2026","01","SH",1983-03-13,"cdu","CDU"
"2027","01","SH",1983-03-13,"spd","SPD"
"2028","01","SH",1983-03-13,"gruene","Grüne"
"2029","01","SH",1983-03-13,"fdp","FDP"
"2030","01","SH",1983-03-13,"ssw","SSW"
"2031","01","SH",1983-03-13,"dgl","GD"
"2032","01","SH",1983-03-13,"dkp","DKP"
"2033","01","SH",1983-03-13,"fp","DieFrauen"
"2034","01","SH",1983-03-13,"fsu","Humanwirtschaft"
"2035","01","SH",1996-03-24,"spd","SPD"
"2036","01","SH",1996-03-24,"cdu","CDU"
"2037","01","SH",1996-03-24,"gruene","Grüne"
"2038","01","SH",1996-03-24,"fdp","FDP"
"2039","01","SH",1996-03-24,"dvu","DVU"
"2040","01","SH",1996-03-24,"ssw","SSW"
"2041","01","SH",2000-02-27,"spd","SPD"
"2042","01","SH",2000-02-27,"cdu","CDU"
"2043","01","SH",2000-02-27,"fdp","FDP"
"2044","01","SH",2000-02-27,"gruene","Grüne"
"2045","01","SH",2000-02-27,"linke_pds","Linke"
"2046","01","SH",2005-02-20,"cdu","CDU"
"2047","01","SH",2005-02-20,"spd","SPD"
"2048","01","SH",2005-02-20,"fdp","FDP"
"2049","01","SH",2005-02-20,"gruene","Grüne"
"2050","01","SH",2005-02-20,"linke_pds","Linke"
"2051","01","SH",2009-09-27,"cdu","CDU"
"2052","01","SH",2009-09-27,"spd","SPD"
"2053","01","SH",2009-09-27,"fdp","FDP"
"2054","01","SH",2009-09-27,"gruene","Grüne"
"2055","01","SH",2009-09-27,"linke_pds","Linke"
"2056","01","SH",2012-05-06,"cdu","CDU"
"2057","01","SH",2012-05-06,"spd","SPD"
"2058","01","SH",2012-05-06,"gruene","Grüne"
"2059","01","SH",2012-05-06,"fdp","FDP"
"2060","01","SH",2012-05-06,"piraten","Piraten"
"2061","01","SH",2012-05-06,"ssw","SSW"
"2062","01","SH",2012-05-06,"linke_pds","Linke"
"2063","01","SH",2012-05-06,"familie","Familie"
"2064","01","SH",2012-05-06,"npd","NPD"
"2065","01","SH",2012-05-06,"freie_wahler","FW-SH"
"2066","01","SH",2012-05-06,"mud","MUD"
"2067","01","SH",2017-05-07,"cdu","CDU"
"2068","01","SH",2017-05-07,"spd","SPD"
"2069","01","SH",2017-05-07,"gruene","Grüne"
"2070","01","SH",2017-05-07,"fdp","FDP"
"2071","01","SH",2017-05-07,"afd","AfD"
"2072","01","SH",2017-05-07,"linke_pds","Linke"
"2073","01","SH",2017-05-07,"ssw","SSW"
"2074","01","SH",2017-05-07,"piraten","Piraten"
"2075","01","SH",2017-05-07,"familie","Familie"
"2076","01","SH",2017-05-07,"freie_wahler","FW-SH"
"2077","01","SH",2017-05-07,"die_partei","DiePartei"
"2078","01","SH",2017-05-07,"z_sh","ZSH"
"2079","01","SH",2017-05-07,"lkr","LKR"
"2080","01","SH",2022-05-08,"cdu","CDU"
"2081","01","SH",2022-05-08,"gruene","Grüne"
"2082","01","SH",2022-05-08,"spd","SPD"
"2083","01","SH",2022-05-08,"fdp","FDP"
"2084","01","SH",2022-05-08,"ssw","SSW"
"2085","01","SH",2022-05-08,"afd","AfD"
"2086","01","SH",2022-05-08,"linke_pds","Linke"
"2087","01","SH",2022-05-08,"diebasis","dieBasis"
"2088","01","SH",2022-05-08,"die_partei","DiePartei"
"2089","01","SH",2022-05-08,"tierschutz","Die Tierschutzpartei"
"2090","01","SH",2022-05-08,"freie_wahler","FW-SH"
"2091","01","SH",2022-05-08,"piraten","Piraten"
"2092","01","SH",2022-05-08,"volt","Volt"
"2093","01","SH",2022-05-08,"z","ZSH"
"2094","01","SH",2022-05-08,"die_humanisten","Die Humanisten"
"2095","01","SH",2022-05-08,"gesundheitsforschung","Gesundheitsforschung"
"2096","10","SL",1970-06-14,"cdu","CDU"
"2097","10","SL",1970-06-14,"spd","SPD"
"2098","10","SL",1970-06-14,"fdp","FDP"
"2099","10","SL",1970-06-14,"npd","NPD"
"2100","10","SL",1970-06-14,"dkp","DKP"
"2101","10","SL",1975-05-04,"cdu","CDU"
"2102","10","SL",1975-05-04,"spd","SPD"
"2103","10","SL",1975-05-04,"fdp","FDP"
"2104","10","SL",1975-05-04,"dkp","DKP"
"2105","10","SL",1975-05-04,"npd","NPD"
"2106","10","SL",1980-04-27,"spd","SPD"
"2107","10","SL",1980-04-27,"cdu","CDU"
"2108","10","SL",1980-04-27,"fdp","FDP"
"2109","10","SL",1980-04-27,"gruene","Grüne"
"2110","10","SL",1980-04-27,"dkp","DKP"
"2111","10","SL",1980-04-27,"afd","AfD"
"2112","10","SL",1980-04-27,"linke_pds","Linke"
"2113","10","SL",1980-04-27,"npd","NPD"
"2114","10","SL",1980-04-27,"piraten","Piraten"
"2115","10","SL",1980-04-27,"rep","Rep"
"2116","10","SL",1985-03-10,"spd","SPD"
"2117","10","SL",1985-03-10,"cdu","CDU"
"2118","10","SL",1985-03-10,"fdp","FDP"
"2119","10","SL",1985-03-10,"gruene","Grüne"
"2120","10","SL",1985-03-10,"npd","NPD"
"2121","10","SL",1985-03-10,"dkp","DKP"
"2122","10","SL",1985-03-10,"afd","AfD"
"2123","10","SL",1985-03-10,"linke_pds","Linke"
"2124","10","SL",1985-03-10,"piraten","Piraten"
"2125","10","SL",1985-03-10,"rep","Rep"
"2126","10","SL",1990-01-28,"spd","SPD"
"2127","10","SL",1990-01-28,"cdu","CDU"
"2128","10","SL",1990-01-28,"fdp","FDP"
"2129","10","SL",1990-01-28,"rep","Rep"
"2130","10","SL",1990-01-28,"gruene","Grüne"
"2131","10","SL",1990-01-28,"npd","NPD"
"2132","10","SL",1990-01-28,"familie","Familie"
"2133","10","SL",1990-01-28,"dkp","DKP"
"2134","10","SL",1990-01-28,"afd","AfD"
"2135","10","SL",1990-01-28,"linke_pds","Linke"
"2136","10","SL",1990-01-28,"piraten","Piraten"
"2137","10","SL",1994-10-16,"spd","SPD"
"2138","10","SL",1994-10-16,"cdu","CDU"
"2139","10","SL",1994-10-16,"gruene","Grüne"
"2140","10","SL",1994-10-16,"fdp","FDP"
"2141","10","SL",1994-10-16,"rep","Rep"
"2142","10","SL",1994-10-16,"familie","Familie"
"2143","10","SL",1994-10-16,"afd","AfD"
"2144","10","SL",1994-10-16,"linke_pds","Linke"
"2145","10","SL",1994-10-16,"npd","NPD"
"2146","10","SL",1994-10-16,"piraten","Piraten"
"2147","10","SL",1999-09-05,"cdu","CDU"
"2148","10","SL",1999-09-05,"spd","SPD"
"2149","10","SL",1999-09-05,"gruene","Grüne"
"2150","10","SL",1999-09-05,"fdp","FDP"
"2151","10","SL",1999-09-05,"rep","Rep"
"2152","10","SL",1999-09-05,"familie","Familie"
"2153","10","SL",1999-09-05,"linke_pds","Linke"
"2154","10","SL",1999-09-05,"afd","AfD"
"2155","10","SL",1999-09-05,"npd","NPD"
"2156","10","SL",1999-09-05,"piraten","Piraten"
"2157","10","SL",2004-09-05,"cdu","CDU"
"2158","10","SL",2004-09-05,"spd","SPD"
"2159","10","SL",2004-09-05,"gruene","Grüne"
"2160","10","SL",2004-09-05,"fdp","FDP"
"2161","10","SL",2004-09-05,"npd","NPD"
"2162","10","SL",2004-09-05,"familie","Familie"
"2163","10","SL",2004-09-05,"linke_pds","Linke"
"2164","10","SL",2004-09-05,"afd","AfD"
"2165","10","SL",2004-09-05,"piraten","Piraten"
"2166","10","SL",2004-09-05,"rep","Rep"
"2167","10","SL",2009-08-30,"cdu","CDU"
"2168","10","SL",2009-08-30,"spd","SPD"
"2169","10","SL",2009-08-30,"linke_pds","Linke"
"2170","10","SL",2009-08-30,"fdp","FDP"
"2171","10","SL",2009-08-30,"gruene","Grüne"
"2172","10","SL",2009-08-30,"familie","Familie"
"2173","10","SL",2009-08-30,"npd","NPD"
"2174","10","SL",2009-08-30,"afd","AfD"
"2175","10","SL",2009-08-30,"piraten","Piraten"
"2176","10","SL",2009-08-30,"rep","Rep"
"2177","10","SL",2012-03-25,"cdu","CDU"
"2178","10","SL",2012-03-25,"spd","SPD"
"2179","10","SL",2012-03-25,"linke_pds","Linke"
"2180","10","SL",2012-03-25,"piraten","Piraten"
"2181","10","SL",2012-03-25,"gruene","Grüne"
"2182","10","SL",2012-03-25,"familie","Familie"
"2183","10","SL",2012-03-25,"fdp","FDP"
"2184","10","SL",2012-03-25,"npd","NPD"
"2185","10","SL",2012-03-25,"afd","AfD"
"2186","10","SL",2012-03-25,"rep","Rep"
"2187","10","SL",2017-03-26,"cdu","CDU"
"2188","10","SL",2017-03-26,"spd","SPD"
"2189","10","SL",2017-03-26,"linke_pds","Linke"
"2190","10","SL",2017-03-26,"afd","AfD"
"2191","10","SL",2017-03-26,"gruene","Grüne"
"2192","10","SL",2017-03-26,"fdp","FDP"
"2193","10","SL",2017-03-26,"familie","Familie"
"2194","10","SL",2017-03-26,"piraten","Piraten"
"2195","10","SL",2017-03-26,"npd","NPD"
"2196","10","SL",2017-03-26,"rep","Rep"
"2197","10","SL",2022-03-27,"spd","SPD"
"2198","10","SL",2022-03-27,"cdu","CDU"
"2199","10","SL",2022-03-27,"afd","AfD"
"2200","10","SL",2022-03-27,"gruene","Grüne"
"2201","10","SL",2022-03-27,"fdp","FDP"
"2202","10","SL",2022-03-27,"linke_pds","Linke"
"2203","10","SL",2022-03-27,"familie","Familie"
"2204","10","SL",2022-03-27,"piraten","Piraten"
"2205","14","SN",1990-10-14,"cdu","CDU"
"2206","14","SN",1990-10-14,"spd","SPD"
"2207","14","SN",1990-10-14,"linke_pds","Linke"
"2208","14","SN",1990-10-14,"forum","Forum"
"2209","14","SN",1990-10-14,"fdp","FDP"
"2210","14","SN",1990-10-14,"dsu","DSU"
"2211","14","SN",1990-10-14,"npd","NPD"
"2212","14","SN",1990-10-14,"da","DemAufbr"
"2213","14","SN",1990-10-14,"dbu","DBU"
"2214","14","SN",1990-10-14,"chr_l","CHRLiga"
"2215","14","SN",1990-10-14,"rap","RAP"
"2216","14","SN",1990-10-14,"shb","SHB"
"2217","14","SN",1994-09-11,"cdu","CDU"
"2218","14","SN",1994-09-11,"spd","SPD"
"2219","14","SN",1994-09-11,"linke_pds","Linke"
"2220","14","SN",1994-09-11,"gruene","Grüne"
"2221","14","SN",1994-09-11,"fdp","FDP"
"2222","14","SN",1994-09-11,"rep","Rep"
"2223","14","SN",1994-09-11,"forum","Forum"
"2224","14","SN",1994-09-11,"dsu","DSU"
"2225","14","SN",1994-09-11,"sp","SozPolSachs"
"2226","14","SN",1999-09-19,"cdu","CDU"
"2227","14","SN",1999-09-19,"linke_pds","Linke"
"2228","14","SN",1999-09-19,"spd","SPD"
"2229","14","SN",1999-09-19,"gruene","Grüne"
"2230","14","SN",1999-09-19,"pro_dm","Pro DM/Schill"
"2231","14","SN",1999-09-19,"rep","Rep"
"2232","14","SN",1999-09-19,"npd","NPD"
"2233","14","SN",1999-09-19,"fdp","FDP"
"2234","14","SN",1999-09-19,"dsu","DSU"
"2235","14","SN",1999-09-19,"pbc","BündnisC"
"2236","14","SN",1999-09-19,"graue","Graue"
"2237","14","SN",1999-09-19,"forum","Forum"
"2238","14","SN",1999-09-19,"bueso","BÜSO"
"2239","14","SN",1999-09-19,"kpd","KPD (1990)"
"2240","14","SN",1999-09-19,"fp_deutschlands","FPDeutschlands"
"2241","14","SN",2004-09-19,"cdu","CDU"
"2242","14","SN",2004-09-19,"linke_pds","Linke"
"2243","14","SN",2004-09-19,"spd","SPD"
"2244","14","SN",2004-09-19,"npd","NPD"
"2245","14","SN",2004-09-19,"fdp","FDP"
"2246","14","SN",2004-09-19,"gruene","Grüne"
"2247","14","SN",2004-09-19,"tierschutz","Die Tierschutzpartei"
"2248","14","SN",2004-09-19,"graue","Graue"
"2249","14","SN",2004-09-19,"pbc","BündnisC"
"2250","14","SN",2004-09-19,"bueso","BÜSO"
"2251","14","SN",2004-09-19,"aufbruch","Aufbruch"
"2252","14","SN",2004-09-19,"dsu","DSU"
"2253","14","SN",2004-09-19,"dgg","DGG"
"2254","14","SN",2004-09-19,"rep","Rep"
"2255","14","SN",2009-08-30,"cdu","CDU"
"2256","14","SN",2009-08-30,"linke_pds","Linke"
"2257","14","SN",2009-08-30,"spd","SPD"
"2258","14","SN",2009-08-30,"fdp","FDP"
"2259","14","SN",2009-08-30,"gruene","Grüne"
"2260","14","SN",2009-08-30,"npd","NPD"
"2261","14","SN",2009-08-30,"tierschutz","Die Tierschutzpartei"
"2262","14","SN",2009-08-30,"piraten","Piraten"
"2263","14","SN",2009-08-30,"freie_sachsen","FS"
"2264","14","SN",2009-08-30,"pbc","BündnisC"
"2265","14","SN",2009-08-30,"svp","proDeutschland"
"2266","14","SN",2009-08-30,"bueso","BÜSO"
"2267","14","SN",2009-08-30,"rep","Rep"
"2268","14","SN",2009-08-30,"dsu","DSU"
"2269","14","SN",2009-08-30,"humanwirtschaft","Humanwirtschaft"
"2270","14","SN",2009-08-30,"fp_deutschlands","FPDeutschlands"
"2271","14","SN",2014-08-31,"cdu","CDU"
"2272","14","SN",2014-08-31,"linke_pds","Linke"
"2273","14","SN",2014-08-31,"spd","SPD"
"2274","14","SN",2014-08-31,"afd","AfD"
"2275","14","SN",2014-08-31,"gruene","Grüne"
"2276","14","SN",2014-08-31,"npd","NPD"
"2277","14","SN",2014-08-31,"fdp","FDP"
"2278","14","SN",2014-08-31,"freie_wahler","FW-SN"
"2279","14","SN",2014-08-31,"tierschutz","Die Tierschutzpartei"
"2280","14","SN",2014-08-31,"piraten","Piraten"
"2281","14","SN",2014-08-31,"die_partei","DiePartei"
"2282","14","SN",2014-08-31,"bueso","BÜSO"
"2283","14","SN",2014-08-31,"pro_deutschland","proDeutschland"
"2284","14","SN",2014-08-31,"dsu","DSU"
"2285","14","SN",2019-09-01,"cdu","CDU"
"2286","14","SN",2019-09-01,"afd","AfD"
"2287","14","SN",2019-09-01,"linke_pds","Linke"
"2288","14","SN",2019-09-01,"gruene","Grüne"
"2289","14","SN",2019-09-01,"spd","SPD"
"2290","14","SN",2019-09-01,"fdp","FDP"
"2291","14","SN",2019-09-01,"freie_wahler","FW-SN"
"2292","14","SN",2019-09-01,"die_partei","DiePartei"
"2293","14","SN",2019-09-01,"tierschutz","Die Tierschutzpartei"
"2294","14","SN",2019-09-01,"npd","NPD"
"2295","14","SN",2019-09-01,"gesundheitsforschung","Gesundheitsforschung"
"2296","14","SN",2019-09-01,"blaue_teampetry","Blaue"
"2297","14","SN",2019-09-01,"piraten","Piraten"
"2298","14","SN",2019-09-01,"odp","ÖDP"
"2299","14","SN",2019-09-01,"die_humanisten","Die Humanisten"
"2300","14","SN",2019-09-01,"adpm","ADPM"
"2301","14","SN",2019-09-01,"partei_der_vernunft","Vernunft"
"2302","14","SN",2019-09-01,"kpd","KPD (1990)"
"2303","14","SN",2019-09-01,"bueso","BÜSO"
"2304","14","SN",2024-09-01,"cdu","CDU"
"2305","14","SN",2024-09-01,"afd","AfD"
"2306","14","SN",2024-09-01,"bsw","BSW"
"2307","14","SN",2024-09-01,"spd","SPD"
"2308","14","SN",2024-09-01,"gruene","Grüne"
"2309","14","SN",2024-09-01,"linke_pds","Linke"
"2310","14","SN",2024-09-01,"freie_wahler","FW-SN"
"2311","14","SN",2024-09-01,"freie_sachsen","FS (2021)"
"2312","14","SN",2024-09-01,"tierschutz_hier","TIERSCHUTZliste"
"2313","14","SN",2024-09-01,"fdp","FDP"
"2314","14","SN",2024-09-01,"die_partei","DiePartei"
"2315","14","SN",2024-09-01,"piraten","Piraten"
"2316","14","SN",2024-09-01,"bundnis_deutschland","BD"
"2317","14","SN",2024-09-01,"werteunion","WU"
"2318","14","SN",2024-09-01,"diebasis","dieBasis"
"2319","14","SN",2024-09-01,"bundnis_c","BündnisC"
"2320","14","SN",2024-09-01,"v_partei3","VPartei3"
"2321","14","SN",2024-09-01,"odp","ÖDP"
"2322","14","SN",2024-09-01,"bueso","BÜSO"
"2323","15","ST",1990-10-14,"cdu","CDU"
"2324","15","ST",1990-10-14,"spd","SPD"
"2325","15","ST",1990-10-14,"fdp","FDP"
"2326","15","ST",1990-10-14,"linke_pds","Linke"
"2327","15","ST",1990-10-14,"grue_nf","Grüne"
"2328","15","ST",1990-10-14,"dsu","DSU"
"2329","15","ST",1990-10-14,"dfd","DFD"
"2330","15","ST",1990-10-14,"rep","Rep"
"2331","15","ST",1990-10-14,"dbu","DBU"
"2332","15","ST",1990-10-14,"chr_l","CHRLiga"
"2333","15","ST",1990-10-14,"npd","NPD"
"2334","15","ST",1990-10-14,"csp","CSP"
"2335","15","ST",1990-10-14,"uspd","USPD (1950)"
"2336","15","ST",1994-06-26,"cdu","CDU"
"2337","15","ST",1994-06-26,"spd","SPD"
"2338","15","ST",1994-06-26,"linke_pds","Linke"
"2339","15","ST",1994-06-26,"bue90_gruene","Grüne"
"2340","15","ST",1994-06-26,"fdp","FDP"
"2341","15","ST",1994-06-26,"rep","Rep"
"2342","15","ST",1994-06-26,"alp","ALP"
"2343","15","ST",1994-06-26,"graue","Graue"
"2344","15","ST",1994-06-26,"statt_partei","STATT"
"2345","15","ST",1994-06-26,"dsu","DSU"
"2346","15","ST",1994-06-26,"opde","OPDE"
"2347","15","ST",1994-06-26,"de","DemE"
"2348","15","ST",1998-04-26,"spd","SPD"
"2349","15","ST",1998-04-26,"cdu","CDU"
"2350","15","ST",1998-04-26,"linke_pds","Linke"
"2351","15","ST",1998-04-26,"dvu","DVU"
"2352","15","ST",1998-04-26,"fdp","FDP"
"2353","15","ST",1998-04-26,"gruene","Grüne"
"2354","15","ST",1998-04-26,"future","future"
"2355","15","ST",1998-04-26,"rep","Rep"
"2356","15","ST",1998-04-26,"forum","Forum"
"2357","15","ST",1998-04-26,"dmp","DMP"
"2358","15","ST",2002-04-21,"cdu","CDU"
"2359","15","ST",2002-04-21,"linke_pds","Linke"
"2360","15","ST",2002-04-21,"spd","SPD"
"2361","15","ST",2002-04-21,"fdp","FDP"
"2362","15","ST",2002-04-21,"schill","PRO (Schill)"
"2363","15","ST",2002-04-21,"gruene","Grüne"
"2364","15","ST",2002-04-21,"fdvp","FDVP"
"2365","15","ST",2002-04-21,"spass","Spasspartei"
"2366","15","ST",2002-04-21,"pro_dm","Pro DM/Schill"
"2367","15","ST",2002-04-21,"mlpd","MLPD"
"2368","15","ST",2002-04-21,"opdm","OPdM"
"2369","15","ST",2002-04-21,"odp","ÖDP"
"2370","15","ST",2002-04-21,"r_b_p","R-B-P"
"2371","15","ST",2002-04-21,"buendnis_dkp_kpd","KPD (1990)"
"2372","15","ST",2006-03-26,"cdu","CDU"
"2373","15","ST",2006-03-26,"linke_pds","Linke"
"2374","15","ST",2006-03-26,"spd","SPD"
"2375","15","ST",2006-03-26,"fdp","FDP"
"2376","15","ST",2006-03-26,"gruene","Grüne"
"2377","15","ST",2006-03-26,"dvu","DVU"
"2378","15","ST",2006-03-26,"eltern","Eltern"
"2379","15","ST",2006-03-26,"gut","GUT"
"2380","15","ST",2006-03-26,"rep","Rep"
"2381","15","ST",2006-03-26,"mlpd","MLPD"
"2382","15","ST",2006-03-26,"bbw","FW-ST"
"2383","15","ST",2006-03-26,"future","future"
"2384","15","ST",2006-03-26,"agfg","AGFG"
"2385","15","ST",2006-03-26,"buendnis_offensive_fuer_sachsen_anhalt","PRO (Schill)"
"2386","15","ST",2006-03-26,"pro_dm","Pro DM/Schill"
"2387","15","ST",2006-03-26,"buendnis_dkp_kpd","KPD (1990)"
"2388","15","ST",2006-03-26,"fpdeutsch_land","FPDeutschlands"
"2389","15","ST",2011-03-20,"cdu","CDU"
"2390","15","ST",2011-03-20,"linke_pds","Linke"
"2391","15","ST",2011-03-20,"spd","SPD"
"2392","15","ST",2011-03-20,"gruene","Grüne"
"2393","15","ST",2011-03-20,"npd","NPD"
"2394","15","ST",2011-03-20,"fdp","FDP"
"2395","15","ST",2011-03-20,"freiewaehler","FW-ST"
"2396","15","ST",2011-03-20,"tier_schutz_partei","Die Tierschutzpartei"
"2397","15","ST",2011-03-20,"piraten","Piraten"
"2398","15","ST",2011-03-20,"spv","SarazzP"
"2399","15","ST",2011-03-20,"mlpd","MLPD"
"2400","15","ST",2011-03-20,"kpd","KPD (1990)"
"2401","15","ST",2011-03-20,"odp","ÖDP"
"2402","15","ST",2016-03-13,"cdu","CDU"
"2403","15","ST",2016-03-13,"afd","AfD"
"2404","15","ST",2016-03-13,"linke_pds","Linke"
"2405","15","ST",2016-03-13,"spd","SPD"
"2406","15","ST",2016-03-13,"gruene","Grüne"
"2407","15","ST",2016-03-13,"fdp","FDP"
"2408","15","ST",2016-03-13,"freiewaehler","FW-ST"
"2409","15","ST",2016-03-13,"npd","NPD"
"2410","15","ST",2016-03-13,"tierschutz","Die Tierschutzpartei"
"2411","15","ST",2016-03-13,"tierschutzallianz","Tierschutzallianz"
"2412","15","ST",2016-03-13,"alfa","LKR"
"2413","15","ST",2016-03-13,"die_partei","DiePartei"
"2414","15","ST",2016-03-13,"mg","MG"
"2415","15","ST",2016-03-13,"fbm","FBM"
"2416","15","ST",2016-03-13,"die_rechte","Rechte"
"2417","15","ST",2021-06-06,"cdu","CDU"
"2418","15","ST",2021-06-06,"afd","AfD"
"2419","15","ST",2021-06-06,"linke_pds","Linke"
"2420","15","ST",2021-06-06,"spd","SPD"
"2421","15","ST",2021-06-06,"fdp","FDP"
"2422","15","ST",2021-06-06,"gruene","Grüne"
"2423","15","ST",2021-06-06,"freie_wahler","FW-ST"
"2424","15","ST",2021-06-06,"diebasis","dieBasis"
"2425","15","ST",2021-06-06,"tierschutz","Die Tierschutzpartei"
"2426","15","ST",2021-06-06,"gartenpartei","MG"
"2427","15","ST",2021-06-06,"die_partei","DiePartei"
"2428","15","ST",2021-06-06,"tierschutz_hier","TIERSCHUTZliste"
"2429","15","ST",2021-06-06,"tierschutzallianz","Tierschutzallianz"
"2430","15","ST",2021-06-06,"gesundheitsforschung","Gesundheitsforschung"
"2431","15","ST",2021-06-06,"piraten","Piraten"
"2432","15","ST",2021-06-06,"npd","NPD"
"2433","15","ST",2021-06-06,"wir2020","Wir2020"
"2434","15","ST",2021-06-06,"fbm","FBM"
"2435","15","ST",2021-06-06,"die_humanisten","Die Humanisten"
"2436","15","ST",2021-06-06,"odp","ÖDP"
"2437","15","ST",2021-06-06,"klimaliste","Klimaliste"
"2438","15","ST",2021-06-06,"lkr","LKR"
"2439","16","TH",1994-10-16,"cdu","CDU"
"2440","16","TH",1994-10-16,"spd","SPD"
"2441","16","TH",1994-10-16,"linke_pds","Linke"
"2442","16","TH",1994-10-16,"gruene","Grüne"
"2443","16","TH",1994-10-16,"fdp","FDP"
"2444","16","TH",1994-10-16,"rep","Rep"
"2445","16","TH",1994-10-16,"forum","Forum"
"2446","16","TH",1994-10-16,"graue","Graue"
"2447","16","TH",1994-10-16,"statt_partei","STATT"
"2448","16","TH",1994-10-16,"dsu","DSU"
"2449","16","TH",1994-10-16,"odp","ÖDP"
"2450","16","TH",1999-09-12,"cdu","CDU"
"2451","16","TH",1999-09-12,"linke_pds","Linke"
"2452","16","TH",1999-09-12,"spd","SPD"
"2453","16","TH",1999-09-12,"dvu","DVU"
"2454","16","TH",1999-09-12,"gruene","Grüne"
"2455","16","TH",1999-09-12,"fdp","FDP"
"2456","16","TH",1999-09-12,"vibt","VIBT"
"2457","16","TH",1999-09-12,"rep","Rep"
"2458","16","TH",1999-09-12,"die_frauen","DieFrauen"
"2459","16","TH",1999-09-12,"forum","Forum"
"2460","16","TH",1999-09-12,"npd","NPD"
"2461","16","TH",1999-09-12,"dsu","DSU"
"2462","16","TH",1999-09-12,"pbc","BündnisC"
"2463","16","TH",2004-06-13,"cdu","CDU"
"2464","16","TH",2004-06-13,"linke_pds","Linke"
"2465","16","TH",2004-06-13,"spd","SPD"
"2466","16","TH",2004-06-13,"gruene","Grüne"
"2467","16","TH",2004-06-13,"fdp","FDP"
"2468","16","TH",2004-06-13,"fr_waehler","FW-TH"
"2469","16","TH",2004-06-13,"rep","Rep"
"2470","16","TH",2004-06-13,"npd","NPD"
"2471","16","TH",2004-06-13,"graue","Graue"
"2472","16","TH",2004-06-13,"odad","ODAD"
"2473","16","TH",2004-06-13,"vibt","VIBT"
"2474","16","TH",2004-06-13,"odp","ÖDP"
"2475","16","TH",2004-06-13,"bsu","BSU"
"2476","16","TH",2004-06-13,"kpd","KPD (1990)"
"2477","16","TH",2009-08-30,"cdu","CDU"
"2478","16","TH",2009-08-30,"linke_pds","Linke"
"2479","16","TH",2009-08-30,"spd","SPD"
"2480","16","TH",2009-08-30,"fdp","FDP"
"2481","16","TH",2009-08-30,"gruene","Grüne"
"2482","16","TH",2009-08-30,"npd","NPD"
"2483","16","TH",2009-08-30,"freie_wahler","FW-TH"
"2484","16","TH",2009-08-30,"rep","Rep"
"2485","16","TH",2009-08-30,"odp","ÖDP"
"2486","16","TH",2014-09-14,"cdu","CDU"
"2487","16","TH",2014-09-14,"linke_pds","Linke"
"2488","16","TH",2014-09-14,"spd","SPD"
"2489","16","TH",2014-09-14,"afd","AfD"
"2490","16","TH",2014-09-14,"gruene","Grüne"
"2491","16","TH",2014-09-14,"npd","NPD"
"2492","16","TH",2014-09-14,"fdp","FDP"
"2493","16","TH",2014-09-14,"freie_wahler","FW-TH"
"2494","16","TH",2014-09-14,"piraten","Piraten"
"2495","16","TH",2014-09-14,"die_partei","DiePartei"
"2496","16","TH",2014-09-14,"rep","Rep"
"2497","16","TH",2014-09-14,"kpd","KPD (1990)"
"2498","16","TH",2019-10-27,"linke_pds","Linke"
"2499","16","TH",2019-10-27,"afd","AfD"
"2500","16","TH",2019-10-27,"cdu","CDU"
"2501","16","TH",2019-10-27,"spd","SPD"
"2502","16","TH",2019-10-27,"gruene","Grüne"
"2503","16","TH",2019-10-27,"fdp","FDP"
"2504","16","TH",2019-10-27,"die_partei","DiePartei"
"2505","16","TH",2019-10-27,"tierschutz_hier","TIERSCHUTZliste"
"2506","16","TH",2019-10-27,"npd","NPD"
"2507","16","TH",2019-10-27,"graue","Graue"
"2508","16","TH",2019-10-27,"gesundheitsforschung","Gesundheitsforschung"
"2509","16","TH",2019-10-27,"odp","ÖDP"
"2510","16","TH",2019-10-27,"piraten","Piraten"
"2511","16","TH",2019-10-27,"mlpd","MLPD"
"2512","16","TH",2019-10-27,"bge","BGE"
"2513","16","TH",2019-10-27,"die_direkte","DieDirekte"
"2514","16","TH",2019-10-27,"blaue_teampetry_thueringen","Blaue"
"2515","16","TH",2019-10-27,"kpd","KPD (1990)"
"2516","16","TH",2024-09-01,"afd","AfD"
"2517","16","TH",2024-09-01,"cdu","CDU"
"2518","16","TH",2024-09-01,"bsw","BSW"
"2519","16","TH",2024-09-01,"linke_pds","Linke"
"2520","16","TH",2024-09-01,"spd","SPD"
"2521","16","TH",2024-09-01,"gruene","Grüne"
"2522","16","TH",2024-09-01,"freie_wahler","FW-TH"
"2523","16","TH",2024-09-01,"fdp","FDP"
"2524","16","TH",2024-09-01,"tierschutz_hier","TIERSCHUTZliste"
"2525","16","TH",2024-09-01,"werteunion","WU"
"2526","16","TH",2024-09-01,"familie","Familie"
"2527","16","TH",2024-09-01,"bundnis_deutschland","BD"
"2528","16","TH",2024-09-01,"piraten","Piraten"
"2529","16","TH",2024-09-01,"odp","ÖDP"
"2530","16","TH",2024-09-01,"mlpd","MLPD"
