state_abb,state,election_date,partyname_gerda,partyname_short,vshare_opt1,vshare_opt2,vshare_opt3,party_vshare
BB,12,1990-10-14,spd,SPD,0.3672853963948151,0.35735175374677514,0.34844343593075394,0.3823939913933995
BB,12,1990-10-14,cdu,CDU,0.3293227145637058,0.28255328856240686,0.27550959990526513,0.29403425370474745
BB,12,1990-10-14,linke_pds,Linke,0.08905591329844142,0.13391233563752616,0.13057407401480553,0.13407896657995175
BB,12,1990-10-14,buendnis_90,Grüne,0.0579210965780479,0.06725978297260571,0.06558308342748143,0.02844636888436038
BB,12,1990-10-14,fdp,FDP,0.06157170548350985,0.06255374808804512,0.06099436391626207,0.06633220975487987
BB,12,1990-10-14,gruene,Grüne (BB 1990),0.04497765851344662,0.04920863120441669,0.04798192356561508,0.06415308507849088
BB,12,1990-10-14,rep,Rep,0.01952907920906419,0.02133183659268303,0.0208000614496353,0.01148514882573753
BB,12,1990-10-14,dsu,DSU,0.01727827659077462,0.01738483959272899,0.01695145798861261,0.00985316028027185
BB,12,1990-10-14,dbu,DBU,0.00840257447089211,0.00578427897145032,0.00564008436522846,0.00342411449510403
BB,12,1990-10-14,dfp,DFP,0.0046555848973023,0.00265950463136196,0.0025932066147972,0.00143103180297447
BB,12,1990-10-14,chr_l,,0,0,0,
BB,12,1990-10-14,domowina,,0,0,0,
BB,12,1990-10-14,npd,NPD,0,0,0,0.00130778880074353
BB,12,1990-10-14,other,,0,0,0,
BB,12,1994-09-11,spd,SPD,0.5466266623135652,0.5024736290298798,0.49162009505682613,0.5414288366157689
BB,12,1994-09-11,cdu,CDU,0.22170593392633808,0.18585928228657897,0.18184468347390215,0.18721683104497217
BB,12,1994-09-11,linke_pds,Linke,0.12213176329088654,0.17771283124511247,0.1738741974543396,0.1871496680562565
BB,12,1994-09-11,other,,0.05040770039155005,0.07227776235467112,0.07071654778759565,
BB,12,1994-09-11,gruene,Grüne,0.02404344510980446,0.02721551232340119,0.02662765164667992,0.02894818095574798
BB,12,1994-09-11,fdp,FDP,0.02232606353806275,0.02129405627366218,0.02083410026833605,0.02195949885216586
BB,12,1994-09-11,rep,Rep,0.01190614487968264,0.01091142425102174,0.01067573523778633,0.01132442615289467
BB,12,1994-09-11,freie_wahler,BürgerBündnis,0.00250709214350836,0.00225550223567252,0.00220678292240541,0.00970598468870421
BB,12,1994-09-11,einzelbewerber,,0,0,0,
BB,12,1999-09-05,spd,SPD,0.3958754946742593,0.39329206508265874,0.3932925540511979,0.3932662651039588
BB,12,1999-09-05,cdu,CDU,0.29895970557153795,0.2645614802861011,0.26456180920766353,0.26546137377989043
BB,12,1999-09-05,linke_pds,Linke,0.1901819769135393,0.23368613170448485,0.233686422239628,0.23341648826154796
BB,12,1999-09-05,dvu,DVU,0.06257581074715306,0.05322187010074211,0.05322193626993896,0.05283845567691135
BB,12,1999-09-05,gruene,Grüne,0.01426369657612178,0.01886909742382178,0.01886912088321957,0.0194219674153634
BB,12,1999-09-05,fdp,FDP,0.01771610390785993,0.01787821183070154,0.01787823405816021,0.01857106571355999
BB,12,1999-09-05,npd,NPD,0.00817371225393795,0.00710279723148803,0.0071028060621884,0.00738143619144381
BB,12,1999-09-05,freie_wahler,FW-BB,0.00573561883667937,0.00552384528260131,0.0055238521502368404,0.00635726985739685
BB,12,1999-09-05,bfb,BFB,0.00269782674416839,0.00318525582129745,0.00318525978143299,0.00328567799992742
BB,12,1999-09-05,other,,0.00382779012009339,0.00267924523610304,0.0026792485671304,
BB,12,1999-09-05,buerger,,0,0,0,
BB,12,1999-09-05,einzelbewerber,,0,0,0,
BB,12,2004-09-19,spd,SPD,0.3018746994826255,0.3190308689604673,0.31905734321491236,0.3190513547247904
BB,12,2004-09-19,linke_pds,Linke,0.27339502426640694,0.27955459595588045,0.27957779433642826,0.27957779433642826
BB,12,2004-09-19,cdu,CDU,0.21166973596020552,0.1942376685833948,0.1942537870783782,0.19425122058261168
BB,12,2004-09-19,dvu,DVU,0.07176239282231814,0.06077727573682257,0.06078231923956441,0.060778897245209
BB,12,2004-09-19,gruene,Grüne,0.0271562408845851,0.03600580322085601,0.03600879110349907,0.03600536910914365
BB,12,2004-09-19,fdp,FDP,0.03470747892202703,0.03326672403734455,0.03326948462198512,0.03327034012057397
BB,12,2004-09-19,familie,Familie,0.03021962670672787,0.02638737525726985,0.02638956497041258,0.02638614297605716
BB,12,2004-09-19,50plus,50Plus,0.008889873859649,0.01012655195952801,0.01012739229486641,0.01015904574265404
BB,12,2004-09-19,afw,FW-BB,0.01170046239697495,0.00938318537287233,0.00938396402115134,0.00941561746893898
BB,12,2004-09-19,graue,Graue,0.00738950143454416,0.00893237502630439,0.00893311626482472,0.00895707022531266
BB,12,2004-09-19,aub_branden_burg,AUB-Brandenburg,0.00649914153800481,0.00852348063226365,0.00852418793935199,0.00854899739842879
BB,12,2004-09-19,brb,BRB,0.00508284118449209,0.00508893880784187,0.00508936110509885,0.00512443654724191
BB,12,2004-09-19,ja,JaZuBrandenburg,0.00402627491206152,0.00349100004619309,0.00349128974111757,0.00351952119454978
BB,12,2004-09-19,offensive_d,PRO (Schill),0.00294832074281391,0.00314369643953923,0.00314395731404241,0.00317133326888577
BB,12,2004-09-19,dkp,DKP,0.00139259776132439,0.00175106030251341,0.00175120561138634,0.00178285905917398
BB,12,2004-09-19,other,,0.00142746045552941,2.9939966090849834e-4,2.994245060992772e-4,
BB,12,2004-09-19,eb,,0,0,0,
BB,12,2009-09-27,spd,SPD,0.3245374251487253,0.33209125211690255,0.33209125211690255,0.3304045014048888
BB,12,2009-09-27,linke_pds,Linke,0.2621950314013571,0.27244494402794145,0.27244494402794145,0.2715532698409041
BB,12,2009-09-27,cdu,CDU,0.2164444763446032,0.1963916096382201,0.1963916096382201,0.19789777939717235
BB,12,2009-09-27,fdp,FDP,0.0706985225213837,0.07163136019860095,0.07163136019860095,0.07209722320234
BB,12,2009-09-27,gruene,Grüne,0.04214373590981019,0.05494703204487008,0.05494703204487008,0.05656279658563773
BB,12,2009-09-27,npd,NPD,0.03391684776688018,0.02736787722130338,0.02736787722130338,0.02559475546581677
BB,12,2009-09-27,freie_wahler,FW-BB,0.01773949427073649,0.01644911676058616,0.01644911676058616,0.01677513570030574
BB,12,2009-09-27,dvu,DVU,0.01459836707022541,0.01220788395577695,0.01220788395577695,0.01145153601656775
BB,12,2009-09-27,50plus,50Plus,0.00533596319412606,0.0053166027882041,0.0053166027882041,0.00569228398484361
BB,12,2009-09-27,rentner,Bündnis21/RRP,0.00441330795832195,0.00463407709651755,0.00463407709651755,0.00496571668051633
BB,12,2009-09-27,die_volks_initiative,Die-Volksinitiative,0.00407798925276128,0.00264674715022827,0.00264674715022827,0.00320582521195746
BB,12,2009-09-27,rep,Rep,0.00259545069522564,0.00235211393144702,0.00235211393144702,0.00225531099816954
BB,12,2009-09-27,dkp,DKP,0.00130338846584348,0.00151938306940139,0.00151938306940139,0.00154386551087978
BB,12,2009-09-27,other,,0,0,0,
BB,12,2014-09-14,spd,SPD,0.3286214159016108,0.3192301498967504,0.3192579560773685,0.31924976780601244
BB,12,2014-09-14,cdu,CDU,0.24978336519486663,0.22972150457812485,0.22974151420957797,0.22974797456956755
BB,12,2014-09-14,linke_pds,Linke,0.1678199221930397,0.1855140655429896,0.18553022453553888,0.18553033917034076
BB,12,2014-09-14,afd,AfD,0.12407513829388606,0.12160868856294174,0.12161928115001414,0.12161900739475814
BB,12,2014-09-14,gruene,Grüne,0.04542880452755882,0.06154567541646707,0.06155103628281207,0.06154735896430847
BB,12,2014-09-14,freie_wahler,FW-BB,0.02593930851541092,0.02465229848098009,0.02465444579151588,0.02665495821521065
BB,12,2014-09-14,npd,NPD,0.02818746990486812,0.01974452432771292,0.01974624415214007,0.02188244755251838
BB,12,2014-09-14,fdp,FDP,0.01397666675796031,0.01454912989802646,0.01455039718350658,0.01456061402522583
BB,12,2014-09-14,piraten,Piraten,0.01192515906387796,0.01139239608957953,0.01139338841133687,0.01478242638412431
BB,12,2014-09-14,other,,0.00134515512106267,0.00844833924609054,0.00844907512911122,
BB,12,2014-09-14,rep,Rep,0.00219281321508882,0.0018107924444989,0.00181095017152372,0.00204999184662333
BB,12,2014-09-14,dkp,DKP,0.00186510011855622,0.00178243551583785,0.00178259077286451,0.00237511407131014
BB,12,2019-09-01,spd,SPD,0.26096264576979405,0.26234156904502565,0.26234156904502565,0.2618262817503039
BB,12,2019-09-01,afd,AfD,0.28171938842791905,0.2356601733802644,0.2356601733802644,0.23514551349847365
BB,12,2019-09-01,cdu,CDU,0.16448399911667075,0.15456662661745793,0.15456662661745793,0.1557086916037075
BB,12,2019-09-01,gruene,Grüne,0.07481006103164708,0.10818817867749758,0.10818817867749758,0.1077885963705808
BB,12,2019-09-01,linke_pds,Linke,0.0942463116796803,0.1070298156461982,0.1070298156461982,0.1071514956059018
BB,12,2019-09-01,freie_wahler,FW-BB,0.04971548242694023,0.0502244735101735,0.0502244735101735,0.05047086963463931
BB,12,2019-09-01,fdp,FDP,0.03797324039614705,0.04080301239464713,0.04080301239464713,0.04083452295696961
BB,12,2019-09-01,tierschutz,Die Tierschutzpartei,0.02371943643936699,0.02612092366436431,0.02612092366436431,0.0260523624107387
BB,12,2019-09-01,piraten,Piraten,0.00615421307314714,0.00691438607166069,0.00691438607166069,0.00688637948124505
BB,12,2019-09-01,odp,ÖDP,0.00435015543176152,0.00572836549607466,0.00572836549607466,0.00572046927293049
BB,12,2019-09-01,v_partei3,VPartei3,0.00186506620692582,0.00242247549663594,0.00242247549663594,0.00241481741450913
BB,12,2019-09-01,other,,0,0,0,
BB,12,2024-09-22,spd,SPD,0.2821016599071159,0.30885275158489156,0.30886632649935336,0.3088666299507398
BB,12,2024-09-22,afd,AfD,0.3430224796045732,0.29227665015182996,0.2922894965017641,0.2922871913581275
BB,12,2024-09-22,bsw,BSW,0.14043625566489243,0.13479636140855575,0.13480228607351824,0.13480183721703043
BB,12,2024-09-22,cdu,CDU,0.1173678749649654,0.12100114538383676,0.12100646371171286,0.12101338621847486
BB,12,2024-09-22,gruene,Grüne,0.02678112781881145,0.04132371743647115,0.04132553372571113,0.04132672801822566
BB,12,2024-09-22,linke_pds,Linke,0.02396998635793575,0.02976732726013531,0.0297686356147452,0.02977186623237985
BB,12,2024-09-22,freie_wahler,FW-BB,0.02520068809716886,0.02568256885621437,0.02568369767463542,0.02568760784193594
BB,12,2024-09-22,tierschutz,Die Tierschutzpartei,0.01744789138429851,0.02000359597251078,0.02000447518470126,0.0200057404707852
BB,12,2024-09-22,plus,PB,0.00609306987242339,0.00904520270630227,0.00904560026744556,0.00904623609584055
BB,12,2024-09-22,fdp,FDP,0.00639768264600085,0.00830203505407277,0.00830239995098607,0.00830769988925286
BB,12,2024-09-22,dlw,DLW,0.00639158462859932,0.00441305737573917,0.00441325134155648,0.00441723233390094
BB,12,2024-09-22,werteunion,WU,0.0024699901859938,0.00257112034521336,0.00257123335291226,0.00258254590545271
BB,12,2024-09-22,iii_weg,DritterWeg,0.0014628445896676,0.00119333013691332,0.00119338258700305,0.00120536567531444
BB,12,2024-09-22,dkp,DKP,4.819076862891164e-4,6.67252677001758e-4,6.672820045630901e-4,6.799327925392526e-4
BB,12,2024-09-22,other,,6.49198615946084e-4,1.0388365031165096e-4,1.038882162792835e-4,
BE,11,1990-12-02,cdu,CDU,0.4038147819084607,0.4038147819084607,0.4038147819084607,0.4038147819084607
BE,11,1990-12-02,spd,SPD,0.30411826873838027,0.30411826873838027,0.30411826873838027,0.30411826873838027
BE,11,1990-12-02,linke_pds,Linke,0.09153139018560837,0.09153139018560837,0.09153139018560837,0.09153139018560837
BE,11,1990-12-02,fdp,FDP,0.0708598166202621,0.0708598166202621,0.0708598166202621,0.0708598166202621
BE,11,1990-12-02,gruene,Grüne,0.04994012474259582,0.04994012474259582,0.04994012474259582,0.04994012474259582
BE,11,1990-12-02,b90_gr,Bü90GrüUFV,0.04352767782060006,0.04352767782060006,0.04352767782060006,0.04352767782060006
BE,11,1990-12-02,rep,Rep,0.0307255652986978,0.0307255652986978,0.0307255652986978,0.0307255652986978
BE,11,1990-12-02,odp,ÖDP,0.00255547004305669,0.00255547004305669,0.00255547004305669,0.00255547004305669
BE,11,1990-12-02,dsu,DSU,0.00224792219485161,0.00224792219485161,0.00224792219485161,0.00224792219485161
BE,11,1990-12-02,ddd,DDD,6.789824474865764e-4,6.789824474865764e-4,6.789824474865764e-4,6.789824474865764e-4
BE,11,1990-12-02,other,,0,0,0,
BE,11,1995-10-22,cdu,CDU,0.3744370010292442,0.3744370010292442,0.3744370010292442,0.3744370010292442
BE,11,1995-10-22,spd,SPD,0.23559088082454563,0.23559088082454563,0.23559088082454563,0.23559088082454563
BE,11,1995-10-22,linke_pds,Linke,0.14629645827367352,0.14629645827367352,0.14629645827367352,0.14629645827367352
BE,11,1995-10-22,gruene,Grüne,0.1317947790120454,0.1317947790120454,0.1317947790120454,0.1317947790120454
BE,11,1995-10-22,rep,Rep,0.02723603001702626,0.02723603001702626,0.02723603001702626,0.02723603001702626
BE,11,1995-10-22,fdp,FDP,0.0253962110873204,0.0253962110873204,0.0253962110873204,0.0253962110873204
BE,11,1995-10-22,graue,Graue,0.01698792105852793,0.01698792105852793,0.01698792105852793,0.01698792105852793
BE,11,1995-10-22,apd,APD,0.00900139349359508,0.00900139349359508,0.00900139349359508,0.00900139349359508
BE,11,1995-10-22,wbk,WBK,0.0078481367564789,0.0078481367564789,0.0078481367564789,0.0078481367564789
BE,11,1995-10-22,pass,PASS,0.00568121227951828,0.00568121227951828,0.00568121227951828,0.00568121227951828
BE,11,1995-10-22,bsp_berlin,BSPBerlin,0.00462261245900696,0.00462261245900696,0.00462261245900696,0.00462261245900696
BE,11,1995-10-22,krpd_rz,KPD/RZ,0.00391028920683494,0.00391028920683494,0.00391028920683494,0.00391028920683494
BE,11,1995-10-22,hl_berlin,HanfLB,0.00369761069167845,0.00369761069167845,0.00369761069167845,0.00369761069167845
BE,11,1995-10-22,odp,ÖDP,0.00297450374014639,0.00297450374014639,0.00297450374014639,0.00297450374014639
BE,11,1995-10-22,naturgesetz,Naturgesetz,0.00258149780791355,0.00258149780791355,0.00258149780791355,0.00258149780791355
BE,11,1995-10-22,buergerbund,Bürgerbund (BE),0.00116463953088511,0.00116463953088511,0.00116463953088511,0.00116463953088511
BE,11,1995-10-22,wib,WiB,7.099268745364507e-4,7.099268745364507e-4,7.099268745364507e-4,7.099268745364507e-4
BE,11,1995-10-22,ufb,UFB,4.912574152910461e-5,4.912574152910461e-5,4.912574152910461e-5,4.912574152910461e-5
BE,11,1995-10-22,oekoli,ÖkoLinx,1.9770115493420144e-5,1.9770115493420144e-5,1.9770115493420144e-5,1.9770115493420144e-5
BE,11,1995-10-22,other,,0,0,0,
BE,11,1999-10-10,cdu,CDU,0.4075983514712429,0.4075983514712429,0.4075983514712429,0.4075983514712429
BE,11,1999-10-10,spd,SPD,0.2236738092679857,0.2236738092679857,0.2236738092679857,0.2236738092679857
BE,11,1999-10-10,linke_pds,Linke,0.17707421960940817,0.17707421960940817,0.17707421960940817,0.17707421960940817
BE,11,1999-10-10,gruene,Grüne,0.09933767210548128,0.09933767210548128,0.09933767210548128,0.09933767210548128
BE,11,1999-10-10,rep,Rep,0.02674254401448986,0.02674254401448986,0.02674254401448986,0.02674254401448986
BE,11,1999-10-10,fdp,FDP,0.02192410218627044,0.02192410218627044,0.02192410218627044,0.02192410218627044
BE,11,1999-10-10,graue,Graue,0.0112300265545135,0.0112300265545135,0.0112300265545135,0.0112300265545135
BE,11,1999-10-10,tierschutz,Die Tierschutzpartei,0.01070111078706759,0.01070111078706759,0.01070111078706759,0.01070111078706759
BE,11,1999-10-10,npd,NPD,0.00833857772183763,0.00833857772183763,0.00833857772183763,0.00833857772183763
BE,11,1999-10-10,pass,PASS,0.00484978024733047,0.00484978024733047,0.00484978024733047,0.00484978024733047
BE,11,1999-10-10,kpd_rz,KPD/RZ,0.00216810695482662,0.00216810695482662,0.00216810695482662,0.00216810695482662
BE,11,1999-10-10,naturgesetz,Naturgesetz,0.0019724017252759,0.0019724017252759,0.0019724017252759,0.0019724017252759
BE,11,1999-10-10,buergerbund,Bürgerbund (BE),0.0019058875296116,0.0019058875296116,0.0019058875296116,0.0019058875296116
BE,11,1999-10-10,dl,DL (1999),0.00111603145609807,0.00111603145609807,0.00111603145609807,0.00111603145609807
BE,11,1999-10-10,neue_demokratie,NeueDem,9.011394393364952e-4,9.011394393364952e-4,9.011394393364952e-4,9.011394393364952e-4
BE,11,1999-10-10,bueso,BÜSO,3.396061336321356e-4,3.396061336321356e-4,3.396061336321356e-4,3.396061336321356e-4
BE,11,1999-10-10,hp,HP,1.2663279559164378e-4,1.2663279559164378e-4,1.2663279559164378e-4,1.2663279559164378e-4
BE,11,1999-10-10,other,,0,0,0,
BE,11,2001-10-21,spd,SPD,0.29677861295675945,0.29677861295675945,0.29677861295675945,0.29677861295675945
BE,11,2001-10-21,cdu,CDU,0.23759192478707453,0.23759192478707453,0.23759192478707453,0.23759192478707453
BE,11,2001-10-21,linke_pds,Linke,0.22564124045639297,0.22564124045639297,0.22564124045639297,0.22564124045639297
BE,11,2001-10-21,fdp,FDP,0.09914940696269044,0.09914940696269044,0.09914940696269044,0.09914940696269044
BE,11,2001-10-21,gruene,Grüne,0.09121082608797428,0.09121082608797428,0.09121082608797428,0.09121082608797428
BE,11,2001-10-21,graue,Graue,0.01360961179988394,0.01360961179988394,0.01360961179988394,0.01360961179988394
BE,11,2001-10-21,rep,Rep,0.01345129603323522,0.01345129603323522,0.01345129603323522,0.01345129603323522
BE,11,2001-10-21,npd,NPD,0.00930798145549479,0.00930798145549479,0.00930798145549479,0.00930798145549479
BE,11,2001-10-21,statt_partei,STATT,0.0082521323347325,0.0082521323347325,0.0082521323347325,0.0082521323347325
BE,11,2001-10-21,odp,ÖDP,0.00203531242415319,0.00203531242415319,0.00203531242415319,0.00203531242415319
BE,11,2001-10-21,bueso,BÜSO,0.0011636516856009,0.0011636516856009,0.0011636516856009,0.0011636516856009
BE,11,2001-10-21,dkp,DKP,8.513322548970086e-4,8.513322548970086e-4,8.513322548970086e-4,8.513322548970086e-4
BE,11,2001-10-21,mlpd,MLPD,7.281293236528684e-4,7.281293236528684e-4,7.281293236528684e-4,7.281293236528684e-4
BE,11,2001-10-21,hp,HP,2.2854143745788e-4,2.2854143745788e-4,2.2854143745788e-4,2.2854143745788e-4
BE,11,2001-10-21,other,,0,0,0,
BE,11,2006-09-17,spd,SPD,0.3078756021504986,0.3078756021504986,0.3078756021504986,0.3078756021504986
BE,11,2006-09-17,cdu,CDU,0.2134714724961974,0.2134714724961974,0.2134714724961974,0.2134714724961974
BE,11,2006-09-17,linke_pds,Linke,0.13444972429039717,0.13444972429039717,0.13444972429039717,0.13444972429039717
BE,11,2006-09-17,gruene,Grüne,0.1313132779857045,0.1313132779857045,0.1313132779857045,0.1313132779857045
BE,11,2006-09-17,fdp,FDP,0.07593104174305099,0.07593104174305099,0.07593104174305099,0.07593104174305099
BE,11,2006-09-17,graue,Graue,0.03839533017994635,0.03839533017994635,0.03839533017994635,0.03839533017994635
BE,11,2006-09-17,wasg,WASG,0.02940708822344276,0.02940708822344276,0.02940708822344276,0.02940708822344276
BE,11,2006-09-17,npd,NPD,0.02557728399722656,0.02557728399722656,0.02557728399722656,0.02557728399722656
BE,11,2006-09-17,rep,Rep,0.00865572056586718,0.00865572056586718,0.00865572056586718,0.00865572056586718
BE,11,2006-09-17,tierschutz,Die Tierschutzpartei,0.00849962427986975,0.00849962427986975,0.00849962427986975,0.00849962427986975
BE,11,2006-09-17,eltern,Eltern,0.00730821030162884,0.00730821030162884,0.00730821030162884,0.00730821030162884
BE,11,2006-09-17,bildung,Bildungspartei,0.00334046052034515,0.00334046052034515,0.00334046052034515,0.00334046052034515
BE,11,2006-09-17,die_frauen,DieFrauen,0.00275673301363845,0.00275673301363845,0.00275673301363845,0.00275673301363845
BE,11,2006-09-17,appd,APPD,0.00252367762849809,0.00252367762849809,0.00252367762849809,0.00252367762849809
BE,11,2006-09-17,pass,PASS,0.00187170337349485,0.00187170337349485,0.00187170337349485,0.00187170337349485
BE,11,2006-09-17,agfg,AGFG,0.00172431943834378,0.00172431943834378,0.00172431943834378,0.00172431943834378
BE,11,2006-09-17,bueso,BÜSO,0.00169527826885588,0.00169527826885588,0.00169527826885588,0.00169527826885588
BE,11,2006-09-17,offensive_d,PRO (Schill),0.00134024997186636,0.00134024997186636,0.00134024997186636,0.00134024997186636
BE,11,2006-09-17,dap,DArbeitslosenP,0.00126909910662102,0.00126909910662102,0.00126909910662102,0.00126909910662102
BE,11,2006-09-17,humanwirtschaft,Humanwirtschaft,0.00100918063970436,0.00100918063970436,0.00100918063970436,0.00100918063970436
BE,11,2006-09-17,odp,ÖDP,7.158648278766186e-4,7.158648278766186e-4,7.158648278766186e-4,7.158648278766186e-4
BE,11,2006-09-17,forum,Forum,4.5885047790874536e-4,4.5885047790874536e-4,4.5885047790874536e-4,4.5885047790874536e-4
BE,11,2006-09-17,psg,PSG,4.102065190165208e-4,4.102065190165208e-4,4.102065190165208e-4,4.102065190165208e-4
BE,11,2006-09-17,other,,0,0,0,
BE,11,2011-09-18,spd,SPD,0.2828745162316887,0.2828745162316887,0.2828745162316887,0.2828745162316887
BE,11,2011-09-18,cdu,CDU,0.2334803601186708,0.2334803601186708,0.2334803601186708,0.2334803601186708
BE,11,2011-09-18,gruene,Grüne,0.1759277572655071,0.1759277572655071,0.1759277572655071,0.1759277572655071
BE,11,2011-09-18,linke_pds,Linke,0.11706252117288364,0.11706252117288364,0.11706252117288364,0.11706252117288364
BE,11,2011-09-18,piraten,Piraten,0.08904074432737812,0.08904074432737812,0.08904074432737812,0.08904074432737812
BE,11,2011-09-18,npd,NPD,0.02138059177995941,0.02138059177995941,0.02138059177995941,0.02138059177995941
BE,11,2011-09-18,fdp,FDP,0.01843914357182697,0.01843914357182697,0.01843914357182697,0.01843914357182697
BE,11,2011-09-18,tierschutz,Die Tierschutzpartei,0.01481947871077242,0.01481947871077242,0.01481947871077242,0.01481947871077242
BE,11,2011-09-18,pro_deutschland,proDeutschland,0.01220789975259806,0.01220789975259806,0.01220789975259806,0.01220789975259806
BE,11,2011-09-18,die_freiheit,DieFreiheit,0.00963122397232383,0.00963122397232383,0.00963122397232383,0.00963122397232383
BE,11,2011-09-18,die_partei,DiePartei,0.00880176021516782,0.00880176021516782,0.00880176021516782,0.00880176021516782
BE,11,2011-09-18,big,BIG,0.00548322081050654,0.00548322081050654,0.00548322081050654,0.00548322081050654
BE,11,2011-09-18,dkp,DKP,0.00247607250279738,0.00247607250279738,0.00247607250279738,0.00247607250279738
BE,11,2011-09-18,deutsche_konservative,DKons,0.00159596491888433,0.00159596491888433,0.00159596491888433,
BE,11,2011-09-18,odp,ÖDP,0.00132768951227941,0.00132768951227941,0.00132768951227941,0.00132768951227941
BE,11,2011-09-18,psg,PSG,0.00115659550296505,0.00115659550296505,0.00115659550296505,0.00115659550296505
BE,11,2011-09-18,bueso,BÜSO,0.00114701423844345,0.00114701423844345,0.00114701423844345,0.00114701423844345
BE,11,2011-09-18,familie,Familie,9.7249834894281e-4,9.7249834894281e-4,9.7249834894281e-4,9.7249834894281e-4
BE,11,2011-09-18,ddp,DDP (2004),8.705263193914528e-4,8.705263193914528e-4,8.705263193914528e-4,8.705263193914528e-4
BE,11,2011-09-18,unabhangige,UfBD,5.707696150726978e-4,5.707696150726978e-4,5.707696150726978e-4,5.707696150726978e-4
BE,11,2011-09-18,b,Bergpartei,4.592163209997366e-4,4.592163209997366e-4,4.592163209997366e-4,4.592163209997366e-4
BE,11,2011-09-18,appd,APPD,2.7443479094023003e-4,2.7443479094023003e-4,2.7443479094023003e-4,2.7443479094023003e-4
BE,11,2011-09-18,other,,0,0,0,
BE,11,2016-09-18,spd,SPD,0.21553123866707355,0.21553123866707355,0.21553123866707355,0.21553123866707355
BE,11,2016-09-18,cdu,CDU,0.17612674897824018,0.17612674897824018,0.17612674897824018,0.17612674897824018
BE,11,2016-09-18,linke_pds,Linke,0.15637588530604482,0.15637588530604482,0.15637588530604482,0.15637588530604482
BE,11,2016-09-18,gruene,Grüne,0.15186442502273464,0.15186442502273464,0.15186442502273464,0.15186442502273464
BE,11,2016-09-18,afd,AfD,0.1415706878004659,0.1415706878004659,0.1415706878004659,0.1415706878004659
BE,11,2016-09-18,fdp,FDP,0.06696555524230217,0.06696555524230217,0.06696555524230217,0.06696555524230217
BE,11,2016-09-18,die_partei,DiePartei,0.01952336425164616,0.01952336425164616,0.01952336425164616,0.01952336425164616
BE,11,2016-09-18,tierschutz,Die Tierschutzpartei,0.01872589316455974,0.01872589316455974,0.01872589316455974,0.01872589316455974
BE,11,2016-09-18,piraten,Piraten,0.0173266494166658,0.0173266494166658,0.0173266494166658,0.0173266494166658
BE,11,2016-09-18,graue,Graue,0.01110527413374397,0.01110527413374397,0.01110527413374397,0.01110527413374397
BE,11,2016-09-18,npd,NPD,0.00578472316928708,0.00578472316928708,0.00578472316928708,0.00578472316928708
BE,11,2016-09-18,gesundheitsforschung,Gesundheitsforschung,0.00480317324998211,0.00480317324998211,0.00480317324998211,0.00480317324998211
BE,11,2016-09-18,pro_deutschland,proDeutschland,0.00445703165850135,0.00445703165850135,0.00445703165850135,0.00445703165850135
BE,11,2016-09-18,alfa,LKR,0.00407175038176482,0.00407175038176482,0.00407175038176482,0.00407175038176482
BE,11,2016-09-18,dkp,DKP,0.0021239394827079,0.0021239394827079,0.0021239394827079,0.0021239394827079
BE,11,2016-09-18,psg,PSG,0.00125124681302055,0.00125124681302055,0.00125124681302055,0.00125124681302055
BE,11,2016-09-18,bueso,BÜSO,7.864630506082246e-4,7.864630506082246e-4,7.864630506082246e-4,7.864630506082246e-4
BE,11,2016-09-18,violetten,Violetten,5.234932902959878e-4,5.234932902959878e-4,5.234932902959878e-4,5.234932902959878e-4
BE,11,2016-09-18,menschliche_welt,MenschlWelt,5.130968113999226e-4,5.130968113999226e-4,5.130968113999226e-4,5.130968113999226e-4
BE,11,2016-09-18,b,Bergpartei,3.889506222292619e-4,3.889506222292619e-4,3.889506222292619e-4,3.889506222292619e-4
BE,11,2016-09-18,odp,ÖDP,1.804094867258369e-4,1.804094867258369e-4,1.804094867258369e-4,1.804094867258369e-4
BE,11,2016-09-18,big,,0,0,0,
BE,11,2016-09-18,die_einheit,,0,0,0,
BE,11,2016-09-18,dl,,0,0,0,
BE,11,2016-09-18,mieterpartei,Mieterpartei,0,0,0,
BE,11,2016-09-18,tierschutzallianz,,0,0,0,
BE,11,2016-09-18,other,,0,0,0,
BE,11,2021-09-26,spd,SPD,0.21427057898712387,0.21427057898712387,0.21427057898712387,0.21427057898712387
BE,11,2021-09-26,gruene,Grüne,0.1957139187029002,0.1957139187029002,0.1957139187029002,0.18876752244102096
BE,11,2021-09-26,cdu,CDU,0.1803773912203348,0.1803773912203348,0.1803773912203348,0.1803773912203348
BE,11,2021-09-26,linke_pds,Linke,0.14056543907109104,0.14056543907109104,0.14056543907109104,0.14056543907109104
BE,11,2021-09-26,afd,AfD,0.07998840620443726,0.07998840620443726,0.07998840620443726,0.07998840620443726
BE,11,2021-09-26,fdp,FDP,0.07147366363939782,0.07147366363939782,0.07147366363939782,0.07147366363939782
BE,11,2021-09-26,tierschutz,Die Tierschutzpartei,0.02202821156920266,0.02202821156920266,0.02202821156920266,0.02202821156920266
BE,11,2021-09-26,die_partei,DiePartei,0.01800551583607075,0.01800551583607075,0.01800551583607075,0.01800551583607075
BE,11,2021-09-26,diebasis,dieBasis,0.01265601120733571,0.01265601120733571,0.01265601120733571,0.01265601120733571
BE,11,2021-09-26,volt,Volt,0.01109150754475029,0.01109150754475029,0.01109150754475029,0.01109150754475029
BE,11,2021-09-26,team_todenhofer,Todenhöfer,0.01034932896516591,0.01034932896516591,0.01034932896516591,0.01034932896516591
BE,11,2021-09-26,freie_wahler,FW-BE,0.00839726755318214,0.00839726755318214,0.00839726755318214,0.00839726755318214
BE,11,2021-09-26,graue,DieGrauen,0.00489113250303019,0.00489113250303019,0.00489113250303019,0.00694639626187924
BE,11,2021-09-26,tierschutz_hier,TIERSCHUTZliste,0.00442397719886872,0.00442397719886872,0.00442397719886872,0.00442397719886872
BE,11,2021-09-26,klimaliste_berlin,Klimaliste,0.00433614541430252,0.00433614541430252,0.00433614541430252,0.00433614541430252
BE,11,2021-09-26,piraten,Piraten,0.00408417798232824,0.00408417798232824,0.00408417798232824,0.00408417798232824
BE,11,2021-09-26,gesundheitsforschung,Gesundheitsforschung,0.00268271206984383,0.00268271206984383,0.00268271206984383,0.00268271206984383
BE,11,2021-09-26,mieterpartei,Mieterpartei,0.00233907021272858,0.00233907021272858,0.00233907021272858,0.00233907021272858
BE,11,2021-09-26,die_humanisten,Die Humanisten,0.00212992077573032,0.00212992077573032,0.00212992077573032,0.00212992077573032
BE,11,2021-09-26,du,Urbane,0.00196907882024347,0.00196907882024347,0.00196907882024347,0.00196907882024347
BE,11,2021-09-26,bildet_berlin,BildetBerlin,0.00136468635269731,0.00136468635269731,0.00136468635269731,0.00136468635269731
BE,11,2021-09-26,odp,ÖDP,0.00134272840655576,0.00134272840655576,0.00134272840655576,0.00134272840655576
BE,11,2021-09-26,dkp,DKP,0.00129496987369789,0.00129496987369789,0.00129496987369789,0.00129496987369789
BE,11,2021-09-26,npd,NPD,0.0012894803871625,0.0012894803871625,0.0012894803871625,0.0012894803871625
BE,11,2021-09-26,b,Bergpartei,9.40349043511866e-4,9.40349043511866e-4,9.40349043511866e-4,9.40349043511866e-4
BE,11,2021-09-26,lkr,LKR,6.933221494194319e-4,6.933221494194319e-4,6.933221494194319e-4,6.933221494194319e-4
BE,11,2021-09-26,buendnis21,PinkeBündnis21,5.324801939325803e-4,5.324801939325803e-4,5.324801939325803e-4,5.324801939325803e-4
BE,11,2021-09-26,bueso,BÜSO,3.15645475784777e-4,3.15645475784777e-4,3.15645475784777e-4,3.15645475784777e-4
BE,11,2021-09-26,sgp,PSG,2.7008273754106137e-4,2.7008273754106137e-4,2.7008273754106137e-4,2.7008273754106137e-4
BE,11,2021-09-26,menschliche_welt,MenschlWelt,9.55170657157412e-5,9.55170657157412e-5,9.55170657157412e-5,9.55170657157412e-5
BE,11,2021-09-26,neue_demokraten,NeueDemokraten,5.215012208618055e-5,5.215012208618055e-5,5.215012208618055e-5,5.215012208618055e-5
BE,11,2021-09-26,rep,Rep,3.019217594463084e-5,3.019217594463084e-5,3.019217594463084e-5,3.019217594463084e-5
BE,11,2021-09-26,deutsche_konservative,DKons,4.940537881848683e-6,4.940537881848683e-6,4.940537881848683e-6,4.940537881848683e-6
BE,11,2021-09-26,aufn,,0,0,0,
BE,11,2021-09-26,other,,0,0,0,
BE,11,2023-02-12,cdu,CDU,0.28231214482549477,0.28231214482549477,0.28231214482549477,0.28231214482549477
BE,11,2023-02-12,gruene,Grüne,0.1881590918080772,0.1881590918080772,0.1881590918080772,0.18390886436454257
BE,11,2023-02-12,spd,SPD,0.18394380496552087,0.18394380496552087,0.18394380496552087,0.18394380496552087
BE,11,2023-02-12,linke_pds,Linke,0.12204092665110822,0.12204092665110822,0.12204092665110822,0.12204092665110822
BE,11,2023-02-12,afd,AfD,0.09089236976385429,0.09089236976385429,0.09089236976385429,0.09089236976385429
BE,11,2023-02-12,fdp,FDP,0.04642221431114275,0.04642221431114275,0.04642221431114275,0.04642221431114275
BE,11,2023-02-12,tierschutz,Die Tierschutzpartei,0.02391321545824927,0.02391321545824927,0.02391321545824927,0.02391321545824927
BE,11,2023-02-12,die_partei,DiePartei,0.01422016534156085,0.01422016534156085,0.01422016534156085,0.01422016534156085
BE,11,2023-02-12,volt,Volt,0.00926057777250372,0.00926057777250372,0.00926057777250372,0.00926057777250372
BE,11,2023-02-12,diebasis,dieBasis,0.00549951874266577,0.00549951874266577,0.00549951874266577,0.00549951874266577
BE,11,2023-02-12,team_todenhofer,Todenhöfer,0.0041704573922445,0.0041704573922445,0.0041704573922445,0.0041704573922445
BE,11,2023-02-12,graue,DieGrauen,0.00413683530451063,0.00413683530451063,0.00413683530451063,0.00425022744353467
BE,11,2023-02-12,piraten,Piraten,0.0033918753213876,0.0033918753213876,0.0033918753213876,0.0033918753213876
BE,11,2023-02-12,klimaliste_berlin,Klimaliste,0.00270492992102105,0.00270492992102105,0.00270492992102105,0.00270492992102105
BE,11,2023-02-12,freie_wahler,FW-BE,0.00258626372901915,0.00258626372901915,0.00258626372901915,0.00258626372901915
BE,11,2023-02-12,mieterpartei,Mieterpartei,0.00257241933995226,0.00257241933995226,0.00257241933995226,0.00257241933995226
BE,11,2023-02-12,gesundheitsforschung,Gesundheitsforschung,0.00248407895257307,0.00248407895257307,0.00248407895257307,0.00248407895257307
BE,11,2023-02-12,du,Urbane,0.00197315507034268,0.00197315507034268,0.00197315507034268,0.00197315507034268
BE,11,2023-02-12,die_humanisten,Die Humanisten,0.00175296335851693,0.00175296335851693,0.00175296335851693,0.00175296335851693
BE,11,2023-02-12,dkp,DKP,0.00165934891815988,0.00165934891815988,0.00165934891815988,0.00165934891815988
BE,11,2023-02-12,bildet_berlin,BildetBerlin,0.00118006935379665,0.00118006935379665,0.00118006935379665,
BE,11,2023-02-12,odp,ÖDP,0.00110359558561765,0.00110359558561765,0.00110359558561765,0.00110359558561765
BE,11,2023-02-12,npd,NPD,0.00104887728597233,0.00104887728597233,0.00104887728597233,0.00104887728597233
BE,11,2023-02-12,b,Bergpartei,7.495747794786598e-4,7.495747794786598e-4,7.495747794786598e-4,7.495747794786598e-4
BE,11,2023-02-12,sgp,SGP,5.28064554408449e-4,5.28064554408449e-4,5.28064554408449e-4,5.28064554408449e-4
BE,11,2023-02-12,buendnis21,PinkeBündnis21,5.181757050749575e-4,5.181757050749575e-4,5.181757050749575e-4,5.181757050749575e-4
BE,11,2023-02-12,lkr,LKR,3.131468955605659e-4,3.131468955605659e-4,3.131468955605659e-4,3.131468955605659e-4
BE,11,2023-02-12,bueso,BÜSO,2.6963595849320305e-4,2.6963595849320305e-4,2.6963595849320305e-4,2.6963595849320305e-4
BE,11,2023-02-12,menschliche_welt,MenschlWelt,1.0745882942394156e-4,1.0745882942394156e-4,1.0745882942394156e-4,1.0745882942394156e-4
BE,11,2023-02-12,neue_demokraten,NeueDemokraten,4.548870693406115e-5,4.548870693406115e-5,4.548870693406115e-5,4.548870693406115e-5
BE,11,2023-02-12,rep,Rep,2.9007291378241893e-5,2.9007291378241893e-5,2.9007291378241893e-5,2.9007291378241893e-5
BE,11,2023-02-12,deutsche_konservative,DKons,1.0548105955724324e-5,1.0548105955724324e-5,1.0548105955724324e-5,1.0548105955724324e-5
BE,11,2023-02-12,die_frauen,,0,0,0,
BE,11,2023-02-12,dl,,0,0,0,
BE,11,2023-02-12,ld,,0,0,0,
BE,11,2023-02-12,other,,0,0,0,
BW,08,1956-03-04,cdu,CDU,0.4924158808544178,0.426204897668742,0.4261778860799916,0.4263817946958654
BW,08,1956-03-04,spd,SPD,0.23343102086126669,0.28864573439617486,0.28862744089482206,0.28863540129123755
BW,08,1956-03-04,fdp,FDP,0.1615628632919885,0.1657131956832321,0.16570269327765955,0.1657051426304028
BW,08,1956-03-04,gb_bhe,GB/BHE,0.06876933985440642,0.06256349583981688,0.06255953075300145,0.06256106159846597
BW,08,1956-03-04,kpd,KPD (1919),0.01951289101257547,0.03204262633796719,0.03204059557236628,0.03204120791055209
BW,08,1956-03-04,gvp,GVP,0.01610764282615738,0.01549864940253438,0.01549766714459662,0.01549766714459662
BW,08,1956-03-04,bdd,BDD,0.00473343752374587,0.00553496948219238,0.00553461869241916,0.00553461869241916
BW,08,1956-03-04,dg,DG,0.00330488315297283,0.0035967962885055,0.00359656833433909,0.00359656833433909
BW,08,1956-03-04,other,,3.978785546422088e-4,1.9963490083473108e-4,1.996222485731755e-4,
BW,08,1960-05-15,cdu,CDU,0.4730612718827259,0.394549203679084,0.394549203679084,0.394549203679084
BW,08,1960-05-15,spd,SPD,0.27525238824116915,0.3530235097810457,0.3530235097810457,0.3530235097810457
BW,08,1960-05-15,fdp,FDP,0.1617272122351461,0.15835119515967117,0.15835119515967117,0.15835119515967117
BW,08,1960-05-15,gb_bhe,GB/BHE,0.0646949283124792,0.06593116639986976,0.06593116639986976,0.06593116639986976
BW,08,1960-05-15,dp,DP,0.0166070486943286,0.01607903519005887,0.01607903519005887,0.01607903519005887
BW,08,1960-05-15,bdd,BDD,0.00377911726139655,0.00520016550451746,0.00520016550451746,0.00520016550451746
BW,08,1960-05-15,vfs,VFS,0.00252859148211375,0.00505941883495672,0.00505941883495672,0.00505941883495672
BW,08,1960-05-15,dg,DG,0.00234944189064069,0.00180630545079632,0.00180630545079632,0.00180630545079632
BW,08,1960-05-15,other,,0,0,0,
BW,08,1964-04-26,cdu,CDU,0.5348267096218852,0.4592220682732683,0.4592220682732683,0.4618010271551625
BW,08,1964-04-26,spd,SPD,0.3004756700834984,0.375827954461127,0.375827954461127,0.3730251186427474
BW,08,1964-04-26,fdp,FDP,0.13672062667558735,0.1300797385247822,0.1300797385247822,0.13052622157346291
BW,08,1964-04-26,gdp,GDP,0.01653827422174425,0.01827568442681206,0.01827568442681206,0.01816596641731362
BW,08,1964-04-26,dfu,DFU,0.00836072627310218,0.01367200470456448,0.01367200470456448,0.01358904566727101
BW,08,1964-04-26,dg,DG,0.00303743437877373,0.00288072623464439,0.00288072623464439,0.00285145919736478
BW,08,1964-04-26,einzelbewerber,Wgr./Einzelbew.,4.05587454089127e-5,4.1823374801586234e-5,4.1823374801586234e-5,4.116134667771301e-5
BW,08,1964-04-26,other,,0,0,0,
BW,08,1968-04-28,cdu,CDU,0.5116850205209615,0.4404308677140673,0.4404308677140673,0.4423210139814506
BW,08,1968-04-28,spd,SPD,0.23294837402113383,0.29181604367822966,0.29181604367822966,0.28952334665157475
BW,08,1968-04-28,fdp,FDP,0.1405002995097355,0.14269543744421717,0.14269543744421717,0.14419456903033917
BW,08,1968-04-28,npd,NPD,0.09905932871458842,0.09939647772743385,0.09939647772743385,0.09822488375391636
BW,08,1968-04-28,dl,DL (1967),0.01278851185482948,0.02262354430812198,0.02262354430812198,0.02270141920231104
BW,08,1968-04-28,aud,AUD,0.00290886283312751,0.00284332335469985,0.00284332335469985,0.00283938283195358
BW,08,1968-04-28,fsu,Humanwirtschaft,6.094127176194914e-5,1.1290019515986454e-4,1.1290019515986454e-4,1.1352382854864292e-4
BW,08,1968-04-28,einzelbewerber,Wgr./Einzelbew.,4.86612738617649e-5,8.14055780703515e-5,8.14055780703515e-5,8.186071990582413e-5
BW,08,1968-04-28,other,,0,0,0,
BW,08,1972-04-23,cdu,CDU,0.6188176849779884,0.5296206665857516,0.5296206665857516,0.5291517748040947
BW,08,1972-04-23,spd,SPD,0.3015440551967391,0.3774317594146551,0.3774317594146551,0.3756161542125824
BW,08,1972-04-23,fdp,FDP,0.07462968692976099,0.08702395859909401,0.08702395859909401,0.0893953800300886
BW,08,1972-04-23,dkp,DKP,0.0039405005935513,0.00466620384433767,0.00466620384433767,0.00462527446319304
BW,08,1972-04-23,einzelbewerber,Wgr./Einzelbew.,9.264687427913076e-4,0.00109550630743667,0.00109550630743667,0.00105164844209313
BW,08,1972-04-23,dfu,DFU,1.380617358620662e-4,1.2204818471339732e-4,1.2204818471339732e-4,1.235623770033366e-4
BW,08,1972-04-23,g,G,9.918672494319716e-7,3.783043363810101e-5,3.783043363810101e-5,3.620567094475962e-5
BW,08,1972-04-23,other,,2.549956057437603e-6,2.026630373469697e-6,2.026630373469697e-6,
BW,08,1976-04-04,cdu,CDU,0.636526866391467,0.5660260482321922,0.5660260482321922,0.567207867713432
BW,08,1976-04-04,spd,SPD,0.2702780119915984,0.33471959502954796,0.33471959502954796,0.33285727039368324
BW,08,1976-04-04,fdp,FDP,0.0698103282521878,0.07704610953047253,0.07704610953047253,0.0779792417747985
BW,08,1976-04-04,npd,NPD,0.01066688726768212,0.00973307093632439,0.00973307093632439,0.00946254999707925
BW,08,1976-04-04,efp,EFP,0.0090435139890149,0.00672498444906295,0.00672498444906295,0.00652042371732486
BW,08,1976-04-04,dkp,DKP,0.00292452312846803,0.00401329717121499,0.00401329717121499,0.00413577382638435
BW,08,1976-04-04,kbw,KBW,4.65382553369681e-4,0.00118064506088563,0.00118064506088563,0.0012677132115732
BW,08,1976-04-04,einzelbewerber,Wgr./Einzelbew.,1.5159822714730077e-4,2.709329288910708e-4,2.709329288910708e-4,2.7906884469686534e-4
BW,08,1976-04-04,dfu,DFU,7.20307530884585e-5,1.1907844133158464e-4,1.1907844133158464e-4,1.2278147432555608e-4
BW,08,1976-04-04,kpd,KPD (1970),5.859018029174739e-5,6.578789134952895e-5,6.578789134952895e-5,6.524832387857199e-5
BW,08,1976-04-04,eap,BÜSO,5.978580588330946e-7,4.3151197551841565e-5,4.3151197551841565e-5,4.210280358380828e-5
BW,08,1976-04-04,g,G,1.071766984246184e-6,3.772782299614563e-5,3.772782299614563e-5,3.923716773778991e-5
BW,08,1976-04-04,spb,SpB,5.976406414760705e-7,1.9571308179250548e-5,1.9571308179250548e-5,2.072075150197894e-5
BW,08,1976-04-04,other,,0,0,0,
BW,08,1980-03-16,cdu,CDU,0.6025739097558398,0.5336977393617661,0.5336977393617661,0.5335238640117934
BW,08,1980-03-16,spd,SPD,0.27396212173512885,0.32877356925389656,0.32877356925389656,0.3254753092670544
BW,08,1980-03-16,fdp,FDP,0.07282363293504196,0.08211951485411817,0.08211951485411817,0.08301179988783537
BW,08,1980-03-16,gruene,Grüne,0.0475624280202702,0.05088227359353908,0.05088227359353908,0.05346831792269858
BW,08,1980-03-16,dkp,DKP,0.00186296004532468,0.00255234900264828,0.00255234900264828,0.00260092545793726
BW,08,1980-03-16,einzelbewerber,Wgr./Einzelbew.,5.37631585861326e-4,9.360616737927256e-4,9.360616737927256e-4,8.920877401308085e-4
BW,08,1980-03-16,npd,NPD,3.2210326870599345e-4,5.337931969740178e-4,5.337931969740178e-4,5.187226526692059e-4
BW,08,1980-03-16,kbw,KBW,3.5444872326093735e-4,4.5660958606020706e-4,4.5660958606020706e-4,4.6000351428503687e-4
BW,08,1980-03-16,eap,BÜSO,5.413572400292371e-7,3.2700844499309196e-5,3.2700844499309196e-5,3.36804114505422e-5
BW,08,1980-03-16,fap,FAP,2.22573326234589e-7,1.5388632705557267e-5,1.5388632705557267e-5,1.528913414531192e-5
BW,08,1980-03-16,other,,0,0,0,
BW,08,1984-03-25,cdu,CDU,0.5818244740948197,0.518487699510208,0.518487699510208,0.5187072087008993
BW,08,1984-03-25,spd,SPD,0.27529719766305344,0.3245090478012892,0.3245090478012892,0.32409198255725685
BW,08,1984-03-25,gruene,Grüne,0.07124298314955779,0.07989841095514294,0.07989841095514294,0.08007722701844615
BW,08,1984-03-25,fdp,FDP,0.06648359592874754,0.0716724698739397,0.0716724698739397,0.07169304625664435
BW,08,1984-03-25,dkp,DKP,0.00258447383182405,0.0029299883029272,0.0029299883029272,0.00292891510146045
BW,08,1984-03-25,einzelbewerber,Wgr./Einzelbew.,0.00227364744440305,0.00207758489875308,0.00207758489875308,0.00207798139687315
BW,08,1984-03-25,eap,BÜSO,1.4158639594390876e-4,3.5205620466143136e-4,3.5205620466143136e-4,3.509537037873324e-4
BW,08,1984-03-25,fap,FAP,1.5204149165034864e-4,7.27424530784196e-5,7.27424530784196e-5,7.268526463242546e-5
BW,08,1984-03-25,other,,0,0,0,
BW,08,1988-03-20,cdu,CDU,0.5369430941841133,0.49036132269912974,0.49036132269912974,0.4904870007802279
BW,08,1988-03-20,spd,SPD,0.2805736957190247,0.32057063090925647,0.32057063090925647,0.3203481218565898
BW,08,1988-03-20,gruene,Grüne,0.06868529715866728,0.0784788109019429,0.0784788109019429,0.07853508216992731
BW,08,1988-03-20,fdp,FDP,0.05765988953675052,0.05856670937367868,0.05856670937367868,0.05861590115090788
BW,08,1988-03-20,npd,NPD,0.02251309690554888,0.02089978254573394,0.02089978254573394,0.02088718839571944
BW,08,1988-03-20,odp,ÖDP,0.01639174022633548,0.01430133335909594,0.01430133335909594,0.01431367620993747
BW,08,1988-03-20,rep,Rep,0.00898732215001499,0.00961699148456576,0.00961699148456576,0.00961529394255341
BW,08,1988-03-20,dkp,DKP,0.00175152014825498,0.00234186260812332,0.00234186260812332,0.00233822366341387
BW,08,1988-03-20,einzelbewerber,Wgr./Einzelbew.,0.00271303367811063,0.00227279688036685,0.00227279688036685,0.00226688385674474
BW,08,1988-03-20,liga,CHRLiga,0.00201031897616249,0.00136343146490669,0.00136343146490669,0.00136345130504696
BW,08,1988-03-20,patrioten,BÜSO,0.00112462045368303,9.730867714259462e-4,9.730867714259462e-4,9.751823572558118e-4
BW,08,1988-03-20,zentrum,Zentrum,6.462013087345563e-4,2.4214115266999676e-4,2.4214115266999676e-4,2.4292434167503407e-4
BW,08,1988-03-20,fap,FAP,1.695545990959688e-7,1.1099849103718018e-5,1.1099849103718018e-5,1.10699700003813e-5
BW,08,1988-03-20,other,,0,0,0,
BW,08,1992-04-05,cdu,CDU,0.4382931807821104,0.3958706630403715,0.3958706630403715,0.3960269126377824
BW,08,1992-04-05,spd,SPD,0.26432850265175545,0.2940025650721062,0.2940025650721062,0.29388129271019414
BW,08,1992-04-05,rep,Rep,0.10694192228040866,0.10899147647914705,0.10899147647914705,0.10890934068320957
BW,08,1992-04-05,gruene,Grüne,0.08672740188823747,0.10029387402807814,0.10029387402807814,0.09451650661046364
BW,08,1992-04-05,fdp,FDP,0.05462551497878553,0.05882338652673205,0.05882338652673205,0.05883760180182692
BW,08,1992-04-05,odp,ÖDP,0.02249013286480235,0.01889999862354085,0.01889999862354085,0.01891295945061008
BW,08,1992-04-05,npd,NPD,0.00992552820561418,0.00897896689453812,0.00897896689453812,0.00897438151102835
BW,08,1992-04-05,pbc,BündnisC,0.00685030945981623,0.00550441964838755,0.00550441964838755,0.00551038663024057
BW,08,1992-04-05,deutsche_liga,DLVH,0.00559360267481389,0.00470040556963952,0.00470040556963952,0.00469874013956601
BW,08,1992-04-05,einzelbewerber,Wgr./Einzelbew.,0.00363215114888691,0.00316848750620418,0.00316848750620418,0.0031627340100893
BW,08,1992-04-05,cm,CM,3.1510704725677213e-4,3.1881222911081547e-4,3.1881222911081547e-4,3.186374199138083e-4
BW,08,1992-04-05,dkp,DKP,3.328293601869954e-5,1.607218475644365e-4,1.607218475644365e-4,1.6043000089509434e-4
BW,08,1992-04-05,liga,CHRLiga,2.0632675817969608e-4,1.287394144218912e-4,1.287394144218912e-4,1.3012206621717978e-4
BW,08,1992-04-05,afp,APD,5.264293864666776e-6,1.2044017544186362e-4,1.2044017544186362e-4,1.2022147422239436e-4
BW,08,1992-04-05,no,NO,3.177202944904828e-5,3.704294471573285e-5,3.704294471573285e-5,3.697568030705575e-5
BW,08,1992-04-05,other,,0,0,0,
BW,08,1996-03-24,cdu,CDU,0.4500880263376023,0.4126430299277277,0.4126430299277277,0.412743678107342
BW,08,1996-03-24,spd,SPD,0.2272526433847664,0.2507312355645503,0.2507312355645503,0.25064604236215204
BW,08,1996-03-24,gruene,Grüne,0.10481175673536036,0.12137013032296246,0.12137013032296246,0.1214016177239368
BW,08,1996-03-24,fdp,FDP,0.09135330980080844,0.09583180545395872,0.09583180545395872,0.09583311821232245
BW,08,1996-03-24,rep,Rep,0.09486455767459866,0.09146083138557072,0.09146083138557072,0.09139134835201976
BW,08,1996-03-24,odp,ÖDP,0.01773543660722456,0.01457089084564484,0.01457089084564484,0.01458468197659385
BW,08,1996-03-24,pbc,BündnisC,0.00622152157271545,0.004849494370528,0.004849494370528,0.00485981878833116
BW,08,1996-03-24,graue,Graue,0.0011733863550296,0.00254757088644786,0.00254757088644786,0.00254403675151736
BW,08,1996-03-24,tierschutz,Die Tierschutzpartei,0.00277059212200555,0.00219491084758405,0.00219491084758405,0.00219726516571773
BW,08,1996-03-24,naturgesetz,Naturgesetz,0.00158638054843377,0.00129210952481572,0.00129210952481572,0.00129260728546408
BW,08,1996-03-24,einzelbewerber_1,Wgr./Einzelbew.,9.359639120668548e-4,9.375647232739082e-4,9.375647232739082e-4,0.00102359280027775
BW,08,1996-03-24,nichtwaehler,Nichtwähler (BW),3.0764311048234774e-4,3.899364562734012e-4,3.899364562734012e-4,3.894125764585362e-4
BW,08,1996-03-24,dkp,DKP,9.24330984857326e-5,3.756960271506346e-4,3.756960271506346e-4,3.749898884415533e-4
BW,08,1996-03-24,cm,CM,2.606764510506813e-4,2.3957427818301335e-4,2.3957427818301335e-4,2.3954203576032336e-4
BW,08,1996-03-24,apd,APD,1.3816639603157416e-4,1.195777210161719e-4,1.195777210161719e-4,1.193529689521332e-4
BW,08,1996-03-24,bueso,BÜSO,5.321560464715147e-5,1.1538935950947583e-4,1.1538935950947583e-4,1.1517247967184832e-4
BW,08,1996-03-24,dpd,DPD (1995),9.441194948410484e-5,9.172511699664324e-5,9.172511699664324e-5,9.197076416626724e-5
BW,08,1996-03-24,einzelbewerber_2,,3.639785492902659e-5,8.75367554899472e-5,8.75367554899472e-5,
BW,08,1996-03-24,bgd,BGD,1.178658633282304e-4,8.71179193392776e-5,8.71179193392776e-5,8.695417702992541e-5
BW,08,1996-03-24,cpd,CPD,1.0561462094918852e-4,6.387251297711458e-5,6.387251297711458e-5,6.479758384441557e-5
BW,08,1996-03-24,other,,0,0,0,
BW,08,2001-03-25,cdu,CDU,0.4912776231630603,0.44793169008837225,0.44793169008837225,0.44800533596659103
BW,08,2001-03-25,spd,SPD,0.3008870954170153,0.3330004273902068,0.3330004273902068,0.3329147872003016
BW,08,2001-03-25,fdp,FDP,0.07945325595789485,0.08112564807766165,0.08112564807766165,0.08112982294593647
BW,08,2001-03-25,gruene,Grüne,0.06406593076365777,0.0773162813558595,0.0773162813558595,0.07733421500970146
BW,08,2001-03-25,rep,Rep,0.04591916826922195,0.04384386748117703,0.04384386748117703,0.04381910949656824
BW,08,2001-03-25,odp,ÖDP,0.00823127826311842,0.00716038895383146,0.00716038895383146,0.00716236978186676
BW,08,2001-03-25,pbc,BündnisC,0.00567982326252486,0.00452131522979464,0.00452131522979464,0.00453080419346586
BW,08,2001-03-25,tierschutz,Die Tierschutzpartei,0.00196056307950445,0.00197709427281645,0.00197709427281645,0.00198377182827704
BW,08,2001-03-25,npd,NPD,0.0018089339613155,0.00168966164536606,0.00168966164536606,0.00168823661709959
BW,08,2001-03-25,einzelbewerber_1,,1.570971202030923e-4,3.232511548711318e-4,3.232511548711318e-4,
BW,08,2001-03-25,einzelbewerber_2,,1.4306806326700304e-4,3.1153274775200045e-4,3.1153274775200045e-4,
BW,08,2001-03-25,dkp,DKP,6.919704705435955e-5,2.5714165055754193e-4,2.5714165055754193e-4,2.569103702842104e-4
BW,08,2001-03-25,graue,Graue,1.662579300751711e-4,1.4725394606304637e-4,1.4725394606304637e-4,1.4721582214739548e-4
BW,08,2001-03-25,bueso,BÜSO,3.2033233245651846e-6,1.286813762893288e-4,1.286813762893288e-4,1.284551851421052e-4
BW,08,2001-03-25,cm,CM,1.2804200616562035e-4,9.839039939647992e-5,9.839039939647992e-5,9.821745255710792e-5
BW,08,2001-03-25,familie,Familie,4.753376319178941e-5,9.662158322755444e-5,9.662158322755444e-5,9.645174554484532e-5
BW,08,2001-03-25,cats,CATS,6.916237356127304e-7,3.935615975859197e-5,3.935615975859197e-5,3.928698102284317e-5
BW,08,2001-03-25,rsb,RSB,1.236985669416486e-6,3.13964869984273e-5,3.13964869984273e-5,3.1341299467661406e-5
BW,08,2001-03-25,other,,0,0,0,
BW,08,2006-03-26,cdu,CDU,0.48636049326720576,0.4414566828248804,0.4414566828248804,0.44153900341234886
BW,08,2006-03-26,spd,SPD,0.22625302145223303,0.2515950997685167,0.2515950997685167,0.25152836112573423
BW,08,2006-03-26,gruene,Grüne,0.09797145613185752,0.1168860374162609,0.1168860374162609,0.1168730108834108
BW,08,2006-03-26,fdp,FDP,0.10565368019727556,0.10653493207150358,0.10653493207150358,0.10654759424988292
BW,08,2006-03-26,wasg,Linke,0.0256029729288325,0.03073914025621262,0.03073914025621262,0.0307409329106717
BW,08,2006-03-26,rep,Rep,0.02788787327883791,0.02528583798294091,0.02528583798294091,0.02526905543709752
BW,08,2006-03-26,npd,NPD,0.00846127196457607,0.00737832455268528,0.00737832455268528,0.00737738962257124
BW,08,2006-03-26,pbc,BündnisC,0.00803091712800451,0.00675351443045774,0.00675351443045774,0.00675627396250329
BW,08,2006-03-26,odp,ÖDP,0.00659285829009501,0.00549023436956532,0.00549023436956532,0.00549434873119452
BW,08,2006-03-26,tierschutz,Die Tierschutzpartei,0.00129117633560207,0.00209146967229847,0.00209146967229847,0.00209033193077337
BW,08,2006-03-26,adm,ADM,0.00202119986208692,0.00187190077104604,0.00187190077104604,0.00187092156142417
BW,08,2006-03-26,graue,Graue,7.513191582991101e-4,0.00149574989989125,0.00149574989989125,0.00149345493061052
BW,08,2006-03-26,einzelbewerber,Wgr./Einzelbew.,0.00238900758445032,0.00148942591079988,0.00148942591079988,0.00148764775167492
BW,08,2006-03-26,agfg,AGFG,2.9659348332893894e-4,2.1906298212511836e-4,2.1906298212511836e-4,2.1865291122717052e-4
BW,08,2006-03-26,deutschland,AbJetzt,1.6753358929292144e-4,1.9401998532328612e-4,1.9401998532328612e-4,1.9365679320004596e-4
BW,08,2006-03-26,die_partei,DiePartei,4.928145068829448e-5,1.8769599623191433e-4,1.8769599623191433e-4,1.873446421830953e-4
BW,08,2006-03-26,unabhangige,UfBD,9.393771790281764e-5,1.4064551739210833e-4,1.4064551739210833e-4,1.4038223861698247e-4
BW,08,2006-03-26,zentrum,Zentrum,6.151196033659622e-5,1.0953149106255918e-4,1.0953149106255918e-4,1.0932645561358526e-4
BW,08,2006-03-26,dpp,DPP,6.239986316742036e-5,4.426792363960244e-5,4.426792363960244e-5,4.5952459403400734e-5
BW,08,2006-03-26,rsb,RSB,1.4943559266285768e-6,3.642617716630144e-5,3.642617716630144e-5,3.635798985763574e-5
BW,08,2006-03-26,other,,0,0,0,
BW,08,2011-03-27,cdu,CDU,0.4386744376077852,0.38993733949501,0.38993733949501,0.3900524889144031
BW,08,2011-03-27,gruene,Grüne,0.2106212912755944,0.24206815440313748,0.24206815440313748,0.24202448011214112
BW,08,2011-03-27,spd,SPD,0.21406566614174247,0.2313530834443059,0.2313530834443059,0.23127186745480635
BW,08,2011-03-27,fdp,FDP,0.05216384805177464,0.05272120396277751,0.05272120396277751,0.05272849452386862
BW,08,2011-03-27,linke_pds,Linke,0.0239250402492319,0.02803363223922976,0.02803363223922976,0.02803127543908475
BW,08,2011-03-27,piraten,Piraten,0.02040114413765739,0.02079606053577967,0.02079606053577967,0.02079130063312157
BW,08,2011-03-27,rep,Rep,0.01332355034183123,0.01137869591064738,0.01137869591064738,0.01138166096443238
BW,08,2011-03-27,npd,NPD,0.01124062183308266,0.00967863429120152,0.00967863429120152,0.00967690995419284
BW,08,2011-03-27,odp,ÖDP,0.01058325946408827,0.00852543018050518,0.00852543018050518,0.00853559359987993
BW,08,2011-03-27,auf,AUF,0.00222729336307374,0.00209256904854832,0.00209256904854832,0.00209080808930038
BW,08,2011-03-27,pbc,BündnisC,0.00123698811904659,9.305219645388732e-4,9.305219645388732e-4,9.334394655878472e-4
BW,08,2011-03-27,big,BIG,2.860634081422483e-4,6.959821950751874e-4,6.959821950751874e-4,6.948626116360092e-4
BW,08,2011-03-27,volksabstimmung,AbJetzt,5.614705010598349e-4,5.004318988556791e-4,5.004318988556791e-4,4.996268850631427e-4
BW,08,2011-03-27,einzelbewerber,Wgr./Einzelbew.,7.844322955770631e-5,4.7591274557841286e-4,4.7591274557841286e-4,4.751471742287235e-4
BW,08,2011-03-27,violetten,Violetten,2.0582833639383168e-4,3.732136691465847e-4,3.732136691465847e-4,3.7361657027613313e-4
BW,08,2011-03-27,familie,Familie,2.6953691732344373e-4,2.5825501607612355e-4,2.5825501607612355e-4,2.578395772313808e-4
BW,08,2011-03-27,die_partei,DiePartei,1.2018668430025618e-4,7.717503982352641e-5,7.717503982352641e-5,7.70508931181714e-5
BW,08,2011-03-27,bueso,BÜSO,1.0452470527718714e-6,6.16998365255797e-5,6.16998365255797e-5,6.160058382103807e-5
BW,08,2011-03-27,dkp,DKP,1.3437707324673593e-5,2.1102549951745505e-5,2.1102549951745505e-5,2.106860358699999e-5
BW,08,2011-03-27,rsb,RSB,8.473839367554347e-7,2.0901573285538404e-5,2.0901573285538404e-5,2.086795021950475e-5
BW,08,2011-03-27,other,,0,0,0,
BW,08,2016-03-13,gruene,Grüne,0.2821670566863017,0.30277444933377456,0.30277444933377456,0.3027478666355794
BW,08,2016-03-13,cdu,CDU,0.3109708004857126,0.26990459858404786,0.26990459858404786,0.26998591746327816
BW,08,2016-03-13,afd,AfD,0.1534502684997903,0.15100643364922048,0.15100643364922048,0.15100284448589416
BW,08,2016-03-13,spd,SPD,0.11378225557962246,0.12682302765480752,0.12682302765480752,0.1267851713686174
BW,08,2016-03-13,fdp,FDP,0.08106446191986615,0.08310081974702248,0.08310081974702248,0.08309591979482397
BW,08,2016-03-13,linke_pds,Linke,0.0202951192893434,0.02915891335920644,0.02915891335920644,0.02914245744928887
BW,08,2016-03-13,alfa,LKR,0.01080365329565087,0.01020400346261979,0.01020400346261979,0.01020526929354161
BW,08,2016-03-13,odp,ÖDP,0.00826235307008788,0.00717710724760403,0.00717710724760403,0.00718433201212403
BW,08,2016-03-13,npd,NPD,0.00545836402051593,0.00440133131116736,0.00440133131116736,0.0044036372114712
BW,08,2016-03-13,piraten,Piraten,0.00294522558676335,0.00406314105504522,0.00406314105504522,0.0040615528095127
BW,08,2016-03-13,tierschutz,Die Tierschutzpartei,0.002736915038324,0.00326138724895679,0.00326138724895679,0.00326192585684308
BW,08,2016-03-13,rep,Rep,0.00403975306202715,0.00325839772183085,0.00325839772183085,0.00325950104919561
BW,08,2016-03-13,die_partei,DiePartei,0.00179592448990215,0.00318253847101008,0.00318253847101008,0.00317985544415947
BW,08,2016-03-13,freie_wahler,FW-BW,0.00115807764783057,8.682707846406317e-4,8.682707846406317e-4,8.667754721380275e-4
BW,08,2016-03-13,einzelbewerber,Wgr./Einzelbew.,3.90184107090677e-4,2.1038797148813243e-4,2.1038797148813243e-4,2.107717416647237e-4
BW,08,2016-03-13,menschliche_welt,MenschlWelt,2.432083542301034e-4,1.6255553747306857e-4,1.6255553747306857e-4,1.635812543716484e-4
BW,08,2016-03-13,die_rechte,Rechte,9.04847138955944e-5,1.341550297766244e-4,1.341550297766244e-4,1.3392399160643508e-4
BW,08,2016-03-13,bundnis_c,BündnisC,1.2764584992743642e-4,1.124809581135486e-4,1.124809581135486e-4,1.1228724644439263e-4
BW,08,2016-03-13,tierschutzallianz,Tierschutzallianz,1.8228327053191064e-4,8.893843199675935e-5,8.893843199675935e-5,8.953135929121007e-5
BW,08,2016-03-13,die_einheit,Einheit,1.8822460776574973e-5,3.998492530946744e-5,3.998492530946744e-5,3.991606435066449e-5
BW,08,2016-03-13,bueso,BÜSO,5.578611801301892e-7,3.101634393164297e-5,3.101634393164297e-5,3.096292842154348e-5
BW,08,2016-03-13,dkp,DKP,1.3187723971211378e-5,2.6905744133473415e-5,2.6905744133473415e-5,2.685940778736302e-5
BW,08,2016-03-13,arminius_bund,Arminius,3.3969866578233673e-6,9.155426823195815e-6,9.155426823195815e-6,9.139659594311028e-6
BW,08,2016-03-13,other,,0,0,0,
BW,08,2021-03-14,gruene,Grüne,0.30001845546274447,0.3264130437244185,0.3264130437244185,0.32640039377313307
BW,08,2021-03-14,cdu,CDU,0.2746823342235753,0.24048316922513768,0.24048316922513768,0.2405471092471455
BW,08,2021-03-14,spd,SPD,0.09669685269690158,0.11021597965767964,0.11021597965767964,0.11019083469162703
BW,08,2021-03-14,fdp,FDP,0.10755196182939286,0.10463279423000156,0.10463279423000156,0.10462253359346176
BW,08,2021-03-14,afd,AfD,0.1078067161012696,0.09743944274790144,0.09743944274790144,0.09743189377179556
BW,08,2021-03-14,linke_pds,Linke,0.02556438533021382,0.03567379406879965,0.03567379406879965,0.03566449524873288
BW,08,2021-03-14,freie_wahler,FW-BW,0.03423744158329573,0.03009431443181067,0.03009431443181067,0.03009660570275519
BW,08,2021-03-14,die_partei,DiePartei,0.00991314015506918,0.012238785505335,0.012238785505335,0.01223606386549157
BW,08,2021-03-14,diebasis,dieBasis,0.01094526163388211,0.00998092958935927,0.00998092958935927,0.00997952322090619
BW,08,2021-03-14,klimaliste_bw,Klimaliste,0.00696311890830758,0.0087845768285555,0.0087845768285555,0.00878355256375406
BW,08,2021-03-14,w2020,Wir2020,0.01000340717911528,0.00846196716134168,0.00846196716134168,0.00846315918571107
BW,08,2021-03-14,odp,ÖDP,0.00914497608909069,0.00777927816550184,0.00777927816550184,0.00778224609133454
BW,08,2021-03-14,volt,Volt,0.0030893050883494,0.00468885460803748,0.00468885460803748,0.00468799096889879
BW,08,2021-03-14,einzelbewerber_innen,Wgr./Einzelbew.,0.00123164483610912,9.18830213640892e-4,9.18830213640892e-4,9.183787066190556e-4
BW,08,2021-03-14,bundnis_c,BündnisC,0.00112005844028241,8.401851001273762e-4,8.401851001273762e-4,8.39772238788341e-4
BW,08,2021-03-14,piraten,Piraten,5.452778262482088e-4,5.925147557379537e-4,5.925147557379537e-4,5.922235979497293e-4
BW,08,2021-03-14,dib,DIB,1.1824370562702976e-4,2.0690664680911864e-4,2.0690664680911864e-4,2.068049742666706e-4
BW,08,2021-03-14,die_humanisten,Die Humanisten,2.305219046286917e-5,2.0093620625442768e-4,2.0093620625442768e-4,2.008374675465378e-4
BW,08,2021-03-14,menschliche_welt,MenschlWelt,2.6363408405140636e-4,1.986715563888552e-4,1.986715563888552e-4,2.0063169145274011e-4
BW,08,2021-03-14,gesundheitsforschung,Gesundheitsforschung,3.613673727321665e-5,9.63505579170821e-5,9.63505579170821e-5,9.630321189731526e-5
BW,08,2021-03-14,eine_fuer_alle_partei,EfAP,2.7981822330681345e-5,3.664615237017225e-5,3.664615237017225e-5,3.6628144695987426e-5
BW,08,2021-03-14,dkp,DKP,1.6614076407427373e-5,2.2028866874204672e-5,2.2028866874204672e-5,2.201804203635199e-5
BW,08,2021-03-14,other,,0,0,0,
BY,09,1946-12-01,csu,CSU,0.6389962250805944,0.5228778839085049,,0.5228778839085049
BY,09,1946-12-01,spd,SPD,0.22171104759695473,0.28597887963174673,,0.28597887963174673
BY,09,1946-12-01,other,,0.09830458087870832,0.13463964122077057,,
BY,09,1946-12-01,fdp,FDP,0.0417733433914934,0.05650359523897784,,0.05650359523897784
BY,09,1950-11-26,other,,0.4191587096596086,0.3754319191499311,,
BY,09,1950-11-26,spd,SPD,0.209087198498094,0.2802114996579287,,0.2802114996579287
BY,09,1950-11-26,csu,CSU,0.3188313308592844,0.2735888476093979,,0.2735888476093979
BY,09,1950-11-26,fdp,FDP,0.05294851415137457,0.07076773358274228,,0.07076773358274228
BY,09,1954-11-28,csu,CSU,0.44006141003806715,0.3796674639234288,,0.3796674639234288
BY,09,1954-11-28,spd,SPD,0.20390525907583948,0.2811493166826029,,0.2811493166826029
BY,09,1954-11-28,other,,0.3015001480862046,0.26679417016019247,,
BY,09,1954-11-28,fdp,FDP,0.05461287084099914,0.07238904923377586,,0.07238904923377586
BY,09,1958-11-23,csu,CSU,0.5328760485674575,0.45556127781725414,,0.45556127781725414
BY,09,1958-11-23,spd,SPD,0.21142188620433144,0.30849147419223755,,0.30849147419223755
BY,09,1958-11-23,other,,0.2092613538601547,0.180280796451908,,
BY,09,1958-11-23,fdp,FDP,0.04680495224153126,0.05566645153860027,,0.05566645153860027
BY,09,1962-11-25,csu,CSU,0.5712149581424408,0.475076293422716,,0.475076293422716
BY,09,1962-11-25,spd,SPD,0.2506952141008672,0.35299866743096764,,0.35299866743096764
BY,09,1962-11-25,other,,0.13028730922773393,0.1130605517697619,,
BY,09,1962-11-25,fdp,FDP,0.04789570082628548,0.05886448737655451,,0.05886448737655451
BY,09,1966-11-20,csu,CSU,0.5899259204814101,0.4814055639674101,,0.4814055639674101
BY,09,1966-11-20,spd,SPD,0.2635740456163628,0.3575645024799159,,0.3575645024799159
BY,09,1966-11-20,other,,0.10735749614111235,0.10988228463438791,,
BY,09,1966-11-20,fdp,FDP,0.03921883900431373,0.0511476489182861,,0.0511476489182861
BY,09,1970-11-22,csu,CSU,0.6759799932163264,0.5643101146329035,,0.5643101146329035
BY,09,1970-11-22,spd,SPD,0.24048927326281683,0.3328937454744494,,0.3328937454744494
BY,09,1970-11-22,fdp,FDP,0.03509787332278635,0.05555048084128346,,0.05555048084128346
BY,09,1970-11-22,other,,0.04844993114813016,0.04724565905136365,,
BY,09,1974-10-27,csu,CSU,0.7156404790878791,0.6207826938589642,,0.6207826938589642
BY,09,1974-10-27,spd,SPD,0.22405124574008337,0.30226537262738434,,0.30226537262738434
BY,09,1974-10-27,fdp,FDP,0.03641382643784234,0.0520041253398254,,0.0520041253398254
BY,09,1974-10-27,other,,0.0239475817494255,0.02494780817382604,,
BY,09,1978-10-15,csu,CSU,0.681600982411948,0.5913877588213212,,0.5913877588213212
BY,09,1978-10-15,spd,SPD,0.24073739954505807,0.31386895556759864,,0.31386895556759864
BY,09,1978-10-15,fdp,FDP,0.0469920156319063,0.06202843628344551,,0.06202843628344551
BY,09,1978-10-15,other,,0.03066960241108768,0.03271484932763462,,
BY,09,1982-10-10,csu,CSU,0.6747482477056898,0.5828327320309741,,0.5828327320309741
BY,09,1982-10-10,spd,SPD,0.24437652284900913,0.3186410744755511,,0.3186410744755511
BY,09,1982-10-10,gruene,Grüne,0.03620801676365253,0.0459174628577271,,0.0459174628577271
BY,09,1982-10-10,fdp,FDP,0.02922340867241711,0.0353557897169612,,0.0353557897169612
BY,09,1982-10-10,other,,0.01546141491232669,0.0172529409187865,,
BY,09,1986-10-12,csu,CSU,0.6282273055243638,0.5578220388415098,,0.5578220388415098
BY,09,1986-10-12,spd,SPD,0.22646337353322787,0.2747062173876398,,0.2747062173876398
BY,09,1986-10-12,gruene,Grüne,0.05647097685297425,0.07524422913092978,,0.07524422913092978
BY,09,1986-10-12,other,,0.05741565924308523,0.05446329656021424,,
BY,09,1986-10-12,fdp,FDP,0.03143797569055626,0.03776421807970637,,0.03776421807970637
BY,09,1990-10-14,csu,CSU,0.6194976774170775,0.5490190389832805,,0.5490190389832805
BY,09,1990-10-14,spd,SPD,0.21337344249223855,0.25966581228862795,,0.25966581228862795
BY,09,1990-10-14,other,,0.07618101454025979,0.07549848129258074,,
BY,09,1990-10-14,gruene,Grüne,0.05068653159646976,0.06415953203341013,,0.06415953203341013
BY,09,1990-10-14,fdp,FDP,0.04026133395395427,0.05165713540210067,,0.05165713540210067
BY,09,1994-09-25,bayernpartei_bp,BP,,,,
BY,09,1994-09-25,bund_freier_buerger_offensive_fuer_deutschland_die_freiheitlichen,BFB,,,,
BY,09,1994-09-25,christliche_liga_die_partei_fuer_das_leben_liga,CHRLiga,,,,
BY,09,1994-09-25,csu,CSU,,,,
BY,09,1994-09-25,die_republikaner_rep,Rep,,,,
BY,09,1994-09-25,fdp,FDP,,,,
BY,09,1994-09-25,gruene,Grüne,,,,
BY,09,1994-09-25,odp,ÖDP,,,,
BY,09,1994-09-25,spd,SPD,,,,
BY,09,1994-09-25,other,,,,,
BY,09,1994-09-25,die_heimat_heimat,NPD,,,,
BY,09,1994-09-25,naturgesetz,Naturgesetz,,,,
BY,09,1994-09-25,freie_buerger_union_fbu,FBU,,,,
BY,09,1994-09-25,partei_deutscher_demokraten_pdd,PDD,,,,
BY,09,1994-09-25,partei_freie_waehler,FW-BY,,,,
BY,09,1994-09-25,statt_partei,STATT,,,,
BY,09,1998-09-13,automobile_steuerzahler_partei_asp,AStP,,,,
BY,09,1998-09-13,bayernpartei_bp,BP,,,,
BY,09,1998-09-13,bund_freier_buerger_offensive_fuer_deutschland_die_freiheitlichen,BFB,,,,
BY,09,1998-09-13,csu,CSU,,,,
BY,09,1998-09-13,die_6_partei_jugend_frauenliste_6_partei,6P,,,,
BY,09,1998-09-13,die_republikaner_rep,Rep,,,,
BY,09,1998-09-13,fdp,FDP,,,,
BY,09,1998-09-13,freie_buerger_union_fbu,FBU,,,,
BY,09,1998-09-13,freie_wahler,FW-BY,,,,
BY,09,1998-09-13,gruene,Grüne,,,,
BY,09,1998-09-13,humanistische_partei_hp,HP,,,,
BY,09,1998-09-13,naturgesetz,Naturgesetz,,,,
BY,09,1998-09-13,odp,ÖDP,,,,
BY,09,1998-09-13,pbc,BündnisC,,,,
BY,09,1998-09-13,spd,SPD,,,,
BY,09,1998-09-13,other,,,,,
BY,09,1998-09-13,die_heimat_heimat,NPD,,,,
BY,09,1998-09-13,landeswaehlergruppe_der_franken_freie_franken,FreieFranken,,,,
BY,09,1998-09-13,dkp,DKP,,,,
BY,09,1998-09-13,statt_partei,STATT,,,,
BY,09,2003-09-21,aufbruch,Aufbruch,,,,
BY,09,2003-09-21,bayernpartei_bp,BP,,,,
BY,09,2003-09-21,buerger_block_e_v_bb,Bürgerblock,,,,
BY,09,2003-09-21,bueso,BÜSO,,,,
BY,09,2003-09-21,csu,CSU,,,,
BY,09,2003-09-21,die_republikaner_rep,Rep,,,,
BY,09,2003-09-21,fdp,FDP,,,,
BY,09,2003-09-21,freie_wahler,FW-BY,,,,
BY,09,2003-09-21,gruene,Grüne,,,,
BY,09,2003-09-21,odp,ÖDP,,,,
BY,09,2003-09-21,pbc,BündnisC,,,,
BY,09,2003-09-21,spd,SPD,,,,
BY,09,2003-09-21,other,,,,,
BY,09,2003-09-21,landeswaehlergruppe_der_franken_freie_franken,FreieFranken,,,,
BY,09,2003-09-21,buergeraktion_unabh_kandidaten_z_aufstellung_v_unabh_direktkandidaten,UfBD,,,,
BY,09,2008-09-28,bayernpartei_bp,BP,,,,
BY,09,2008-09-28,bueso,BÜSO,,,,
BY,09,2008-09-28,csu,CSU,,,,
BY,09,2008-09-28,die_heimat_heimat,NPD,,,,
BY,09,2008-09-28,die_republikaner_rep,Rep,,,,
BY,09,2008-09-28,fdp,FDP,,,,
BY,09,2008-09-28,freie_wahler,FW-BY,,,,
BY,09,2008-09-28,gruene,Grüne,,,,
BY,09,2008-09-28,linke_pds,Linke,,,,
BY,09,2008-09-28,odp,ÖDP,,,,
BY,09,2008-09-28,spd,SPD,,,,
BY,09,2008-09-28,violetten,Violetten,,,,
BY,09,2008-09-28,other,,,,,
BY,09,2008-09-28,buendnis_21_rrp,Bündnis21/RRP,,,,
BY,09,2008-09-28,buerger_block_e_v_bb,Bürgerblock,,,,
BY,09,2013-09-15,bayernpartei_bp,BP,,,,
BY,09,2013-09-15,buergerrechtspartei_fuer_mehr_freiheit_und_demokratie_die_freiheit,DieFreiheit,,,,
BY,09,2013-09-15,bueso,BÜSO,,,,
BY,09,2013-09-15,csu,CSU,,,,
BY,09,2013-09-15,die_republikaner_rep,Rep,,,,
BY,09,2013-09-15,fdp,FDP,,,,
BY,09,2013-09-15,freie_wahler,FW-BY,,,,
BY,09,2013-09-15,gruene,Grüne,,,,
BY,09,2013-09-15,linke_pds,Linke,,,,
BY,09,2013-09-15,odp,ÖDP,,,,
BY,09,2013-09-15,piraten,Piraten,,,,
BY,09,2013-09-15,spd,SPD,,,,
BY,09,2013-09-15,other,,,,,
BY,09,2013-09-15,die_heimat_heimat,NPD,,,,
BY,09,2013-09-15,frauenliste_bayern_e_v,FrauenlisteBayern,,,,
BY,09,2013-09-15,partei_fuer_franken_die_franken,DieFranken,,,,
BY,09,2018-10-14,csu,CSU,0.419261089964186,0.3719996399490532,0.3719996399490532,0.3719996399490532
BY,09,2018-10-14,gruene,Grüne,0.1316277681760237,0.1763656926295787,0.1763656926295787,0.1763656926295787
BY,09,2018-10-14,freie_wahler,FW-BY,0.14153380363352427,0.11594702061158974,0.11594702061158974,0.11594702061158974
BY,09,2018-10-14,afd,AfD,0.10893852103598008,0.10236991519266816,0.10236991519266816,0.10236991519266816
BY,09,2018-10-14,spd,SPD,0.07968393826411686,0.09650589133730247,0.09650589133730247,0.09650589133730247
BY,09,2018-10-14,fdp,FDP,0.04001948695284013,0.05090393503100353,0.05090393503100353,0.05090393503100353
BY,09,2018-10-14,linke_pds,Linke,0.02400205027620579,0.03228132452451933,0.03228132452451933,0.03228132452451933
BY,09,2018-10-14,bp,BP,0.02078951962153573,0.01708332636060222,0.01708332636060222,
BY,09,2018-10-14,odp,ÖDP,0.01619781691613895,0.01562513477029833,0.01562513477029833,0.01562513477029833
BY,09,2018-10-14,piraten,Piraten,0.00328673478412468,0.00436019927242284,0.00436019927242284,0.00436019927242284
BY,09,2018-10-14,die_partei,DiePartei,0.00347067839157968,0.00435658696767436,0.00435658696767436,0.00435658696767436
BY,09,2018-10-14,mut,mut,0.00282671354296894,0.00335354577567867,0.00335354577567867,
BY,09,2018-10-14,tierschutz,Die Tierschutzpartei,0.00261847856303021,0.00301494749588768,0.00301494749588768,
BY,09,2018-10-14,v_partei3,VPartei3,0.00230550212211074,0.00254402090949429,0.00254402090949429,
BY,09,2018-10-14,franken,DieFranken,0.0027054245414303,0.00231873104599739,0.00231873104599739,
BY,09,2018-10-14,gesundheitsforschung,Gesundheitsforschung,5.062770760829306e-4,5.713339143000603e-4,5.713339143000603e-4,5.713339143000603e-4
BY,09,2018-10-14,die_humanisten,Die Humanisten,1.2331701158687665e-4,2.5013367370581996e-4,2.5013367370581996e-4,
BY,09,2018-10-14,lkr,LKR,1.0287912653412668e-4,1.4862053822308665e-4,1.4862053822308665e-4,
BY,09,2018-10-14,other,,0,0,0,
BY,09,2023-10-08,csu,CSU,0.39195810670198294,0.37042622102029304,0.37042622102029304,0.37042622102029304
BY,09,2023-10-08,freie_wahler,FW-BY,0.20145186677516183,0.1584218124280774,0.1584218124280774,
BY,09,2023-10-08,afd,AfD,0.1620983718708925,0.14645778811024293,0.14645778811024293,0.14645778811024293
BY,09,2023-10-08,gruene,Grüne,0.09701852483851496,0.14442905670505612,0.14442905670505612,0.14442905670505612
BY,09,2023-10-08,spd,SPD,0.06557567309175538,0.0835179154334552,0.0835179154334552,0.0835179154334552
BY,09,2023-10-08,fdp,FDP,0.02278431953622502,0.0303018966112791,0.0303018966112791,0.0303018966112791
BY,09,2023-10-08,odp,ÖDP,0.01787736624899927,0.01795357741268584,0.01795357741268584,0.01795357741268584
BY,09,2023-10-08,linke_pds,Linke,0.01082767268509279,0.01470687503468464,0.01470687503468464,0.01470687503468464
BY,09,2023-10-08,bp,BP,0.01125236384879076,0.00947961538591069,0.00947961538591069,
BY,09,2023-10-08,diebasis,dieBasis,0.00888707048559476,0.00874814460030184,0.00874814460030184,0.00874814460030184
BY,09,2023-10-08,tierschutz,Die Tierschutzpartei,0.0037431023195119,0.00510967961857799,0.00510967961857799,
BY,09,2023-10-08,die_partei,DiePartei,0.00314403101473602,0.00469690489239816,0.00469690489239816,0.00469690489239816
BY,09,2023-10-08,volt,Volt,0.00136712316759485,0.00305254158094037,0.00305254158094037,0.00305254158094037
BY,09,2023-10-08,v_partei3,VPartei3,0.00146388328673004,0.00167108604559323,0.00167108604559323,
BY,09,2023-10-08,pdh,Die Humanisten,5.505241284169765e-4,0.00102688512050342,0.00102688512050342,
BY,09,2023-10-08,other,,0,0,0,
HB,04,1946-10-13,bdv,FDP,,,,
HB,04,1946-10-13,cdu,CDU,,,,
HB,04,1946-10-13,kpd,KPD (1919),,,,
HB,04,1946-10-13,spd,SPD,,,,
HB,04,1946-10-13,unabhangige,Wgr./Einzelbew.,,,,
HB,04,1946-10-13,other,,,,,
HB,04,1947-10-12,bdv,BDV,,,,
HB,04,1947-10-12,cdu,CDU,,,,
HB,04,1947-10-12,dp,DP,,,,
HB,04,1947-10-12,fdp,FDP,,,,
HB,04,1947-10-12,kpd,KPD,,,,
HB,04,1947-10-12,rsf,Humanwirtschaft,,,,
HB,04,1947-10-12,spd,SPD,,,,
HB,04,1947-10-12,unabhangige,,,,,
HB,04,1947-10-12,other,,,,,
HB,04,1951-10-07,bhe,GB/BHE,,,,
HB,04,1951-10-07,cdu,CDU,,,,
HB,04,1951-10-07,dp,DP,,,,
HB,04,1951-10-07,fdp,FDP,,,,
HB,04,1951-10-07,fsu,Humanwirtschaft,,,,
HB,04,1951-10-07,kpd,KPD (1919),,,,
HB,04,1951-10-07,spd,SPD,,,,
HB,04,1951-10-07,srp,SRP,,,,
HB,04,1951-10-07,wahlergemeinschaft,,,,,
HB,04,1951-10-07,other,,,,,
HB,04,1955-10-09,cdu,CDU,,,,
HB,04,1955-10-09,dp,DP,,,,
HB,04,1955-10-09,fdp,FDP,,,,
HB,04,1955-10-09,kpd,KPD (1919),,,,
HB,04,1955-10-09,spd,SPD,,,,
HB,04,1955-10-09,other,,,,,
HB,04,1959-10-11,cdu,CDU,,,,
HB,04,1959-10-11,dp,DP,,,,
HB,04,1959-10-11,drp,DRP,,,,
HB,04,1959-10-11,fdp,FDP,,,,
HB,04,1959-10-11,spd,SPD,,,,
HB,04,1959-10-11,other,,,,,
HB,04,1963-09-29,cdu,CDU,,,,
HB,04,1963-09-29,dfu,DFU,,,,
HB,04,1963-09-29,dp,DP,,,,
HB,04,1963-09-29,fdp,FDP,,,,
HB,04,1963-09-29,spd,SPD,,,,
HB,04,1963-09-29,other,,,,,
HB,04,1963-09-29,gdp,GDP,,,,
HB,04,1967-10-01,cdu,CDU,,,,
HB,04,1967-10-01,dfu,DFU,,,,
HB,04,1967-10-01,dp,DP,,,,
HB,04,1967-10-01,fdp,FDP,,,,
HB,04,1967-10-01,npd,NPD,,,,
HB,04,1967-10-01,spd,SPD,,,,
HB,04,1967-10-01,other,,,,,
HB,04,1971-10-10,cdu,CDU,,,,
HB,04,1971-10-10,dkp,DKP,,,,
HB,04,1971-10-10,fdp,FDP,,,,
HB,04,1971-10-10,npd,NPD,,,,
HB,04,1971-10-10,spd,SPD,,,,
HB,04,1971-10-10,other,,,,,
HB,04,1975-10-12,cdu,CDU,,,,
HB,04,1975-10-12,dkp,DKP,,,,
HB,04,1975-10-12,fdp,FDP,,,,
HB,04,1975-10-12,npd,NPD,,,,
HB,04,1975-10-12,spd,SPD,,,,
HB,04,1975-10-12,other,,,,,
HB,04,1979-10-07,cdu,CDU,,,,
HB,04,1979-10-07,dkp,DKP,,,,
HB,04,1979-10-07,fdp,FDP,,,,
HB,04,1979-10-07,gruene,Grüne,,,,
HB,04,1979-10-07,spd,SPD,,,,
HB,04,1979-10-07,other,,,,,
HB,04,1983-09-25,cdu,CDU,,,,
HB,04,1983-09-25,fdp,FDP,,,,
HB,04,1983-09-25,gruene,Grüne,,,,
HB,04,1983-09-25,spd,SPD,,,,
HB,04,1983-09-25,other,,,,,
HB,04,1987-09-13,cdu,CDU,,,,
HB,04,1987-09-13,fdp,FDP,,,,
HB,04,1987-09-13,gruene,Grüne,,,,
HB,04,1987-09-13,liste_d,DVU,,,,
HB,04,1987-09-13,spd,SPD,,,,
HB,04,1987-09-13,other,,,,,
HB,04,1991-09-29,cdu,CDU,,,,
HB,04,1991-09-29,dvu,DVU,,,,
HB,04,1991-09-29,fdp,FDP,,,,
HB,04,1991-09-29,gruene,Grüne,,,,
HB,04,1991-09-29,rep,Rep,,,,
HB,04,1991-09-29,spd,SPD,,,,
HB,04,1991-09-29,other,,,,,
HB,04,1995-05-14,afb,AFB,,,,
HB,04,1995-05-14,cdu,CDU,,,,
HB,04,1995-05-14,dvu,DVU,,,,
HB,04,1995-05-14,fdp,FDP,,,,
HB,04,1995-05-14,gruene,Grüne,,,,
HB,04,1995-05-14,spd,SPD,,,,
HB,04,1995-05-14,other,,,,,
HB,04,1999-06-06,spd,SPD,0.42120814654013694,0.42522825809742415,0.42522825809742415,0.42555420813422606
HB,04,1999-06-06,cdu,CDU,0.35912849233662214,0.37099039360707303,0.37099039360707303,0.3711897653998234
HB,04,1999-06-06,gruene,Grüne,0.08434678053130046,0.08904871206324917,0.08904871206324917,0.08917486284357813
HB,04,1999-06-06,other,,0.0778877616389482,0.06049137124883108,0.06049137124883108,
HB,04,1999-06-06,linke_pds,Linke,0.02365690637544962,0.0287681713848508,0.0287681713848508,0.0289187917180538
HB,04,1999-06-06,fdp,FDP,0.03377191257754263,0.02547309359857179,0.02547309359857179,0.02517082286982421
HB,04,2003-05-25,spd,SPD,0.3984009250689019,0.4186052648941083,0.4186052648941083,0.4232158647683418
HB,04,2003-05-25,cdu,CDU,0.31028497674034816,0.30504057531173717,0.30504057531173717,0.29756380112830144
HB,04,2003-05-25,gruene,Grüne,0.11097601308360786,0.126416837104968,0.126416837104968,0.12801354510121124
HB,04,2003-05-25,other,,0.1174333988204146,0.09050933562050538,0.09050933562050538,
HB,04,2003-05-25,fdp,FDP,0.04885216045517142,0.04314178267467176,0.04314178267467176,0.04213650665259146
HB,04,2003-05-25,linke_pds,Linke,0.01405252583155604,0.01628620439400937,0.01628620439400937,0.01674286928566042
HB,04,2007-05-13,spd,SPD,0.36012722191980534,0.3674236111614292,0.3674236111614292,0.3672375786756388
HB,04,2007-05-13,cdu,CDU,0.2546257141680511,0.25661722616313193,0.25661722616313193,0.2564318241146271
HB,04,2007-05-13,gruene,Grüne,0.14663270154683933,0.164928882480382,0.164928882480382,0.16493966992487746
HB,04,2007-05-13,linke_pds,Linke,0.07827157233548773,0.08439906963937657,0.08439906963937657,0.08441134669489805
HB,04,2007-05-13,other,,0.08918409153445722,0.06686423545949235,0.06686423545949235,
HB,04,2007-05-13,fdp,FDP,0.0711586984953593,0.05976697509618799,0.05976697509618799,0.05977173187922383
HB,04,2011-05-22,spd,SPD,0.368,0.385604412096032,0.385604412096032,0.3859518617945477
HB,04,2011-05-22,gruene,Grüne,0.222,0.2248167059353651,0.2248167059353651,0.22453268975946172
HB,04,2011-05-22,cdu,CDU,0.2025,0.2035562647257619,0.2035562647257619,0.20352234497137903
HB,04,2011-05-22,other,,0.07799999999999996,0.06954988219390458,0.06954988219390458,
HB,04,2011-05-22,linke_pds,Linke,0.052,0.05622505890304769,0.05622505890304769,0.05633995364129667
HB,04,2011-05-22,biw,BIW,0.051,0.03691647032317439,0.03691647032317439,
HB,04,2011-05-22,fdp,FDP,0.0265,0.02333120582271423,0.02333120582271423,0.02381019662352837
HB,04,2015-05-10,spd,SPD,0.3330427217597512,0.3282478225740188,0.3282478225740188,0.3282478225740188
HB,04,2015-05-10,cdu,CDU,0.2303346574623573,0.2241867177015146,0.2241867177015146,0.2241867177015146
HB,04,2015-05-10,gruene,Grüne,0.13464888183556947,0.1513302497877352,0.1513302497877352,0.1513302497877352
HB,04,2015-05-10,linke_pds,Linke,0.08489333137391045,0.0954207293692312,0.0954207293692312,0.0954207293692312
HB,04,2015-05-10,other,,0.10316464799193312,0.08002725206102271,0.08002725206102271,
HB,04,2015-05-10,fdp,FDP,0.06109379654803837,0.06569424283092766,0.06569424283092766,0.06569424283092766
HB,04,2015-05-10,afd,AfD,0.05282196302844014,0.05509298567554983,0.05509298567554983,0.05509298567554983
HB,04,2019-05-26,cdu,CDU,0.2516075530253118,0.26655828557351924,0.26655828557351924,0.26655828557351924
HB,04,2019-05-26,spd,SPD,0.24956786328407937,0.24931847845466432,0.24931847845466432,0.24931847845466432
HB,04,2019-05-26,gruene,Grüne,0.17091398394148974,0.1743313739447134,0.1743313739447134,0.1743313739447134
HB,04,2019-05-26,linke_pds,Linke,0.10131554460136936,0.11322036112816145,0.11322036112816145,0.11322036112816145
HB,04,2019-05-26,other,,0.09427180735462128,0.07587856055028015,0.07587856055028015,
HB,04,2019-05-26,afd,AfD,0.07359895734434309,0.06120356092455559,0.06120356092455559,0.06120356092455559
HB,04,2019-05-26,fdp,FDP,0.05872429044878541,0.05948937942410579,0.05948937942410579,0.05948937942410579
HB,04,2023-05-14,spd,SPD,0.294409505993388,0.2979726372489137,0.2979726372489137,0.2979726372489137
HB,04,2023-05-14,cdu,CDU,0.2414969613237096,0.2621868047357877,0.2621868047357877,0.2621868047357877
HB,04,2023-05-14,gruene,Grüne,0.12457332857726042,0.11888760890824332,0.11888760890824332,0.11888760890824332
HB,04,2023-05-14,linke_pds,Linke,0.08869974866955078,0.10892881443902562,0.10892881443902562,0.10892881443902562
HB,04,2023-05-14,biw,BIW,0.15057497508492534,0.09391110745402356,0.09391110745402356,
HB,04,2023-05-14,fdp,FDP,0.05140045386482456,0.05075923247578146,0.05075923247578146,0.05075923247578146
HB,04,2023-05-14,volt,Volt,0.02261104417743773,0.01965965877263218,0.01965965877263218,0.01965965877263218
HB,04,2023-05-14,tierschutz,Die Tierschutzpartei,0.01257493639278863,0.01093354896084208,0.01093354896084208,
HB,04,2023-05-14,die_partei,DiePartei,0.01096701160763359,0.00953550416644249,0.00953550416644249,0.00953550416644249
HB,04,2023-05-14,diebasis,dieBasis,0.00908882442225724,0.00790247391424059,0.00790247391424059,0.00790247391424059
HB,04,2023-05-14,mera25,MERA25,0.00719971754394266,0.00625994930010728,0.00625994930010728,
HB,04,2023-05-14,odp,ÖDP,0.00698848775901274,0.00435000015823936,0.00435000015823936,0.00435000015823936
HB,04,2023-05-14,gfa,GFA,0.0048692730760411,0.00423369422457963,0.00423369422457963,
HB,04,2023-05-14,piraten,Piraten,0.01323828920570264,0.00172797387151596,0.00172797387151596,0.00172797387151596
HB,04,2023-05-14,mlpd,MLPD,0.00181357900215845,0.00157685527744107,0.00157685527744107,
HB,04,2023-05-14,verjuengungsforschung,Gesundheitsforschung,0.001350402026695,0.00117413609218392,0.00117413609218392,
HB,04,2023-05-14,other,,0,0,0,
HE,06,1946-12-01,spd,SPD,0.43728596147716886,0.4271630668888798,0.42714793736248097,0.4271381419520961
HE,06,1946-12-01,cdu,CDU,0.3298523179587376,0.3095467126006515,0.30953574888322605,0.3095325676592593
HE,06,1946-12-01,ldp,FDP,0.1462120932596319,0.15670436087011097,0.1566988106178809,
HE,06,1946-12-01,kpd,KPD (1919),0.08664962730446167,0.10658585964035776,0.10658208451628418,
HE,06,1946-12-01,other,,0,0,0,
HE,06,1950-11-19,spd,SPD,0.42522575659083345,0.4436679637423849,0.4436679637423849,0.4436679637423849
HE,06,1950-11-19,fdp,FDP,0.3263231934117915,0.3180504211849578,0.3180504211849578,0.3180504211849578
HE,06,1950-11-19,cdu,CDU,0.2027335683465996,0.18807759981027364,0.18807759981027364,0.18807759981027364
HE,06,1950-11-19,kpd,KPD (1919),0.04183295028735302,0.04747372759897293,0.04747372759897293,
HE,06,1950-11-19,ndp_drp,DRP,0.00204218099061028,0.00107450379155598,0.00107450379155598,
HE,06,1950-11-19,hb_u_lvp,HBuLVP,9.473034594710424e-4,6.585319868812217e-4,6.585319868812217e-4,
HE,06,1950-11-19,dr_stock,,8.811042145481036e-4,5.839811959135362e-4,5.839811959135362e-4,
HE,06,1950-11-19,bve,BVE,1.3942698792954714e-5,4.132706890599955e-4,4.132706890599955e-4,
HE,06,1950-11-19,other,,0,0,0,
HE,06,1954-11-28,spd,SPD,0.4186628777636563,0.42607624197758504,0.42607624197758504,0.42607624197758504
HE,06,1954-11-28,cdu,CDU,0.23105045629067963,0.24135350279637607,0.24135350279637607,0.24135350279637607
HE,06,1954-11-28,fdp,FDP,0.2124970428031571,0.20526387963249113,0.20526387963249113,0.20526387963249113
HE,06,1954-11-28,gb_bhe,GB/BHE,0.09633168619335689,0.0769168339481536,0.0769168339481536,
HE,06,1954-11-28,kpd,KPD (1919),0.02834149306784803,0.03358809694103762,0.03358809694103762,
HE,06,1954-11-28,dp,DP,0.00858607044506077,0.01171763338108235,0.01171763338108235,
HE,06,1954-11-28,bdd,BDD,0.00438232380270234,0.00481634751584493,0.00481634751584493,
HE,06,1954-11-28,freie_opposition,FO,7.2912061463746094e-6,1.6631531224300586e-4,1.6631531224300586e-4,
HE,06,1954-11-28,karl_faist_parteilos,,1.4075842739254513e-4,1.0114849518625116e-4,1.0114849518625116e-4,
HE,06,1954-11-28,other,,0,0,0,
HE,06,1958-11-23,spd,SPD,0.4481550944761665,0.4789379680254311,0.16645816382590248,0.46903115848734384
HE,06,1958-11-23,cdu,CDU,0.36315152620078583,0.3397912422234724,0.11809676835150884,0.32007850084495854
HE,06,1958-11-23,fdp,FDP,0.10027590573701282,0.1053631413074944,0.03661967980797742,0.09503553154176556
HE,06,1958-11-23,gb_bhe,GB/BHE,0.04856040741433855,0.04155710797834862,0.01444345687711975,
HE,06,1958-11-23,dp,DP,0.03246406684104028,0.02592266895342549,0.0090096007490156,
HE,06,1958-11-23,drp,DRP,0.00604220733738175,0.00792208998104684,0.00275337651208854,
HE,06,1958-11-23,dg,DG,8.395008929596762e-4,2.3158895145917424e-4,8.049032274721065e-5,
HE,06,1958-11-23,unabhangige,,1.192600229418623e-4,1.6604490859337023e-4,5.771004272441518e-5,
HE,06,1958-11-23,dg_oder_dvp,DVP (1957),3.92031077372679e-4,1.0814767072857666e-4,3.758746203761252e-5,
HE,06,1958-11-23,dvp,,0,0,0,
HE,06,1958-11-23,other,,0,0,0,
HE,06,1962-11-11,spd,SPD,0.4859537004732072,0.5110041811527188,0.173303049184941,0.5084281988453442
HE,06,1962-11-11,cdu,CDU,0.3297859920293542,0.3073309395236908,0.10422887109882688,0.2883927999171724
HE,06,1962-11-11,fdp,FDP,0.1052185123269394,0.10673737015670096,0.03619913963993518,0.11445034005194928
HE,06,1962-11-11,gdpbhe,GDP,0.04598203999702469,0.04064742449267599,0.01378525434019909,
HE,06,1962-11-11,dfu,DFU,0.03217650602699242,0.03360689560313603,0.01139751433838629,
HE,06,1962-11-11,fsp,FSP,3.9264761223721794e-4,5.378803042993522e-4,1.8241787497966287e-4,
HE,06,1962-11-11,dg,DG,4.90601534244798e-4,1.3530876677800754e-4,4.588890410091312e-5,
HE,06,1962-11-11,other,,0,0,0,
HE,06,1966-11-06,spd,SPD,0.5079635762087571,0.5100485105386732,0.5100485105386732,0.5100485105386732
HE,06,1966-11-06,cdu,CDU,0.25840787369891094,0.26361589357600507,0.26361589357600507,0.26361589357600507
HE,06,1966-11-06,fdp,FDP,0.10482800905934624,0.10397176719892574,0.10397176719892574,0.10397176719892574
HE,06,1966-11-06,npd,NPD,0.07868813076078207,0.07945656313955878,0.07945656313955878,0.07945656313955878
HE,06,1966-11-06,gpdbhe,GDP,0.05011241027220368,0.04290726554683723,0.04290726554683723,
HE,06,1966-11-06,other,,0,0,0,
HE,06,1970-11-08,spd,SPD,0.4720583794492106,0.460067532428428,0.460067532428428,0.4590342018756032
HE,06,1970-11-08,cdu,CDU,0.4066053727941396,0.3962108658675842,0.3962108658675842,0.3973666821990849
HE,06,1970-11-08,fdp,FDP,0.07663435588174858,0.1002379050219266,0.1002379050219266,0.10066471110975309
HE,06,1970-11-08,npd,NPD,0.03463303023948912,0.03050447057868621,0.03050447057868621,0.03008801279260147
HE,06,1970-11-08,dkp,DKP,0.0097500231739243,0.0118000105386459,0.0118000105386459,
HE,06,1970-11-08,ep,EFP,3.188384614878471e-4,0.00117921556472905,0.00117921556472905,
HE,06,1970-11-08,other,,0,0,0,
HE,06,1974-10-27,cdu,CDU,0.47573114700964536,0.4708695193901744,0.4708695193901744,0.4732489892955096
HE,06,1974-10-27,spd,SPD,0.4424598715213533,0.43411133897736054,0.43411133897736054,0.4315609115842522
HE,06,1974-10-27,fdp,FDP,0.06305103129004215,0.07348122662599775,0.07348122662599775,0.07389936912228132
HE,06,1974-10-27,npd,NPD,0.0104073426092804,0.01039744587381357,0.01039744587381357,0.01012654701246277
HE,06,1974-10-27,dkp,DKP,0.00749669484600596,0.00880046637396842,0.00880046637396842,
HE,06,1974-10-27,kpd,KPD (1970),6.595630217754563e-4,0.00131395400282635,0.00131395400282635,
HE,06,1974-10-27,kbw,KBW,9.258680260232928e-5,8.816081573803941e-4,8.816081573803941e-4,
HE,06,1974-10-27,bdk,BDK,1.0029381209367772e-4,1.0735449886919926e-4,1.0735449886919926e-4,
HE,06,1974-10-27,staedtenot,,3.800075212661054e-7,1.8868366467919873e-5,1.8868366467919873e-5,
HE,06,1974-10-27,junge_buerger_im_landtag,,9.383870423422412e-7,1.0735449886919928e-5,1.0735449886919928e-5,
HE,06,1974-10-27,elc,BÜSO,1.5069263774345558e-7,7.482283254519949e-6,7.482283254519949e-6,
HE,06,1974-10-27,other,,0,0,0,
HE,06,1978-10-08,cdu,CDU,0.4632457259582308,0.4573660303313948,0.4573660303313948,0.460257139493311
HE,06,1978-10-08,spd,SPD,0.4548965552185328,0.4462495831654193,0.4462495831654193,0.4428768959794237
HE,06,1978-10-08,fdp,FDP,0.05704504046129944,0.06578583135806315,0.06578583135806315,0.0657453022480205
HE,06,1978-10-08,glh,Grüne,0.0070835041633347,0.01060272670972991,0.01060272670972991,
HE,06,1978-10-08,gaz,ÖDP,0.00719489004803051,0.00883303055156066,0.00883303055156066,
HE,06,1978-10-08,dkp,DKP,0.00326893897627407,0.00418701484639243,0.00418701484639243,
HE,06,1978-10-08,npd,NPD,0.00343622278088124,0.00377211154557756,0.00377211154557756,0.00365384767074879
HE,06,1978-10-08,freie_wahler,FW-HE,0.00321371236313971,0.00219007141873109,0.00219007141873109,
HE,06,1978-10-08,kbw,KBW,5.10323914411513e-4,7.589930049041635e-4,7.589930049041635e-4,
HE,06,1978-10-08,eap,BÜSO,4.021966721876969e-5,1.61261872543251e-4,1.61261872543251e-4,
HE,06,1978-10-08,glu,GLU (HE1978),5.484883670796032e-5,7.210111666604437e-5,7.210111666604437e-5,
HE,06,1978-10-08,g,G,9.688896926702077e-6,1.223143943441824e-5,1.223143943441824e-5,
HE,06,1978-10-08,unabhangige,,1.0678341297206905e-7,5.150079761860312e-6,5.150079761860312e-6,
HE,06,1978-10-08,avp,AVP,2.219315986839012e-7,3.862559821395234e-6,3.862559821395234e-6,
HE,06,1978-10-08,other,,0,0,0,
HE,06,1982-09-26,cdu,CDU,0.4584736488178823,0.456208972287637,0.456208972287637,0.456208972287637
HE,06,1982-09-26,spd,SPD,0.4412116440970936,0.4282017017492172,0.4282017017492172,0.4282017017492172
HE,06,1982-09-26,gruene,Grüne,0.0667707799937135,0.08034931826438547,0.08034931826438547,0.08034931826438547
HE,06,1982-09-26,fdp,FDP,0.02999912705271917,0.03084727050379267,0.03084727050379267,0.03084727050379267
HE,06,1982-09-26,dkp,DKP,0.00301140581406226,0.00364306030916813,0.00364306030916813,
HE,06,1982-09-26,eap,BÜSO,0.00120187858939818,6.859052954370417e-4,6.859052954370417e-4,
HE,06,1982-09-26,buerger_wehrt_euch,,0.00301060366126082,6.37715903624679e-5,6.37715903624679e-5,
HE,06,1982-09-26,other,,0,0,0,
HE,06,1983-09-25,spd,SPD,0.4774018826106584,0.46229785352236746,0.46229785352236746,0.46229785352236746
HE,06,1983-09-25,cdu,CDU,0.39477125452492623,0.3939981973132795,0.3939981973132795,0.3939981973132795
HE,06,1983-09-25,fdp,FDP,0.07426983067008475,0.07611505302691018,0.07611505302691018,0.07611505302691018
HE,06,1983-09-25,gruene,Grüne,0.04736737345941445,0.05940241024134721,0.05940241024134721,0.05940241024134721
HE,06,1983-09-25,ld,LD,0.00322422342749187,0.00401706891201246,0.00401706891201246,
HE,06,1983-09-25,dkp,DKP,0.00214892806689878,0.00257776494707979,0.00257776494707979,
HE,06,1983-09-25,ds,DS,0.00119730157496002,9.546948251746594e-4,9.546948251746594e-4,
HE,06,1983-09-25,eap,BÜSO,7.925541056467993e-4,3.6278996150691806e-4,3.6278996150691806e-4,
HE,06,1983-09-25,aar,AktionAusländerrueckfuehrung,0.00248422113956874,2.637933543636904e-4,2.637933543636904e-4,
HE,06,1983-09-25,bsa,PSG,1.07758952459829e-4,1.0373895958122655e-5,1.0373895958122655e-5,
HE,06,1983-09-25,other,,0,0,0,
HE,06,1987-04-05,cdu,CDU,0.41327748041915785,0.42116918348030175,0.42116918348030175,0.42116918348030175
HE,06,1987-04-05,spd,SPD,0.42797445464731176,0.40195775423278635,0.40195775423278635,0.40195775423278635
HE,06,1987-04-05,gruene,Grüne,0.07495933049201317,0.09398663038334122,0.09398663038334122,0.09398663038334122
HE,06,1987-04-05,fdp,FDP,0.07981799923786627,0.07821268000811304,0.07821268000811304,0.07821268000811304
HE,06,1987-04-05,dkp,DKP,0.00252401269889252,0.00276712672764325,0.00276712672764325,
HE,06,1987-04-05,odp,ÖDP,0.0012914380565454801,0.00139654181596917,0.00139654181596917,0.00139654181596917
HE,06,1987-04-05,frauen,DieFrauen,4.483617090125466e-5,3.030317664216657e-4,3.030317664216657e-4,
HE,06,1987-04-05,ungueltig,UngüLtiG,6.748980917901821e-6,7.364517032558409e-5,7.364517032558409e-5,
HE,06,1987-04-05,bunte,Bunte,1.781726508704634e-5,5.734664902402039e-5,5.734664902402039e-5,
HE,06,1987-04-05,muendige_buerger,MündigeBürger,4.414817880478828e-5,3.893535644262438e-5,3.893535644262438e-5,
HE,06,1987-04-05,oeko,Öko,4.173385250200699e-5,3.712440963133952e-5,3.712440963133952e-5,
HE,06,1987-04-05,other,,0,0,0,
HE,06,1991-01-20,spd,SPD,0.4363232005845805,0.40839034418959874,0.40839034418959874,0.40839034418959874
HE,06,1991-01-20,cdu,CDU,0.39807771803093833,0.40202233911240554,0.40202233911240554,0.40202233911240554
HE,06,1991-01-20,gruene,Grüne,0.0732250995926339,0.09367865239243908,0.09367865239243908,0.08812513614031124
HE,06,1991-01-20,fdp,FDP,0.0712812941117217,0.07399141879045552,0.07399141879045552,0.07399141879045552
HE,06,1991-01-20,rep,Rep,0.01561547494464897,0.01657886456963526,0.01657886456963526,0.01657886456963526
HE,06,1991-01-20,odp,ÖDP,0.0027687837109791,0.00294869829693512,0.00294869829693512,0.00294869829693512
HE,06,1991-01-20,pbc,BündnisC,0.00270842902449754,0.00238968264853076,0.00238968264853076,0.00238968264853076
HE,06,1991-01-20,other,,0,0,0,
HE,06,1995-02-19,cdu,CDU,0.3899215244363596,0.39155510594581594,0.39155510594581594,0.39155510594581594
HE,06,1995-02-19,spd,SPD,0.41158648732077224,0.3797471920358882,0.3797471920358882,0.3797471920358882
HE,06,1995-02-19,gruene,Grüne,0.08857837381019351,0.11192381161512428,0.11192381161512428,0.11192381161512428
HE,06,1995-02-19,fdp,FDP,0.07093711466897241,0.07446237947487397,0.07446237947487397,0.07446237947487397
HE,06,1995-02-19,rep,Rep,0.01885341575735335,0.01978278841427452,0.01978278841427452,0.01978278841427452
HE,06,1995-02-19,graue,Graue,0.00291708572790706,0.0038962432024316402,0.0038962432024316402,0.0038962432024316402
HE,06,1995-02-19,bfb,BFB,0.0021455099042009,0.00309518022291798,0.00309518022291798,
HE,06,1995-02-19,npd,NPD,0.00299505634159159,0.00281527769400766,0.00281527769400766,0.00281527769400766
HE,06,1995-02-19,pbc,BündnisC,0.00283464822850844,0.0024486956722735,0.0024486956722735,0.0024486956722735
HE,06,1995-02-19,apd,APD,0.00256676813258108,0.00240752291318218,0.00240752291318218,
HE,06,1995-02-19,odp,ÖDP,0.00169773236507364,0.00189539157641465,0.00189539157641465,0.00189539157641465
HE,06,1995-02-19,statt_partei,STATT,0.00154636471036233,0.00188780712079256,0.00188780712079256,
HE,06,1995-02-19,naturgesetz,Naturgesetz,0.00143769624070181,0.00163318611062253,0.00163318611062253,
HE,06,1995-02-19,dkp,DKP,8.699546474195148e-4,0.00118859254534691,0.00118859254534691,
HE,06,1995-02-19,f_nep,fNEP,6.938964612069513e-4,7.942008529984423e-4,7.942008529984423e-4,
HE,06,1995-02-19,dhp,DHP,2.771705192555031e-4,2.9182095917359773e-4,2.9182095917359773e-4,
HE,06,1995-02-19,bueso,BÜSO,1.4120072754002713e-4,1.748036438614125e-4,1.748036438614125e-4,1.748036438614125e-4
HE,06,1995-02-19,other,,0,0,0,
HE,06,1999-02-07,cdu,CDU,0.42864393023525216,0.43415053428615913,0.43415053428615913,0.43415053428615913
HE,06,1999-02-07,spd,SPD,0.4208051695095643,0.39371340664740256,0.39371340664740256,0.39371340664740256
HE,06,1999-02-07,gruene,Grüne,0.05258573177101601,0.0718454548181456,0.0718454548181456,0.0718454548181456
HE,06,1999-02-07,fdp,FDP,0.0463443158162514,0.05100929447944773,0.05100929447944773,0.05100929447944773
HE,06,1999-02-07,rep,Rep,0.02826984255546087,0.02682286496222644,0.02682286496222644,0.02682286496222644
HE,06,1999-02-07,tierschutz,Die Tierschutzpartei,0.00455913282817175,0.00459081864837957,0.00459081864837957,
HE,06,1999-02-07,bfb_die_offensive,BFB,0.00416867180911347,0.00386055852579585,0.00386055852579585,
HE,06,1999-02-07,freie_wahler,FW-HE,0.00474625614731945,0.00359130858328822,0.00359130858328822,
HE,06,1999-02-07,die_frauen,DieFrauen,0.00207818049156632,0.00238932541819444,0.00238932541819444,
HE,06,1999-02-07,npd,NPD,0.00244262187608198,0.00211864709402893,0.00211864709402893,0.00211864709402893
HE,06,1999-02-07,pbc,BündnisC,0.00196099799763254,0.00178511997691735,0.00178511997691735,0.00178511997691735
HE,06,1999-02-07,dkp,DKP,0.00100756413601114,0.00138588730354395,0.00138588730354395,
HE,06,1999-02-07,naturgesetz,Naturgesetz,7.891071676145152e-4,8.92381440751443e-4,8.92381440751443e-4,
HE,06,1999-02-07,odp,ÖDP,6.225077332139013e-4,7.331168858994448e-4,7.331168858994448e-4,7.331168858994448e-4
HE,06,1999-02-07,pass,PASS,5.895640512807941e-4,6.816951462162884e-4,6.816951462162884e-4,
HE,06,1999-02-07,bueso,BÜSO,1.618282865349071e-4,2.1854239365341464e-4,2.1854239365341464e-4,2.1854239365341464e-4
HE,06,1999-02-07,dhp,DHP,2.2457758791446345e-4,2.1104338994962097e-4,2.1104338994962097e-4,
HE,06,1999-02-07,other,,0,0,0,
HE,06,2003-02-02,cdu,CDU,0.501035557698794,0.4877027062602011,0.4877027062602011,0.4877027062602011
HE,06,2003-02-02,spd,SPD,0.3106251147582318,0.2908878709700065,0.2908878709700065,0.2908878709700065
HE,06,2003-02-02,gruene,Grüne,0.07677628239261099,0.1010152863335615,0.1010152863335615,0.1010152863335615
HE,06,2003-02-02,fdp,FDP,0.0725161052596041,0.07901668450949766,0.07901668450949766,0.07901668450949766
HE,06,2003-02-02,rep,Rep,0.01352113065704335,0.01263733129749556,0.01263733129749556,0.01263733129749556
HE,06,2003-02-02,tierschutz,Die Tierschutzpartei,0.00738818660142756,0.00753201471887303,0.00753201471887303,
HE,06,2003-02-02,fag_hessen,FAGHessen,0.00381437978849926,0.0064848452938802,0.0064848452938802,
HE,06,2003-02-02,schill,PRO (Schill),0.00527608757325843,0.00531811427601982,0.00531811427601982,
HE,06,2003-02-02,die_frauen,DieFrauen,0.00278306545071564,0.00274443215921655,0.00274443215921655,
HE,06,2003-02-02,pbc,BündnisC,0.00274351563194942,0.00244022651620187,0.00244022651620187,0.00244022651620187
HE,06,2003-02-02,dkp,DKP,0.00170090578471651,0.00216015257083018,0.00216015257083018,
HE,06,2003-02-02,odp,ÖDP,8.931926486892039e-4,9.809900723658424e-4,9.809900723658424e-4,9.809900723658424e-4
HE,06,2003-02-02,bueso,BÜSO,4.6343325538684e-4,6.00733018597495e-4,6.00733018597495e-4,6.00733018597495e-4
HE,06,2003-02-02,psg,PSG,4.630424990728648e-4,4.786120032526603e-4,4.786120032526603e-4,
HE,06,2003-02-02,other,,0,0,0,
HE,06,2008-01-27,cdu,CDU,0.37447439383859293,0.3681334646270688,0.3681334646270688,0.3681334646270688
HE,06,2008-01-27,spd,SPD,0.3826892499855966,0.36685346007723774,0.36685346007723774,0.36685346007723774
HE,06,2008-01-27,fdp,FDP,0.08804968589953621,0.094259520466766,0.094259520466766,0.094259520466766
HE,06,2008-01-27,gruene,Grüne,0.05851172177462765,0.07532376532058992,0.07532376532058992,0.07532376532058992
HE,06,2008-01-27,linke_pds,Linke,0.04812707237544238,0.05132012545575781,0.05132012545575781,0.05132012545575781
HE,06,2008-01-27,rep,Rep,0.0104673388525607,0.01010733299331123,0.01010733299331123,0.01010733299331123
HE,06,2008-01-27,freie_wahler,FW-HE,0.01104397813846628,0.00886888940009675,0.00886888940009675,
HE,06,2008-01-27,npd,NPD,0.01049268063830936,0.00875113335634984,0.00875113335634984,0.00875113335634984
HE,06,2008-01-27,tierschutz,Die Tierschutzpartei,0.00570012269430801,0.00579994086677927,0.00579994086677927,
HE,06,2008-01-27,familie,Familie,0.00318139338568969,0.00284984208659334,0.00284984208659334,
HE,06,2008-01-27,piraten,Piraten,0.00218085883705178,0.00253813491196915,0.00253813491196915,0.00253813491196915
HE,06,2008-01-27,graue,Graue,0.00160011089236185,0.00175358071338288,0.00175358071338288,0.00175358071338288
HE,06,2008-01-27,volksabstimmung,AbJetzt,0.00119544875315919,0.00114110345798096,0.00114110345798096,
HE,06,2008-01-27,violetten,Violetten,8.229073815491958e-4,8.676761118193892e-4,8.676761118193892e-4,
HE,06,2008-01-27,ub,UBPol,7.421384116418254e-4,6.47111385915721e-4,6.47111385915721e-4,
HE,06,2008-01-27,bueso,BÜSO,3.670933724197896e-4,4.0758903067818366e-4,4.0758903067818366e-4,4.0758903067818366e-4
HE,06,2008-01-27,psg,PSG,3.538047686864539e-4,3.773297377029697e-4,3.773297377029697e-4,
HE,06,2008-01-27,other,,0,0,0,
HE,06,2009-01-18,cdu,CDU,0.38072571682754536,0.3718405075559287,0.3718405075559287,0.3718405075559287
HE,06,2009-01-18,spd,SPD,0.2608373777705338,0.2371444268852783,0.2371444268852783,0.2371444268852783
HE,06,2009-01-18,fdp,FDP,0.15712287857195273,0.16220939922959157,0.16220939922959157,0.16220939922959157
HE,06,2009-01-18,gruene,Grüne,0.11042624887393676,0.13736789471084992,0.13736789471084992,0.13736789471084992
HE,06,2009-01-18,linke_pds,Linke,0.04846080384558784,0.05365774235764729,0.05365774235764729,0.05365774235764729
HE,06,2009-01-18,freie_wahler,FW-HE,0.01958442641609616,0.01626353461899353,0.01626353461899353,
HE,06,2009-01-18,npd,NPD,0.01020259139774322,0.00855443478690305,0.00855443478690305,0.00855443478690305
HE,06,2009-01-18,rep,Rep,0.00625303864671462,0.00604350832139858,0.00604350832139858,0.00604350832139858
HE,06,2009-01-18,piraten,Piraten,0.00486613863374772,0.0053227937182083,0.0053227937182083,0.0053227937182083
HE,06,2009-01-18,bueso,BÜSO,0.00152077901614173,0.00159575781520075,0.00159575781520075,0.00159575781520075
HE,06,2009-01-18,other,,0,0,0,
HE,06,2013-09-22,cdu,CDU,0.3957989452898879,0.38317371927324206,0.38317371927324206,0.38317371927324206
HE,06,2013-09-22,spd,SPD,0.3268785973146759,0.3072383536248623,0.3072383536248623,0.3072383536248623
HE,06,2013-09-22,gruene,Grüne,0.0880795469440909,0.1113655027291912,0.1113655027291912,0.1113655027291912
HE,06,2013-09-22,linke_pds,Linke,0.04467599437714505,0.05158073975790705,0.05158073975790705,0.05158073975790705
HE,06,2013-09-22,fdp,FDP,0.04551664864427813,0.05029128514578311,0.05029128514578311,0.05029128514578311
HE,06,2013-09-22,afd,AfD,0.04166904691942753,0.04053493361560582,0.04053493361560582,0.04053493361560582
HE,06,2013-09-22,piraten,Piraten,0.01694887020037373,0.01921533317086056,0.01921533317086056,0.01921533317086056
HE,06,2013-09-22,freie_wahler,FW-HE,0.0148660252455629,0.0122758506583501,0.0122758506583501,
HE,06,2013-09-22,npd,NPD,0.01290571003534278,0.01067880506493427,0.01067880506493427,0.01067880506493427
HE,06,2013-09-22,die_partei,DiePartei,0.0041491771442669,0.00482595237418395,0.00482595237418395,0.00482595237418395
HE,06,2013-09-22,rep,Rep,0.00296258101811537,0.00298966935087443,0.00298966935087443,0.00298966935087443
HE,06,2013-09-22,add,Add,0.00166585912824556,0.00143670221583687,0.00143670221583687,
HE,06,2013-09-22,odp,ÖDP,0.00108065741293217,0.00128530229358105,0.00128530229358105,0.00128530229358105
HE,06,2013-09-22,agp,Graue,6.882137999913931e-4,8.132156161673398e-4,8.132156161673398e-4,
HE,06,2013-09-22,avip,AVIP,8.461103454686978e-4,7.835105681298053e-4,7.835105681298053e-4,
HE,06,2013-09-22,lupe,LUPe,4.235794017683244e-4,6.381794191289649e-4,6.381794191289649e-4,
HE,06,2013-09-22,bueso,BÜSO,4.083734493219269e-4,4.541997667674616e-4,4.541997667674616e-4,4.541997667674616e-4
HE,06,2013-09-22,psg,PSG,4.36063329104753e-4,4.1874535459363016e-4,4.1874535459363016e-4,
HE,06,2013-09-22,other,,0,0,0,
HE,06,2018-10-28,cdu,CDU,0.28085573533150027,0.2696423545107507,0.2696423545107507,0.2696423545107507
HE,06,2018-10-28,gruene,Grüne,0.1658514309656438,0.1980077473023097,0.1980077473023097,0.1980077473023097
HE,06,2018-10-28,spd,SPD,0.21549617253480197,0.1979848406652504,0.1979848406652504,0.1979848406652504
HE,06,2018-10-28,afd,AfD,0.14595070570323537,0.13143273032189726,0.13143273032189726,0.13143273032189726
HE,06,2018-10-28,fdp,FDP,0.072720539928779,0.07494843403634728,0.07494843403634728,0.07494843403634728
HE,06,2018-10-28,linke_pds,Linke,0.04952084588438988,0.06293494410954092,0.06293494410954092,0.06293494410954092
HE,06,2018-10-28,freie_wahler,FW-HE,0.03594042775537236,0.02966235964044909,0.02966235964044909,
HE,06,2018-10-28,tierschutz,Die Tierschutzpartei,0.01002712629713508,0.00975093891181673,0.00975093891181673,
HE,06,2018-10-28,die_partei,DiePartei,0.00551317617319551,0.00636318611885559,0.00636318611885559,0.00636318611885559
HE,06,2018-10-28,piraten,Piraten,0.00358788246479153,0.0040319151926882,0.0040319151926882,0.0040319151926882
HE,06,2018-10-28,odp,ÖDP,0.00226006762861757,0.00261656267863272,0.00261656267863272,0.00261656267863272
HE,06,2018-10-28,npd,NPD,0.00271126896558201,0.00214246470555774,0.00214246470555774,0.00214246470555774
HE,06,2018-10-28,graue,Graue,0.00160610040497512,0.00169023215876659,0.00169023215876659,0.00169023215876659
HE,06,2018-10-28,bundnis_c,BündnisC,0.0013403764855323,0.00131504920935659,0.00131504920935659,
HE,06,2018-10-28,gesundheitsforschung,Gesundheitsforschung,0.0013771716820139,0.00123973496326781,0.00123973496326781,0.00123973496326781
HE,06,2018-10-28,v_partei3,VPartei3,0.00105735765737293,0.00123314062835682,0.00123314062835682,
HE,06,2018-10-28,bge,BGE,9.540300309260096e-4,0.00105196995343358,0.00105196995343358,
HE,06,2018-10-28,ad_demokraten,AD-Demokraten,7.063240586787266e-4,0.00103114573792516,0.00103114573792516,
HE,06,2018-10-28,die_humanisten,Die Humanisten,6.721710350430146e-4,9.183479039212344e-4,9.183479039212344e-4,
HE,06,2018-10-28,violetten,Violetten,8.00280117723349e-4,8.340098311121415e-4,8.340098311121415e-4,
HE,06,2018-10-28,menschliche_welt,MenschlWelt,5.208557142213134e-4,5.553124135578137e-4,5.553124135578137e-4,5.553124135578137e-4
HE,06,2018-10-28,lkr,LKR,3.9774555831272995e-4,4.65074146354669e-4,4.65074146354669e-4,
HE,06,2018-10-28,bueso,BÜSO,1.322076221562153e-4,1.4750485985129427e-4,1.4750485985129427e-4,1.4750485985129427e-4
HE,06,2018-10-28,other,,0,0,0,
HE,06,2023-10-08,cdu,CDU,0.36086395620745926,0.34581150408788497,0.34581150408788497,0.34581150408788497
HE,06,2023-10-08,afd,AfD,0.2134349953564208,0.18439576399782037,0.18439576399782037,0.18439576399782037
HE,06,2023-10-08,spd,SPD,0.15703253924465743,0.1509206405401745,0.1509206405401745,0.1509206405401745
HE,06,2023-10-08,gruene,Grüne,0.11092480486962664,0.1478808081432816,0.1478808081432816,0.1478808081432816
HE,06,2023-10-08,fdp,FDP,0.04548453705785553,0.05034775725274792,0.05034775725274792,0.05034775725274792
HE,06,2023-10-08,freie_wahler,FW-HE,0.04287709424706761,0.03493496813187868,0.03493496813187868,
HE,06,2023-10-08,linke_pds,Linke,0.02139604717469637,0.03086823257845821,0.03086823257845821,0.03086823257845821
HE,06,2023-10-08,tierschutz,Die Tierschutzpartei,0.01598294580095852,0.01540568006474928,0.01540568006474928,
HE,06,2023-10-08,volt,Volt,0.00498132174791903,0.00981476287921038,0.00981476287921038,0.00981476287921038
HE,06,2023-10-08,die_partei,DiePartei,0.00748275697722786,0.00841641154041516,0.00841641154041516,0.00841641154041516
HE,06,2023-10-08,diebasis,dieBasis,0.00483930635859364,0.00487219161181141,0.00487219161181141,0.00487219161181141
HE,06,2023-10-08,v_partei3,VPartei3,0.00300444686826986,0.00336684897841086,0.00336684897841086,
HE,06,2023-10-08,piraten,Piraten,0.00289700996444587,0.00306329228208876,0.00306329228208876,0.00306329228208876
HE,06,2023-10-08,klimaliste_waehlerl,WKH,0.00172382183781746,0.00220807283085813,0.00220807283085813,
HE,06,2023-10-08,odp,ÖDP,0.00194629344901676,0.00209930427222282,0.00209930427222282,0.00209930427222282
HE,06,2023-10-08,abg,ABG,0.00174252447330909,0.00157892136424208,0.00157892136424208,
HE,06,2023-10-08,pdh,Die Humanisten,0.00110998966532448,0.00151493985916248,0.00151493985916248,
HE,06,2023-10-08,dkp,DKP,5.9386592427916e-4,7.923043045690259e-4,7.923043045690259e-4,
HE,06,2023-10-08,appd,APPD,6.646689321741121e-4,6.856684627696953e-4,6.856684627696953e-4,
HE,06,2023-10-08,verjuengungsforschung,Gesundheitsforschung,5.349145870966026e-4,5.353119258326393e-4,5.353119258326393e-4,
HE,06,2023-10-08,die_neue_mitte,DNM,4.821592557838264e-4,4.86614891410945e-4,4.86614891410945e-4,
HE,06,2023-10-08,other,,0,0,0,
HH,02,1966-03-27,spd,SPD,0.5895260824518201,0.5895260824518201,0.5895260824518201,0.5895260824518201
HH,02,1966-03-27,cdu,CDU,0.30016923365850673,0.30016923365850673,0.30016923365850673,0.30016923365850673
HH,02,1966-03-27,fdp,FDP,0.06840774760973284,0.06840774760973284,0.06840774760973284,0.06840774760973284
HH,02,1966-03-27,npd,NPD,0.03867263415776713,0.03867263415776713,0.03867263415776713,0.03867263415776713
HH,02,1966-03-27,fsu,Humanwirtschaft,0.00322430212217319,0.00322430212217319,0.00322430212217319,
HH,02,1966-03-27,a_r_g_kardel,,0,0,0,
HH,02,1966-03-27,agfg,,0,0,0,
HH,02,1966-03-27,al,,0,0,0,
HH,02,1966-03-27,appd,APPD,0,0,0,
HH,02,1966-03-27,aud,,0,0,0,
HH,02,1966-03-27,bfb_die_offensive,BFB,0,0,0,
HH,02,1966-03-27,big,,0,0,0,
HH,02,1966-03-27,buergerbund,,0,0,0,
HH,02,1966-03-27,buergerpartei,,0,0,0,
HH,02,1966-03-27,bueso,BÜSO,0,0,0,
HH,02,1966-03-27,bunte_liste,,0,0,0,
HH,02,1966-03-27,bwk,,0,0,0,
HH,02,1966-03-27,cm,,0,0,0,
HH,02,1966-03-27,die_konservatlven,,0,0,0,
HH,02,1966-03-27,die_partei,DiePartei,0,0,0,
HH,02,1966-03-27,dja,,0,0,0,
HH,02,1966-03-27,dkp,,0,0,0,
HH,02,1966-03-27,dm,,0,0,0,
HH,02,1966-03-27,dp,DP,0,0,0,
HH,02,1966-03-27,dvu,,0,0,0,
HH,02,1966-03-27,eap,,0,0,0,
HH,02,1966-03-27,efp,,0,0,0,
HH,02,1966-03-27,ep,,0,0,0,
HH,02,1966-03-27,familie,,0,0,0,
HH,02,1966-03-27,fap,,0,0,0,
HH,02,1966-03-27,frauen,,0,0,0,
HH,02,1966-03-27,frieden,,0,0,0,
HH,02,1966-03-27,fuer_kinder,,0,0,0,
HH,02,1966-03-27,glu,,0,0,0,
HH,02,1966-03-27,glueckliche_zukunft,,0,0,0,
HH,02,1966-03-27,graue,Graue,0,0,0,
HH,02,1966-03-27,gruene,Grüne,0,0,0,
HH,02,1966-03-27,hla,,0,0,0,
HH,02,1966-03-27,johann_dolny,,0,0,0,
HH,02,1966-03-27,kbw,,0,0,0,
HH,02,1966-03-27,kpd,,0,0,0,
HH,02,1966-03-27,kpd_ml,,0,0,0,
HH,02,1966-03-27,kusch,,0,0,0,
HH,02,1966-03-27,linke_pds,Linke,0,0,0,
HH,02,1966-03-27,mustafa,,0,0,0,
HH,02,1966-03-27,mut,,0,0,0,
HH,02,1966-03-27,naturgesetz,Naturgesetz,0,0,0,
HH,02,1966-03-27,nl,,0,0,0,
HH,02,1966-03-27,odp,ÖDP,0,0,0,
HH,02,1966-03-27,offensive,,0,0,0,
HH,02,1966-03-27,olivia_jones_de,,0,0,0,
HH,02,1966-03-27,patrioten,,0,0,0,
HH,02,1966-03-27,pbc,BündnisC,0,0,0,
HH,02,1966-03-27,piraten,Piraten,0,0,0,
HH,02,1966-03-27,ploh,,0,0,0,
HH,02,1966-03-27,pop,,0,0,0,
HH,02,1966-03-27,pro_dm,,0,0,0,
HH,02,1966-03-27,pro_dm_schill,,0,0,0,
HH,02,1966-03-27,regenbogen,,0,0,0,
HH,02,1966-03-27,rentner,,0,0,0,
HH,02,1966-03-27,rep,Rep,0,0,0,
HH,02,1966-03-27,schill,,0,0,0,
HH,02,1966-03-27,senioren,,0,0,0,
HH,02,1966-03-27,slu_das_spektrum,,0,0,0,
HH,02,1966-03-27,soswasserturm_de,,0,0,0,
HH,02,1966-03-27,st_pauli,,0,0,0,
HH,02,1966-03-27,statt_partei,,0,0,0,
HH,02,1966-03-27,tierschutz,Die Tierschutzpartei,0,0,0,
HH,02,1966-03-27,udp,,0,0,0,
HH,02,1966-03-27,vsp,,0,0,0,
HH,02,1966-03-27,w_i_r,,0,0,0,
HH,02,1966-03-27,wgh,,0,0,0,
HH,02,1966-03-27,zentrum,Zentrum,0,0,0,
HH,02,1966-03-27,other,,0,0,0,
HH,02,1970-03-22,spd,SPD,0.5527392972214247,0.5527392972214247,0.5527392972214247,0.5527392972214247
HH,02,1970-03-22,cdu,CDU,0.3283179012345679,0.3283179012345679,0.3283179012345679,0.3283179012345679
HH,02,1970-03-22,fdp,FDP,0.07065568475452197,0.07065568475452197,0.07065568475452197,0.07065568475452197
HH,02,1970-03-22,npd,NPD,0.02722748588381663,0.02722748588381663,0.02722748588381663,0.02722748588381663
HH,02,1970-03-22,dkp,DKP,0.01717468976297572,0.01717468976297572,0.01717468976297572,
HH,02,1970-03-22,ep,EFP,0.00273451207452068,0.00273451207452068,0.00273451207452068,
HH,02,1970-03-22,fsu,Humanwirtschaft,0.00115042906817239,0.00115042906817239,0.00115042906817239,
HH,02,1970-03-22,a_r_g_kardel,,0,0,0,
HH,02,1970-03-22,agfg,,0,0,0,
HH,02,1970-03-22,al,,0,0,0,
HH,02,1970-03-22,appd,APPD,0,0,0,
HH,02,1970-03-22,aud,,0,0,0,
HH,02,1970-03-22,bfb_die_offensive,BFB,0,0,0,
HH,02,1970-03-22,big,,0,0,0,
HH,02,1970-03-22,buergerbund,,0,0,0,
HH,02,1970-03-22,buergerpartei,,0,0,0,
HH,02,1970-03-22,bueso,BÜSO,0,0,0,
HH,02,1970-03-22,bunte_liste,,0,0,0,
HH,02,1970-03-22,bwk,,0,0,0,
HH,02,1970-03-22,cm,,0,0,0,
HH,02,1970-03-22,die_konservatlven,,0,0,0,
HH,02,1970-03-22,die_partei,DiePartei,0,0,0,
HH,02,1970-03-22,dja,,0,0,0,
HH,02,1970-03-22,dm,,0,0,0,
HH,02,1970-03-22,dp,DP,0,0,0,
HH,02,1970-03-22,dvu,,0,0,0,
HH,02,1970-03-22,eap,,0,0,0,
HH,02,1970-03-22,efp,,0,0,0,
HH,02,1970-03-22,familie,,0,0,0,
HH,02,1970-03-22,fap,,0,0,0,
HH,02,1970-03-22,frauen,,0,0,0,
HH,02,1970-03-22,frieden,,0,0,0,
HH,02,1970-03-22,fuer_kinder,,0,0,0,
HH,02,1970-03-22,glu,,0,0,0,
HH,02,1970-03-22,glueckliche_zukunft,,0,0,0,
HH,02,1970-03-22,graue,Graue,0,0,0,
HH,02,1970-03-22,gruene,Grüne,0,0,0,
HH,02,1970-03-22,hla,,0,0,0,
HH,02,1970-03-22,johann_dolny,,0,0,0,
HH,02,1970-03-22,kbw,,0,0,0,
HH,02,1970-03-22,kpd,,0,0,0,
HH,02,1970-03-22,kpd_ml,,0,0,0,
HH,02,1970-03-22,kusch,,0,0,0,
HH,02,1970-03-22,linke_pds,Linke,0,0,0,
HH,02,1970-03-22,mustafa,,0,0,0,
HH,02,1970-03-22,mut,,0,0,0,
HH,02,1970-03-22,naturgesetz,Naturgesetz,0,0,0,
HH,02,1970-03-22,nl,,0,0,0,
HH,02,1970-03-22,odp,ÖDP,0,0,0,
HH,02,1970-03-22,offensive,,0,0,0,
HH,02,1970-03-22,olivia_jones_de,,0,0,0,
HH,02,1970-03-22,patrioten,,0,0,0,
HH,02,1970-03-22,pbc,BündnisC,0,0,0,
HH,02,1970-03-22,piraten,Piraten,0,0,0,
HH,02,1970-03-22,ploh,,0,0,0,
HH,02,1970-03-22,pop,,0,0,0,
HH,02,1970-03-22,pro_dm,,0,0,0,
HH,02,1970-03-22,pro_dm_schill,,0,0,0,
HH,02,1970-03-22,regenbogen,,0,0,0,
HH,02,1970-03-22,rentner,,0,0,0,
HH,02,1970-03-22,rep,Rep,0,0,0,
HH,02,1970-03-22,schill,,0,0,0,
HH,02,1970-03-22,senioren,,0,0,0,
HH,02,1970-03-22,slu_das_spektrum,,0,0,0,
HH,02,1970-03-22,soswasserturm_de,,0,0,0,
HH,02,1970-03-22,st_pauli,,0,0,0,
HH,02,1970-03-22,statt_partei,,0,0,0,
HH,02,1970-03-22,tierschutz,Die Tierschutzpartei,0,0,0,
HH,02,1970-03-22,udp,,0,0,0,
HH,02,1970-03-22,vsp,,0,0,0,
HH,02,1970-03-22,w_i_r,,0,0,0,
HH,02,1970-03-22,wgh,,0,0,0,
HH,02,1970-03-22,zentrum,Zentrum,0,0,0,
HH,02,1970-03-22,other,,0,0,0,
HH,02,1974-03-03,spd,SPD,0.4495391241923905,0.4495391241923905,0.4495391241923905,0.4495391241923905
HH,02,1974-03-03,cdu,CDU,0.40575448671931086,0.40575448671931086,0.40575448671931086,0.40575448671931086
HH,02,1974-03-03,fdp,FDP,0.10905001196458484,0.10905001196458484,0.10905001196458484,0.10905001196458484
HH,02,1974-03-03,dkp,DKP,0.02219191194065566,0.02219191194065566,0.02219191194065566,
HH,02,1974-03-03,npd,NPD,0.00764967695620961,0.00764967695620961,0.00764967695620961,0.00764967695620961
HH,02,1974-03-03,kpd_ml,KPD/ML,0.00287245752572385,0.00287245752572385,0.00287245752572385,
HH,02,1974-03-03,dp,DP,8.394352715960756e-4,8.394352715960756e-4,8.394352715960756e-4,
HH,02,1974-03-03,efp,EFP,8.28906436946638e-4,8.28906436946638e-4,8.28906436946638e-4,
HH,02,1974-03-03,fsu,Humanwirtschaft,7.753050969131371e-4,7.753050969131371e-4,7.753050969131371e-4,
HH,02,1974-03-03,aud,AUD,4.986838956688203e-4,4.986838956688203e-4,4.986838956688203e-4,
HH,02,1974-03-03,a_r_g_kardel,,0,0,0,
HH,02,1974-03-03,agfg,,0,0,0,
HH,02,1974-03-03,al,,0,0,0,
HH,02,1974-03-03,appd,APPD,0,0,0,
HH,02,1974-03-03,bfb_die_offensive,BFB,0,0,0,
HH,02,1974-03-03,big,,0,0,0,
HH,02,1974-03-03,buergerbund,,0,0,0,
HH,02,1974-03-03,buergerpartei,,0,0,0,
HH,02,1974-03-03,bueso,BÜSO,0,0,0,
HH,02,1974-03-03,bunte_liste,,0,0,0,
HH,02,1974-03-03,bwk,,0,0,0,
HH,02,1974-03-03,cm,,0,0,0,
HH,02,1974-03-03,die_konservatlven,,0,0,0,
HH,02,1974-03-03,die_partei,DiePartei,0,0,0,
HH,02,1974-03-03,dja,,0,0,0,
HH,02,1974-03-03,dm,,0,0,0,
HH,02,1974-03-03,dvu,,0,0,0,
HH,02,1974-03-03,eap,,0,0,0,
HH,02,1974-03-03,ep,,0,0,0,
HH,02,1974-03-03,familie,,0,0,0,
HH,02,1974-03-03,fap,,0,0,0,
HH,02,1974-03-03,frauen,,0,0,0,
HH,02,1974-03-03,frieden,,0,0,0,
HH,02,1974-03-03,fuer_kinder,,0,0,0,
HH,02,1974-03-03,glu,,0,0,0,
HH,02,1974-03-03,glueckliche_zukunft,,0,0,0,
HH,02,1974-03-03,graue,Graue,0,0,0,
HH,02,1974-03-03,gruene,Grüne,0,0,0,
HH,02,1974-03-03,hla,,0,0,0,
HH,02,1974-03-03,johann_dolny,,0,0,0,
HH,02,1974-03-03,kbw,,0,0,0,
HH,02,1974-03-03,kpd,,0,0,0,
HH,02,1974-03-03,kusch,,0,0,0,
HH,02,1974-03-03,linke_pds,Linke,0,0,0,
HH,02,1974-03-03,mustafa,,0,0,0,
HH,02,1974-03-03,mut,,0,0,0,
HH,02,1974-03-03,naturgesetz,Naturgesetz,0,0,0,
HH,02,1974-03-03,nl,,0,0,0,
HH,02,1974-03-03,odp,ÖDP,0,0,0,
HH,02,1974-03-03,offensive,,0,0,0,
HH,02,1974-03-03,olivia_jones_de,,0,0,0,
HH,02,1974-03-03,patrioten,,0,0,0,
HH,02,1974-03-03,pbc,BündnisC,0,0,0,
HH,02,1974-03-03,piraten,Piraten,0,0,0,
HH,02,1974-03-03,ploh,,0,0,0,
HH,02,1974-03-03,pop,,0,0,0,
HH,02,1974-03-03,pro_dm,,0,0,0,
HH,02,1974-03-03,pro_dm_schill,,0,0,0,
HH,02,1974-03-03,regenbogen,,0,0,0,
HH,02,1974-03-03,rentner,,0,0,0,
HH,02,1974-03-03,rep,Rep,0,0,0,
HH,02,1974-03-03,schill,,0,0,0,
HH,02,1974-03-03,senioren,,0,0,0,
HH,02,1974-03-03,slu_das_spektrum,,0,0,0,
HH,02,1974-03-03,soswasserturm_de,,0,0,0,
HH,02,1974-03-03,st_pauli,,0,0,0,
HH,02,1974-03-03,statt_partei,,0,0,0,
HH,02,1974-03-03,tierschutz,Die Tierschutzpartei,0,0,0,
HH,02,1974-03-03,udp,,0,0,0,
HH,02,1974-03-03,vsp,,0,0,0,
HH,02,1974-03-03,w_i_r,,0,0,0,
HH,02,1974-03-03,wgh,,0,0,0,
HH,02,1974-03-03,zentrum,Zentrum,0,0,0,
HH,02,1974-03-03,other,,0,0,0,
HH,02,1978-06-04,spd,SPD,0.514755367556451,0.514755367556451,0.514755367556451,0.514755367556451
HH,02,1978-06-04,cdu,CDU,0.3760539734577633,0.3760539734577633,0.3760539734577633,0.3760539734577633
HH,02,1978-06-04,fdp,FDP,0.0478956006748769,0.0478956006748769,0.0478956006748769,0.0478956006748769
HH,02,1978-06-04,bunte_liste,Grüne,0.03472360618824975,0.03472360618824975,0.03472360618824975,
HH,02,1978-06-04,glu,ÖDP,0.01049773736770878,0.01049773736770878,0.01049773736770878,
HH,02,1978-06-04,dkp,DKP,0.00977987201545914,0.00977987201545914,0.00977987201545914,
HH,02,1978-06-04,npd,NPD,0.00337125429232353,0.00337125429232353,0.00337125429232353,0.00337125429232353
HH,02,1978-06-04,kpd_ml,KPD/ML,9.181998691565186e-4,9.181998691565186e-4,9.181998691565186e-4,
HH,02,1978-06-04,kbw,KBW,7.189087611918652e-4,7.189087611918652e-4,7.189087611918652e-4,
HH,02,1978-06-04,aud,AUD,6.176980937962034e-4,6.176980937962034e-4,6.176980937962034e-4,
HH,02,1978-06-04,fsu,Humanwirtschaft,3.8710471756485046e-4,3.8710471756485046e-4,3.8710471756485046e-4,
HH,02,1978-06-04,eap,BÜSO,2.8067700545807216e-4,2.8067700545807216e-4,2.8067700545807216e-4,
HH,02,1978-06-04,a_r_g_kardel,,0,0,0,
HH,02,1978-06-04,agfg,,0,0,0,
HH,02,1978-06-04,al,,0,0,0,
HH,02,1978-06-04,appd,APPD,0,0,0,
HH,02,1978-06-04,bfb_die_offensive,BFB,0,0,0,
HH,02,1978-06-04,big,,0,0,0,
HH,02,1978-06-04,buergerbund,,0,0,0,
HH,02,1978-06-04,buergerpartei,,0,0,0,
HH,02,1978-06-04,bueso,,0,0,0,2.8067700545807216e-4
HH,02,1978-06-04,bwk,,0,0,0,
HH,02,1978-06-04,cm,,0,0,0,
HH,02,1978-06-04,die_konservatlven,,0,0,0,
HH,02,1978-06-04,die_partei,DiePartei,0,0,0,
HH,02,1978-06-04,dja,,0,0,0,
HH,02,1978-06-04,dm,,0,0,0,
HH,02,1978-06-04,dp,DP,0,0,0,
HH,02,1978-06-04,dvu,,0,0,0,
HH,02,1978-06-04,efp,,0,0,0,
HH,02,1978-06-04,ep,,0,0,0,
HH,02,1978-06-04,familie,,0,0,0,
HH,02,1978-06-04,fap,,0,0,0,
HH,02,1978-06-04,frauen,,0,0,0,
HH,02,1978-06-04,frieden,,0,0,0,
HH,02,1978-06-04,fuer_kinder,,0,0,0,
HH,02,1978-06-04,glueckliche_zukunft,,0,0,0,
HH,02,1978-06-04,graue,Graue,0,0,0,
HH,02,1978-06-04,gruene,,0,0,0,0.03472360618824975
HH,02,1978-06-04,hla,,0,0,0,
HH,02,1978-06-04,johann_dolny,,0,0,0,
HH,02,1978-06-04,kpd,,0,0,0,
HH,02,1978-06-04,kusch,,0,0,0,
HH,02,1978-06-04,linke_pds,Linke,0,0,0,
HH,02,1978-06-04,mustafa,,0,0,0,
HH,02,1978-06-04,mut,,0,0,0,
HH,02,1978-06-04,naturgesetz,Naturgesetz,0,0,0,
HH,02,1978-06-04,nl,,0,0,0,
HH,02,1978-06-04,odp,,0,0,0,0.01049773736770878
HH,02,1978-06-04,offensive,,0,0,0,
HH,02,1978-06-04,olivia_jones_de,,0,0,0,
HH,02,1978-06-04,patrioten,,0,0,0,
HH,02,1978-06-04,pbc,BündnisC,0,0,0,
HH,02,1978-06-04,piraten,Piraten,0,0,0,
HH,02,1978-06-04,ploh,,0,0,0,
HH,02,1978-06-04,pop,,0,0,0,
HH,02,1978-06-04,pro_dm,,0,0,0,
HH,02,1978-06-04,pro_dm_schill,,0,0,0,
HH,02,1978-06-04,regenbogen,,0,0,0,
HH,02,1978-06-04,rentner,,0,0,0,
HH,02,1978-06-04,rep,Rep,0,0,0,
HH,02,1978-06-04,schill,,0,0,0,
HH,02,1978-06-04,senioren,,0,0,0,
HH,02,1978-06-04,slu_das_spektrum,,0,0,0,
HH,02,1978-06-04,soswasserturm_de,,0,0,0,
HH,02,1978-06-04,st_pauli,,0,0,0,
HH,02,1978-06-04,statt_partei,,0,0,0,
HH,02,1978-06-04,tierschutz,Die Tierschutzpartei,0,0,0,
HH,02,1978-06-04,udp,,0,0,0,
HH,02,1978-06-04,vsp,,0,0,0,
HH,02,1978-06-04,w_i_r,,0,0,0,
HH,02,1978-06-04,wgh,,0,0,0,
HH,02,1978-06-04,zentrum,Zentrum,0,0,0,
HH,02,1978-06-04,other,,0,0,0,
HH,02,1982-06-06,cdu,CDU,0.4324470505772259,0.4324470505772259,0.4324470505772259,0.4324470505772259
HH,02,1982-06-06,spd,SPD,0.4271115691023314,0.4271115691023314,0.4271115691023314,0.4271115691023314
HH,02,1982-06-06,gruene,Grüne,0.0767932710163046,0.0767932710163046,0.0767932710163046,0.0767932710163046
HH,02,1982-06-06,fdp,FDP,0.04850475747098178,0.04850475747098178,0.04850475747098178,0.04850475747098178
HH,02,1982-06-06,hla,HLA,0.00650824122653303,0.00650824122653303,0.00650824122653303,
HH,02,1982-06-06,dkp,DKP,0.00584601381994319,0.00584601381994319,0.00584601381994319,
HH,02,1982-06-06,odp,ÖDP,0.00174292394846552,0.00174292394846552,0.00174292394846552,0.00174292394846552
HH,02,1982-06-06,kpd,KPD/ML,7.490597521616546e-4,7.490597521616546e-4,7.490597521616546e-4,
HH,02,1982-06-06,efp,EFP,1.527412343793318e-4,1.527412343793318e-4,1.527412343793318e-4,
HH,02,1982-06-06,buergerpartei,BÜP,1.44371851673615e-4,1.44371851673615e-4,1.44371851673615e-4,
HH,02,1982-06-06,a_r_g_kardel,,0,0,0,
HH,02,1982-06-06,agfg,,0,0,0,
HH,02,1982-06-06,al,,0,0,0,
HH,02,1982-06-06,appd,APPD,0,0,0,
HH,02,1982-06-06,aud,,0,0,0,
HH,02,1982-06-06,bfb_die_offensive,BFB,0,0,0,
HH,02,1982-06-06,big,,0,0,0,
HH,02,1982-06-06,buergerbund,,0,0,0,
HH,02,1982-06-06,bueso,BÜSO,0,0,0,
HH,02,1982-06-06,bunte_liste,,0,0,0,
HH,02,1982-06-06,bwk,,0,0,0,
HH,02,1982-06-06,cm,,0,0,0,
HH,02,1982-06-06,die_konservatlven,,0,0,0,
HH,02,1982-06-06,die_partei,DiePartei,0,0,0,
HH,02,1982-06-06,dja,,0,0,0,
HH,02,1982-06-06,dm,,0,0,0,
HH,02,1982-06-06,dp,DP,0,0,0,
HH,02,1982-06-06,dvu,,0,0,0,
HH,02,1982-06-06,eap,,0,0,0,
HH,02,1982-06-06,ep,,0,0,0,
HH,02,1982-06-06,familie,,0,0,0,
HH,02,1982-06-06,fap,,0,0,0,
HH,02,1982-06-06,frauen,,0,0,0,
HH,02,1982-06-06,frieden,,0,0,0,
HH,02,1982-06-06,fsu,Humanwirtschaft,0,0,0,
HH,02,1982-06-06,fuer_kinder,,0,0,0,
HH,02,1982-06-06,glu,,0,0,0,
HH,02,1982-06-06,glueckliche_zukunft,,0,0,0,
HH,02,1982-06-06,graue,Graue,0,0,0,
HH,02,1982-06-06,johann_dolny,,0,0,0,
HH,02,1982-06-06,kbw,,0,0,0,
HH,02,1982-06-06,kpd_ml,,0,0,0,
HH,02,1982-06-06,kusch,,0,0,0,
HH,02,1982-06-06,linke_pds,Linke,0,0,0,
HH,02,1982-06-06,mustafa,,0,0,0,
HH,02,1982-06-06,mut,,0,0,0,
HH,02,1982-06-06,naturgesetz,Naturgesetz,0,0,0,
HH,02,1982-06-06,nl,,0,0,0,
HH,02,1982-06-06,npd,NPD,0,0,0,
HH,02,1982-06-06,offensive,,0,0,0,
HH,02,1982-06-06,olivia_jones_de,,0,0,0,
HH,02,1982-06-06,patrioten,,0,0,0,
HH,02,1982-06-06,pbc,BündnisC,0,0,0,
HH,02,1982-06-06,piraten,Piraten,0,0,0,
HH,02,1982-06-06,ploh,,0,0,0,
HH,02,1982-06-06,pop,,0,0,0,
HH,02,1982-06-06,pro_dm,,0,0,0,
HH,02,1982-06-06,pro_dm_schill,,0,0,0,
HH,02,1982-06-06,regenbogen,,0,0,0,
HH,02,1982-06-06,rentner,,0,0,0,
HH,02,1982-06-06,rep,Rep,0,0,0,
HH,02,1982-06-06,schill,,0,0,0,
HH,02,1982-06-06,senioren,,0,0,0,
HH,02,1982-06-06,slu_das_spektrum,,0,0,0,
HH,02,1982-06-06,soswasserturm_de,,0,0,0,
HH,02,1982-06-06,st_pauli,,0,0,0,
HH,02,1982-06-06,statt_partei,,0,0,0,
HH,02,1982-06-06,tierschutz,Die Tierschutzpartei,0,0,0,
HH,02,1982-06-06,udp,,0,0,0,
HH,02,1982-06-06,vsp,,0,0,0,
HH,02,1982-06-06,w_i_r,,0,0,0,
HH,02,1982-06-06,wgh,,0,0,0,
HH,02,1982-06-06,zentrum,Zentrum,0,0,0,
HH,02,1982-06-06,other,,0,0,0,
HH,02,1982-12-19,spd,SPD,0.5132749103661554,0.5132749103661554,0.5132749103661554,0.5132749103661554
HH,02,1982-12-19,cdu,CDU,0.38585687825385623,0.38585687825385623,0.38585687825385623,0.38585687825385623
HH,02,1982-12-19,gruene,Grüne,0.06826114698401356,0.06826114698401356,0.06826114698401356,0.06826114698401356
HH,02,1982-12-19,fdp,FDP,0.02564355793352717,0.02564355793352717,0.02564355793352717,0.02564355793352717
HH,02,1982-12-19,dkp,DKP,0.00376157155264312,0.00376157155264312,0.00376157155264312,
HH,02,1982-12-19,hla,HLA,0.00271491547840703,0.00271491547840703,0.00271491547840703,
HH,02,1982-12-19,fsu,Humanwirtschaft,3.243568777697415e-4,3.243568777697415e-4,3.243568777697415e-4,
HH,02,1982-12-19,eap,BÜSO,1.6266255362781064e-4,1.6266255362781064e-4,1.6266255362781064e-4,
HH,02,1982-12-19,a_r_g_kardel,,0,0,0,
HH,02,1982-12-19,agfg,,0,0,0,
HH,02,1982-12-19,al,,0,0,0,
HH,02,1982-12-19,appd,APPD,0,0,0,
HH,02,1982-12-19,aud,,0,0,0,
HH,02,1982-12-19,bfb_die_offensive,BFB,0,0,0,
HH,02,1982-12-19,big,,0,0,0,
HH,02,1982-12-19,buergerbund,,0,0,0,
HH,02,1982-12-19,buergerpartei,,0,0,0,
HH,02,1982-12-19,bueso,BÜSO,0,0,0,1.6266255362781064e-4
HH,02,1982-12-19,bunte_liste,,0,0,0,
HH,02,1982-12-19,bwk,,0,0,0,
HH,02,1982-12-19,cm,,0,0,0,
HH,02,1982-12-19,die_konservatlven,,0,0,0,
HH,02,1982-12-19,die_partei,DiePartei,0,0,0,
HH,02,1982-12-19,dja,,0,0,0,
HH,02,1982-12-19,dm,,0,0,0,
HH,02,1982-12-19,dp,DP,0,0,0,
HH,02,1982-12-19,dvu,,0,0,0,
HH,02,1982-12-19,efp,,0,0,0,
HH,02,1982-12-19,ep,,0,0,0,
HH,02,1982-12-19,familie,,0,0,0,
HH,02,1982-12-19,fap,,0,0,0,
HH,02,1982-12-19,frauen,,0,0,0,
HH,02,1982-12-19,frieden,,0,0,0,
HH,02,1982-12-19,fuer_kinder,,0,0,0,
HH,02,1982-12-19,glu,,0,0,0,
HH,02,1982-12-19,glueckliche_zukunft,,0,0,0,
HH,02,1982-12-19,graue,Graue,0,0,0,
HH,02,1982-12-19,johann_dolny,,0,0,0,
HH,02,1982-12-19,kbw,,0,0,0,
HH,02,1982-12-19,kpd,,0,0,0,
HH,02,1982-12-19,kpd_ml,,0,0,0,
HH,02,1982-12-19,kusch,,0,0,0,
HH,02,1982-12-19,linke_pds,Linke,0,0,0,
HH,02,1982-12-19,mustafa,,0,0,0,
HH,02,1982-12-19,mut,,0,0,0,
HH,02,1982-12-19,naturgesetz,Naturgesetz,0,0,0,
HH,02,1982-12-19,nl,,0,0,0,
HH,02,1982-12-19,npd,NPD,0,0,0,
HH,02,1982-12-19,odp,ÖDP,0,0,0,
HH,02,1982-12-19,offensive,,0,0,0,
HH,02,1982-12-19,olivia_jones_de,,0,0,0,
HH,02,1982-12-19,patrioten,,0,0,0,
HH,02,1982-12-19,pbc,BündnisC,0,0,0,
HH,02,1982-12-19,piraten,Piraten,0,0,0,
HH,02,1982-12-19,ploh,,0,0,0,
HH,02,1982-12-19,pop,,0,0,0,
HH,02,1982-12-19,pro_dm,,0,0,0,
HH,02,1982-12-19,pro_dm_schill,,0,0,0,
HH,02,1982-12-19,regenbogen,,0,0,0,
HH,02,1982-12-19,rentner,,0,0,0,
HH,02,1982-12-19,rep,Rep,0,0,0,
HH,02,1982-12-19,schill,,0,0,0,
HH,02,1982-12-19,senioren,,0,0,0,
HH,02,1982-12-19,slu_das_spektrum,,0,0,0,
HH,02,1982-12-19,soswasserturm_de,,0,0,0,
HH,02,1982-12-19,st_pauli,,0,0,0,
HH,02,1982-12-19,statt_partei,,0,0,0,
HH,02,1982-12-19,tierschutz,Die Tierschutzpartei,0,0,0,
HH,02,1982-12-19,udp,,0,0,0,
HH,02,1982-12-19,vsp,,0,0,0,
HH,02,1982-12-19,w_i_r,,0,0,0,
HH,02,1982-12-19,wgh,,0,0,0,
HH,02,1982-12-19,zentrum,Zentrum,0,0,0,
HH,02,1982-12-19,other,,0,0,0,
HH,02,1986-11-09,cdu,CDU,0.4192112284272215,0.4192112284272215,0.4192112284272215,0.4192112284272215
HH,02,1986-11-09,spd,SPD,0.41746069643856926,0.41746069643856926,0.41746069643856926,0.41746069643856926
HH,02,1986-11-09,gruene,Grüne,0.10402997694802724,0.10402997694802724,0.10402997694802724,0.10402997694802724
HH,02,1986-11-09,fdp,FDP,0.04762614725529304,0.04762614725529304,0.04762614725529304,0.04762614725529304
HH,02,1986-11-09,hla,HLA,0.00686554684054519,0.00686554684054519,0.00686554684054519,
HH,02,1986-11-09,dkp,DKP,0.00160143962749847,0.00160143962749847,0.00160143962749847,
HH,02,1986-11-09,a_r_g_kardel,ARG,8.372109510945777e-4,8.372109510945777e-4,8.372109510945777e-4,
HH,02,1986-11-09,fap,FAP,7.433765979208393e-4,7.433765979208393e-4,7.433765979208393e-4,
HH,02,1986-11-09,efp,EFP,5.546652876492097e-4,5.546652876492097e-4,5.546652876492097e-4,
HH,02,1986-11-09,patrioten,BÜSO,4.8793863650344006e-4,4.8793863650344006e-4,4.8793863650344006e-4,
HH,02,1986-11-09,fsu,Humanwirtschaft,3.753374126949539e-4,3.753374126949539e-4,3.753374126949539e-4,
HH,02,1986-11-09,bwk,BWK,2.0643557698222465e-4,2.0643557698222465e-4,2.0643557698222465e-4,
HH,02,1986-11-09,agfg,,0,0,0,
HH,02,1986-11-09,al,,0,0,0,
HH,02,1986-11-09,appd,APPD,0,0,0,
HH,02,1986-11-09,aud,,0,0,0,
HH,02,1986-11-09,bfb_die_offensive,BFB,0,0,0,
HH,02,1986-11-09,big,,0,0,0,
HH,02,1986-11-09,buergerbund,,0,0,0,
HH,02,1986-11-09,buergerpartei,,0,0,0,
HH,02,1986-11-09,bueso,,0,0,0,4.8793863650344006e-4
HH,02,1986-11-09,bunte_liste,,0,0,0,
HH,02,1986-11-09,cm,,0,0,0,
HH,02,1986-11-09,die_konservatlven,,0,0,0,
HH,02,1986-11-09,die_partei,DiePartei,0,0,0,
HH,02,1986-11-09,dja,,0,0,0,
HH,02,1986-11-09,dm,,0,0,0,
HH,02,1986-11-09,dp,DP,0,0,0,
HH,02,1986-11-09,dvu,,0,0,0,
HH,02,1986-11-09,eap,,0,0,0,
HH,02,1986-11-09,ep,,0,0,0,
HH,02,1986-11-09,familie,,0,0,0,
HH,02,1986-11-09,frauen,,0,0,0,
HH,02,1986-11-09,frieden,,0,0,0,
HH,02,1986-11-09,fuer_kinder,,0,0,0,
HH,02,1986-11-09,glu,,0,0,0,
HH,02,1986-11-09,glueckliche_zukunft,,0,0,0,
HH,02,1986-11-09,graue,Graue,0,0,0,
HH,02,1986-11-09,johann_dolny,,0,0,0,
HH,02,1986-11-09,kbw,,0,0,0,
HH,02,1986-11-09,kpd,,0,0,0,
HH,02,1986-11-09,kpd_ml,,0,0,0,
HH,02,1986-11-09,kusch,,0,0,0,
HH,02,1986-11-09,linke_pds,Linke,0,0,0,
HH,02,1986-11-09,mustafa,,0,0,0,
HH,02,1986-11-09,mut,,0,0,0,
HH,02,1986-11-09,naturgesetz,Naturgesetz,0,0,0,
HH,02,1986-11-09,nl,,0,0,0,
HH,02,1986-11-09,npd,NPD,0,0,0,
HH,02,1986-11-09,odp,ÖDP,0,0,0,
HH,02,1986-11-09,offensive,,0,0,0,
HH,02,1986-11-09,olivia_jones_de,,0,0,0,
HH,02,1986-11-09,pbc,BündnisC,0,0,0,
HH,02,1986-11-09,piraten,Piraten,0,0,0,
HH,02,1986-11-09,ploh,,0,0,0,
HH,02,1986-11-09,pop,,0,0,0,
HH,02,1986-11-09,pro_dm,,0,0,0,
HH,02,1986-11-09,pro_dm_schill,,0,0,0,
HH,02,1986-11-09,regenbogen,,0,0,0,
HH,02,1986-11-09,rentner,,0,0,0,
HH,02,1986-11-09,rep,Rep,0,0,0,
HH,02,1986-11-09,schill,,0,0,0,
HH,02,1986-11-09,senioren,,0,0,0,
HH,02,1986-11-09,slu_das_spektrum,,0,0,0,
HH,02,1986-11-09,soswasserturm_de,,0,0,0,
HH,02,1986-11-09,st_pauli,,0,0,0,
HH,02,1986-11-09,statt_partei,,0,0,0,
HH,02,1986-11-09,tierschutz,Die Tierschutzpartei,0,0,0,
HH,02,1986-11-09,udp,,0,0,0,
HH,02,1986-11-09,vsp,,0,0,0,
HH,02,1986-11-09,w_i_r,,0,0,0,
HH,02,1986-11-09,wgh,,0,0,0,
HH,02,1986-11-09,zentrum,Zentrum,0,0,0,
HH,02,1986-11-09,other,,0,0,0,
HH,02,1987-05-17,spd,SPD,0.4496060728864188,0.4496060728864188,0.4496060728864188,0.4496060728864188
HH,02,1987-05-17,cdu,CDU,0.40493289984592307,0.40493289984592307,0.40493289984592307,0.40493289984592307
HH,02,1987-05-17,gruene,Grüne,0.07023146074491175,0.07023146074491175,0.07023146074491175,0.07023146074491175
HH,02,1987-05-17,fdp,FDP,0.06539789329993814,0.06539789329993814,0.06539789329993814,0.06539789329993814
HH,02,1987-05-17,hla,HLA,0.00388594852794053,0.00388594852794053,0.00388594852794053,
HH,02,1987-05-17,frieden,Frieden,0.00324810857092363,0.00324810857092363,0.00324810857092363,
HH,02,1987-05-17,die_konservatlven,DDK,0.00147881365830669,0.00147881365830669,0.00147881365830669,
HH,02,1987-05-17,odp,ÖDP,7.444851727601712e-4,7.444851727601712e-4,7.444851727601712e-4,7.444851727601712e-4
HH,02,1987-05-17,efp,EFP,2.4985450545566456e-4,2.4985450545566456e-4,2.4985450545566456e-4,
HH,02,1987-05-17,zentrum,Zentrum,2.2446278742155229e-4,2.2446278742155229e-4,2.2446278742155229e-4,
HH,02,1987-05-17,a_r_g_kardel,,0,0,0,
HH,02,1987-05-17,agfg,,0,0,0,
HH,02,1987-05-17,al,,0,0,0,
HH,02,1987-05-17,appd,APPD,0,0,0,
HH,02,1987-05-17,aud,,0,0,0,
HH,02,1987-05-17,bfb_die_offensive,BFB,0,0,0,
HH,02,1987-05-17,big,,0,0,0,
HH,02,1987-05-17,buergerbund,,0,0,0,
HH,02,1987-05-17,buergerpartei,,0,0,0,
HH,02,1987-05-17,bueso,BÜSO,0,0,0,
HH,02,1987-05-17,bunte_liste,,0,0,0,
HH,02,1987-05-17,bwk,,0,0,0,
HH,02,1987-05-17,cm,,0,0,0,
HH,02,1987-05-17,die_partei,DiePartei,0,0,0,
HH,02,1987-05-17,dja,,0,0,0,
HH,02,1987-05-17,dkp,,0,0,0,
HH,02,1987-05-17,dm,,0,0,0,
HH,02,1987-05-17,dp,DP,0,0,0,
HH,02,1987-05-17,dvu,,0,0,0,
HH,02,1987-05-17,eap,,0,0,0,
HH,02,1987-05-17,ep,,0,0,0,
HH,02,1987-05-17,familie,,0,0,0,
HH,02,1987-05-17,fap,,0,0,0,
HH,02,1987-05-17,frauen,,0,0,0,
HH,02,1987-05-17,fsu,Humanwirtschaft,0,0,0,
HH,02,1987-05-17,fuer_kinder,,0,0,0,
HH,02,1987-05-17,glu,,0,0,0,
HH,02,1987-05-17,glueckliche_zukunft,,0,0,0,
HH,02,1987-05-17,graue,Graue,0,0,0,
HH,02,1987-05-17,johann_dolny,,0,0,0,
HH,02,1987-05-17,kbw,,0,0,0,
HH,02,1987-05-17,kpd,,0,0,0,
HH,02,1987-05-17,kpd_ml,,0,0,0,
HH,02,1987-05-17,kusch,,0,0,0,
HH,02,1987-05-17,linke_pds,Linke,0,0,0,
HH,02,1987-05-17,mustafa,,0,0,0,
HH,02,1987-05-17,mut,,0,0,0,
HH,02,1987-05-17,naturgesetz,Naturgesetz,0,0,0,
HH,02,1987-05-17,nl,,0,0,0,
HH,02,1987-05-17,npd,NPD,0,0,0,
HH,02,1987-05-17,offensive,,0,0,0,
HH,02,1987-05-17,olivia_jones_de,,0,0,0,
HH,02,1987-05-17,patrioten,,0,0,0,
HH,02,1987-05-17,pbc,BündnisC,0,0,0,
HH,02,1987-05-17,piraten,Piraten,0,0,0,
HH,02,1987-05-17,ploh,,0,0,0,
HH,02,1987-05-17,pop,,0,0,0,
HH,02,1987-05-17,pro_dm,,0,0,0,
HH,02,1987-05-17,pro_dm_schill,,0,0,0,
HH,02,1987-05-17,regenbogen,,0,0,0,
HH,02,1987-05-17,rentner,,0,0,0,
HH,02,1987-05-17,rep,Rep,0,0,0,
HH,02,1987-05-17,schill,,0,0,0,
HH,02,1987-05-17,senioren,,0,0,0,
HH,02,1987-05-17,slu_das_spektrum,,0,0,0,
HH,02,1987-05-17,soswasserturm_de,,0,0,0,
HH,02,1987-05-17,st_pauli,,0,0,0,
HH,02,1987-05-17,statt_partei,,0,0,0,
HH,02,1987-05-17,tierschutz,Die Tierschutzpartei,0,0,0,
HH,02,1987-05-17,udp,,0,0,0,
HH,02,1987-05-17,vsp,,0,0,0,
HH,02,1987-05-17,w_i_r,,0,0,0,
HH,02,1987-05-17,wgh,,0,0,0,
HH,02,1987-05-17,other,,0,0,0,
HH,02,1991-06-02,spd,SPD,0.47990602276483857,0.47990602276483857,0.47990602276483857,0.47990602276483857
HH,02,1991-06-02,cdu,CDU,0.3506665869698075,0.3506665869698075,0.3506665869698075,0.3506665869698075
HH,02,1991-06-02,gruene,Grüne,0.07229074390105554,0.07229074390105554,0.07229074390105554,0.07229074390105554
HH,02,1991-06-02,fdp,FDP,0.05423452589924284,0.05423452589924284,0.05423452589924284,0.05423452589924284
HH,02,1991-06-02,rep,Rep,0.01214848500743498,0.01214848500743498,0.01214848500743498,0.01214848500743498
HH,02,1991-06-02,graue,Graue,0.00880609632178664,0.00880609632178664,0.00880609632178664,0.00880609632178664
HH,02,1991-06-02,hla,HLA,0.00714466077804465,0.00714466077804465,0.00714466077804465,
HH,02,1991-06-02,al,AL,0.00481474749717299,0.00481474749717299,0.00481474749717299,
HH,02,1991-06-02,linke_pds,Linke,0.00452198352470745,0.00452198352470745,0.00452198352470745,0.00452198352470745
HH,02,1991-06-02,pbc,BündnisC,0.00168949209110326,0.00168949209110326,0.00168949209110326,0.00168949209110326
HH,02,1991-06-02,dkp,DKP,8.331574716415398e-4,8.331574716415398e-4,8.331574716415398e-4,
HH,02,1991-06-02,glueckliche_zukunft,GZ,6.440807394242064e-4,6.440807394242064e-4,6.440807394242064e-4,
HH,02,1991-06-02,nl,NL,5.257553005527139e-4,5.257553005527139e-4,5.257553005527139e-4,
HH,02,1991-06-02,cm,CM,5.196560511263483e-4,5.196560511263483e-4,5.196560511263483e-4,
HH,02,1991-06-02,rentner,RJ,5.184362012410753e-4,5.184362012410753e-4,5.184362012410753e-4,
HH,02,1991-06-02,wgh,WGH,4.940392035356129e-4,4.940392035356129e-4,4.940392035356129e-4,
HH,02,1991-06-02,fsu,Humanwirtschaft,2.4153027728407745e-4,2.4153027728407745e-4,2.4153027728407745e-4,
HH,02,1991-06-02,a_r_g_kardel,,0,0,0,
HH,02,1991-06-02,agfg,,0,0,0,
HH,02,1991-06-02,appd,APPD,0,0,0,
HH,02,1991-06-02,aud,,0,0,0,
HH,02,1991-06-02,bfb_die_offensive,BFB,0,0,0,
HH,02,1991-06-02,big,,0,0,0,
HH,02,1991-06-02,buergerbund,,0,0,0,
HH,02,1991-06-02,buergerpartei,,0,0,0,
HH,02,1991-06-02,bueso,BÜSO,0,0,0,
HH,02,1991-06-02,bunte_liste,,0,0,0,
HH,02,1991-06-02,bwk,,0,0,0,
HH,02,1991-06-02,die_konservatlven,,0,0,0,
HH,02,1991-06-02,die_partei,DiePartei,0,0,0,
HH,02,1991-06-02,dja,,0,0,0,
HH,02,1991-06-02,dm,,0,0,0,
HH,02,1991-06-02,dp,DP,0,0,0,
HH,02,1991-06-02,dvu,,0,0,0,
HH,02,1991-06-02,eap,,0,0,0,
HH,02,1991-06-02,efp,,0,0,0,
HH,02,1991-06-02,ep,,0,0,0,
HH,02,1991-06-02,familie,,0,0,0,
HH,02,1991-06-02,fap,,0,0,0,
HH,02,1991-06-02,frauen,,0,0,0,
HH,02,1991-06-02,frieden,,0,0,0,
HH,02,1991-06-02,fuer_kinder,,0,0,0,
HH,02,1991-06-02,glu,,0,0,0,
HH,02,1991-06-02,johann_dolny,,0,0,0,
HH,02,1991-06-02,kbw,,0,0,0,
HH,02,1991-06-02,kpd,,0,0,0,
HH,02,1991-06-02,kpd_ml,,0,0,0,
HH,02,1991-06-02,kusch,,0,0,0,
HH,02,1991-06-02,mustafa,,0,0,0,
HH,02,1991-06-02,mut,,0,0,0,
HH,02,1991-06-02,naturgesetz,Naturgesetz,0,0,0,
HH,02,1991-06-02,npd,NPD,0,0,0,
HH,02,1991-06-02,odp,ÖDP,0,0,0,
HH,02,1991-06-02,offensive,,0,0,0,
HH,02,1991-06-02,olivia_jones_de,,0,0,0,
HH,02,1991-06-02,patrioten,,0,0,0,
HH,02,1991-06-02,piraten,Piraten,0,0,0,
HH,02,1991-06-02,ploh,,0,0,0,
HH,02,1991-06-02,pop,,0,0,0,
HH,02,1991-06-02,pro_dm,,0,0,0,
HH,02,1991-06-02,pro_dm_schill,,0,0,0,
HH,02,1991-06-02,regenbogen,,0,0,0,
HH,02,1991-06-02,schill,,0,0,0,
HH,02,1991-06-02,senioren,,0,0,0,
HH,02,1991-06-02,slu_das_spektrum,,0,0,0,
HH,02,1991-06-02,soswasserturm_de,,0,0,0,
HH,02,1991-06-02,st_pauli,,0,0,0,
HH,02,1991-06-02,statt_partei,,0,0,0,
HH,02,1991-06-02,tierschutz,Die Tierschutzpartei,0,0,0,
HH,02,1991-06-02,udp,,0,0,0,
HH,02,1991-06-02,vsp,,0,0,0,
HH,02,1991-06-02,w_i_r,,0,0,0,
HH,02,1991-06-02,zentrum,Zentrum,0,0,0,
HH,02,1991-06-02,other,,0,0,0,
HH,02,1993-09-19,spd,SPD,0.4044113991918589,0.4044113991918589,0.4044113991918589,0.4044113991918589
HH,02,1993-09-19,cdu,CDU,0.2511368182345408,0.2511368182345408,0.2511368182345408,0.2511368182345408
HH,02,1993-09-19,gruene,Grüne,0.1352381696338747,0.1352381696338747,0.1352381696338747,0.1352381696338747
HH,02,1993-09-19,statt_partei,STATT,0.05550229494071502,0.05550229494071502,0.05550229494071502,
HH,02,1993-09-19,rep,Rep,0.04835590399833353,0.04835590399833353,0.04835590399833353,0.04835590399833353
HH,02,1993-09-19,fdp,FDP,0.04170424498935971,0.04170424498935971,0.04170424498935971,0.04170424498935971
HH,02,1993-09-19,dvu,DVU,0.02795353780675155,0.02795353780675155,0.02795353780675155,
HH,02,1993-09-19,graue,Graue,0.01577579411576727,0.01577579411576727,0.01577579411576727,0.01577579411576727
HH,02,1993-09-19,linke_pds,Linke,0.0051082847478169,0.0051082847478169,0.0051082847478169,0.0051082847478169
HH,02,1993-09-19,fuer_kinder,FürKinder,0.00469640265971674,0.00469640265971674,0.00469640265971674,
HH,02,1993-09-19,mut,Die Tierschutzpartei,0.00285831966310885,0.00285831966310885,0.00285831966310885,
HH,02,1993-09-19,naturgesetz,Naturgesetz,0.00202271979472175,0.00202271979472175,0.00202271979472175,
HH,02,1993-09-19,pbc,BündnisC,0.00162977481412045,0.00162977481412045,0.00162977481412045,0.00162977481412045
HH,02,1993-09-19,odp,ÖDP,0.00148064509256694,0.00148064509256694,0.00148064509256694,0.00148064509256694
HH,02,1993-09-19,johann_dolny,,5.51543255904235e-4,5.51543255904235e-4,5.51543255904235e-4,
HH,02,1993-09-19,dm,DMitte (HH),5.195868869999124e-4,5.195868869999124e-4,5.195868869999124e-4,
HH,02,1993-09-19,nl,NL,4.5449057997258856e-4,4.5449057997258856e-4,4.5449057997258856e-4,
HH,02,1993-09-19,vsp,VSP,3.254815351366194e-4,3.254815351366194e-4,3.254815351366194e-4,
HH,02,1993-09-19,slu_das_spektrum,SLU,2.745880587334389e-4,2.745880587334389e-4,2.745880587334389e-4,
HH,02,1993-09-19,a_r_g_kardel,,0,0,0,
HH,02,1993-09-19,agfg,,0,0,0,
HH,02,1993-09-19,al,,0,0,0,
HH,02,1993-09-19,appd,APPD,0,0,0,
HH,02,1993-09-19,aud,,0,0,0,
HH,02,1993-09-19,bfb_die_offensive,BFB,0,0,0,
HH,02,1993-09-19,big,,0,0,0,
HH,02,1993-09-19,buergerbund,,0,0,0,
HH,02,1993-09-19,buergerpartei,,0,0,0,
HH,02,1993-09-19,bueso,BÜSO,0,0,0,
HH,02,1993-09-19,bunte_liste,,0,0,0,
HH,02,1993-09-19,bwk,,0,0,0,
HH,02,1993-09-19,cm,,0,0,0,
HH,02,1993-09-19,die_konservatlven,,0,0,0,
HH,02,1993-09-19,die_partei,DiePartei,0,0,0,
HH,02,1993-09-19,dja,,0,0,0,
HH,02,1993-09-19,dkp,,0,0,0,
HH,02,1993-09-19,dp,DP,0,0,0,
HH,02,1993-09-19,eap,,0,0,0,
HH,02,1993-09-19,efp,,0,0,0,
HH,02,1993-09-19,ep,,0,0,0,
HH,02,1993-09-19,familie,,0,0,0,
HH,02,1993-09-19,fap,,0,0,0,
HH,02,1993-09-19,frauen,,0,0,0,
HH,02,1993-09-19,frieden,,0,0,0,
HH,02,1993-09-19,fsu,Humanwirtschaft,0,0,0,
HH,02,1993-09-19,glu,,0,0,0,
HH,02,1993-09-19,glueckliche_zukunft,,0,0,0,
HH,02,1993-09-19,hla,,0,0,0,
HH,02,1993-09-19,kbw,,0,0,0,
HH,02,1993-09-19,kpd,,0,0,0,
HH,02,1993-09-19,kpd_ml,,0,0,0,
HH,02,1993-09-19,kusch,,0,0,0,
HH,02,1993-09-19,mustafa,,0,0,0,
HH,02,1993-09-19,npd,NPD,0,0,0,
HH,02,1993-09-19,offensive,,0,0,0,
HH,02,1993-09-19,olivia_jones_de,,0,0,0,
HH,02,1993-09-19,patrioten,,0,0,0,
HH,02,1993-09-19,piraten,Piraten,0,0,0,
HH,02,1993-09-19,ploh,,0,0,0,
HH,02,1993-09-19,pop,,0,0,0,
HH,02,1993-09-19,pro_dm,,0,0,0,
HH,02,1993-09-19,pro_dm_schill,,0,0,0,
HH,02,1993-09-19,regenbogen,,0,0,0,
HH,02,1993-09-19,rentner,,0,0,0,
HH,02,1993-09-19,schill,,0,0,0,
HH,02,1993-09-19,senioren,,0,0,0,
HH,02,1993-09-19,soswasserturm_de,,0,0,0,
HH,02,1993-09-19,st_pauli,,0,0,0,
HH,02,1993-09-19,tierschutz,,0,0,0,
HH,02,1993-09-19,udp,,0,0,0,
HH,02,1993-09-19,w_i_r,,0,0,0,
HH,02,1993-09-19,wgh,,0,0,0,
HH,02,1993-09-19,zentrum,Zentrum,0,0,0,
HH,02,1993-09-19,other,,0,0,0,
HH,02,1997-09-21,spd,SPD,0.3623851817467078,0.3623851817467078,0.3623851817467078,0.3623851817467078
HH,02,1997-09-21,cdu,CDU,0.30665268412540053,0.30665268412540053,0.30665268412540053,0.30665268412540053
HH,02,1997-09-21,gruene,Grüne,0.13947220362339005,0.13947220362339005,0.13947220362339005,0.13947220362339005
HH,02,1997-09-21,dvu,DVU,0.04976966477140854,0.04976966477140854,0.04976966477140854,
HH,02,1997-09-21,statt_partei,STATT,0.03815751259826158,0.03815751259826158,0.03815751259826158,
HH,02,1997-09-21,fdp,FDP,0.03483159584460908,0.03483159584460908,0.03483159584460908,0.03483159584460908
HH,02,1997-09-21,rep,Rep,0.01847907054175866,0.01847907054175866,0.01847907054175866,0.01847907054175866
HH,02,1997-09-21,bfb_die_offensive,BFB,0.01326235127853975,0.01326235127853975,0.01326235127853975,
HH,02,1997-09-21,graue,Graue,0.00733111281504767,0.00733111281504767,0.00733111281504767,0.00733111281504767
HH,02,1997-09-21,linke_pds,Linke,0.00650601326235127,0.00650601326235127,0.00650601326235127,0.00650601326235127
HH,02,1997-09-21,fuer_kinder,FürKinder,0.00496153383454991,0.00496153383454991,0.00496153383454991,
HH,02,1997-09-21,appd,APPD,0.00456174332963517,0.00456174332963517,0.00456174332963517,
HH,02,1997-09-21,tierschutz,Die Tierschutzpartei,0.00380104771845999,0.00380104771845999,0.00380104771845999,
HH,02,1997-09-21,udp,UDP,0.00205363511643138,0.00205363511643138,0.00205363511643138,
HH,02,1997-09-21,pbc,BündnisC,0.00167936315438353,0.00167936315438353,0.00167936315438353,0.00167936315438353
HH,02,1997-09-21,npd,NPD,0.00134519175969795,0.00134519175969795,0.00134519175969795,0.00134519175969795
HH,02,1997-09-21,big,BIG (HH 1997),0.00112767656097534,0.00112767656097534,0.00112767656097534,
HH,02,1997-09-21,dja,DJA,0.00111309453647997,0.00111309453647997,0.00111309453647997,
HH,02,1997-09-21,naturgesetz,Naturgesetz,8.494029268553499e-4,8.494029268553499e-4,8.494029268553499e-4,
HH,02,1997-09-21,st_pauli,StPauli,5.334590627889823e-4,5.334590627889823e-4,5.334590627889823e-4,
HH,02,1997-09-21,odp,ÖDP,4.532579280644428e-4,4.532579280644428e-4,4.532579280644428e-4,4.532579280644428e-4
HH,02,1997-09-21,dp,DP,3.754871307557985e-4,3.754871307557985e-4,3.754871307557985e-4,
HH,02,1997-09-21,bueso,BÜSO,1.5675676332523627e-4,1.5675676332523627e-4,1.5675676332523627e-4,1.5675676332523627e-4
HH,02,1997-09-21,w_i_r,,1.4095957012191787e-4,1.4095957012191787e-4,1.4095957012191787e-4,
HH,02,1997-09-21,a_r_g_kardel,,0,0,0,
HH,02,1997-09-21,agfg,,0,0,0,
HH,02,1997-09-21,al,,0,0,0,
HH,02,1997-09-21,aud,,0,0,0,
HH,02,1997-09-21,buergerbund,,0,0,0,
HH,02,1997-09-21,buergerpartei,,0,0,0,
HH,02,1997-09-21,bunte_liste,,0,0,0,
HH,02,1997-09-21,bwk,,0,0,0,
HH,02,1997-09-21,cm,,0,0,0,
HH,02,1997-09-21,die_konservatlven,,0,0,0,
HH,02,1997-09-21,die_partei,DiePartei,0,0,0,
HH,02,1997-09-21,dkp,,0,0,0,
HH,02,1997-09-21,dm,,0,0,0,
HH,02,1997-09-21,eap,,0,0,0,
HH,02,1997-09-21,efp,,0,0,0,
HH,02,1997-09-21,ep,,0,0,0,
HH,02,1997-09-21,familie,,0,0,0,
HH,02,1997-09-21,fap,,0,0,0,
HH,02,1997-09-21,frauen,,0,0,0,
HH,02,1997-09-21,frieden,,0,0,0,
HH,02,1997-09-21,fsu,Humanwirtschaft,0,0,0,
HH,02,1997-09-21,glu,,0,0,0,
HH,02,1997-09-21,glueckliche_zukunft,,0,0,0,
HH,02,1997-09-21,hla,,0,0,0,
HH,02,1997-09-21,johann_dolny,,0,0,0,
HH,02,1997-09-21,kbw,,0,0,0,
HH,02,1997-09-21,kpd,,0,0,0,
HH,02,1997-09-21,kpd_ml,,0,0,0,
HH,02,1997-09-21,kusch,,0,0,0,
HH,02,1997-09-21,mustafa,,0,0,0,
HH,02,1997-09-21,mut,,0,0,0,
HH,02,1997-09-21,nl,,0,0,0,
HH,02,1997-09-21,offensive,,0,0,0,
HH,02,1997-09-21,olivia_jones_de,,0,0,0,
HH,02,1997-09-21,patrioten,,0,0,0,
HH,02,1997-09-21,piraten,Piraten,0,0,0,
HH,02,1997-09-21,ploh,,0,0,0,
HH,02,1997-09-21,pop,,0,0,0,
HH,02,1997-09-21,pro_dm,,0,0,0,
HH,02,1997-09-21,pro_dm_schill,,0,0,0,
HH,02,1997-09-21,regenbogen,,0,0,0,
HH,02,1997-09-21,rentner,,0,0,0,
HH,02,1997-09-21,schill,,0,0,0,
HH,02,1997-09-21,senioren,,0,0,0,
HH,02,1997-09-21,slu_das_spektrum,,0,0,0,
HH,02,1997-09-21,soswasserturm_de,,0,0,0,
HH,02,1997-09-21,vsp,,0,0,0,
HH,02,1997-09-21,wgh,,0,0,0,
HH,02,1997-09-21,zentrum,Zentrum,0,0,0,
HH,02,1997-09-21,other,,0,0,0,
HH,02,2001-09-23,spd,SPD,0.3648450394278379,0.3648450394278379,0.3648450394278379,0.3648450394278379
HH,02,2001-09-23,cdu,CDU,0.26216455773580294,0.26216455773580294,0.26216455773580294,0.26216455773580294
HH,02,2001-09-23,schill,PRO (Schill),0.19446011840106833,0.19446011840106833,0.19446011840106833,
HH,02,2001-09-23,gruene,Grüne,0.08554571231079575,0.08554571231079575,0.08554571231079575,0.08554571231079575
HH,02,2001-09-23,fdp,FDP,0.05080007711586658,0.05080007711586658,0.05080007711586658,0.05080007711586658
HH,02,2001-09-23,regenbogen,Regenbogen,0.01674801450154467,0.01674801450154467,0.01674801450154467,
HH,02,2001-09-23,dvu,DVU,0.00710382899086365,0.00710382899086365,0.00710382899086365,
HH,02,2001-09-23,statt_partei,STATT,0.00412146689425251,0.00412146689425251,0.00412146689425251,
HH,02,2001-09-23,linke_pds,Linke,0.00387812871766658,0.00387812871766658,0.00387812871766658,0.00387812871766658
HH,02,2001-09-23,graue,Graue,0.00245806824754193,0.00245806824754193,0.00245806824754193,0.00245806824754193
HH,02,2001-09-23,familie,FamilienPower,0.0023593223208114,0.0023593223208114,0.0023593223208114,
HH,02,2001-09-23,pro_dm,Pro DM/Schill,0.0017915332421109,0.0017915332421109,0.0017915332421109,
HH,02,2001-09-23,senioren,,0.00144944913879445,0.00144944913879445,0.00144944913879445,
HH,02,2001-09-23,pbc,BündnisC,0.00124725509834624,0.00124725509834624,0.00124725509834624,0.00124725509834624
HH,02,2001-09-23,rep,Rep,6.653594586842341e-4,6.653594586842341e-4,6.653594586842341e-4,6.653594586842341e-4
HH,02,2001-09-23,ploh,PLOH,2.1982724165009145e-4,2.1982724165009145e-4,2.1982724165009145e-4,
HH,02,2001-09-23,fsu,Humanwirtschaft,1.422411563618239e-4,1.422411563618239e-4,1.422411563618239e-4,
HH,02,2001-09-23,a_r_g_kardel,,0,0,0,
HH,02,2001-09-23,agfg,,0,0,0,
HH,02,2001-09-23,al,,0,0,0,
HH,02,2001-09-23,appd,APPD,0,0,0,
HH,02,2001-09-23,aud,,0,0,0,
HH,02,2001-09-23,bfb_die_offensive,BFB,0,0,0,
HH,02,2001-09-23,big,,0,0,0,
HH,02,2001-09-23,buergerbund,,0,0,0,
HH,02,2001-09-23,buergerpartei,,0,0,0,
HH,02,2001-09-23,bueso,BÜSO,0,0,0,
HH,02,2001-09-23,bunte_liste,,0,0,0,
HH,02,2001-09-23,bwk,,0,0,0,
HH,02,2001-09-23,cm,,0,0,0,
HH,02,2001-09-23,die_konservatlven,,0,0,0,
HH,02,2001-09-23,die_partei,DiePartei,0,0,0,
HH,02,2001-09-23,dja,,0,0,0,
HH,02,2001-09-23,dkp,,0,0,0,
HH,02,2001-09-23,dm,,0,0,0,
HH,02,2001-09-23,dp,DP,0,0,0,
HH,02,2001-09-23,eap,,0,0,0,
HH,02,2001-09-23,efp,,0,0,0,
HH,02,2001-09-23,ep,,0,0,0,
HH,02,2001-09-23,fap,,0,0,0,
HH,02,2001-09-23,frauen,,0,0,0,
HH,02,2001-09-23,frieden,,0,0,0,
HH,02,2001-09-23,fuer_kinder,,0,0,0,
HH,02,2001-09-23,glu,,0,0,0,
HH,02,2001-09-23,glueckliche_zukunft,,0,0,0,
HH,02,2001-09-23,hla,,0,0,0,
HH,02,2001-09-23,johann_dolny,,0,0,0,
HH,02,2001-09-23,kbw,,0,0,0,
HH,02,2001-09-23,kpd,,0,0,0,
HH,02,2001-09-23,kpd_ml,,0,0,0,
HH,02,2001-09-23,kusch,,0,0,0,
HH,02,2001-09-23,mustafa,,0,0,0,
HH,02,2001-09-23,mut,,0,0,0,
HH,02,2001-09-23,naturgesetz,Naturgesetz,0,0,0,
HH,02,2001-09-23,nl,,0,0,0,
HH,02,2001-09-23,npd,NPD,0,0,0,
HH,02,2001-09-23,odp,ÖDP,0,0,0,
HH,02,2001-09-23,offensive,,0,0,0,
HH,02,2001-09-23,olivia_jones_de,,0,0,0,
HH,02,2001-09-23,patrioten,,0,0,0,
HH,02,2001-09-23,piraten,Piraten,0,0,0,
HH,02,2001-09-23,pop,,0,0,0,
HH,02,2001-09-23,pro_dm_schill,,0,0,0,
HH,02,2001-09-23,rentner,,0,0,0,
HH,02,2001-09-23,slu_das_spektrum,,0,0,0,
HH,02,2001-09-23,soswasserturm_de,,0,0,0,
HH,02,2001-09-23,st_pauli,,0,0,0,
HH,02,2001-09-23,tierschutz,Die Tierschutzpartei,0,0,0,
HH,02,2001-09-23,udp,,0,0,0,
HH,02,2001-09-23,vsp,,0,0,0,
HH,02,2001-09-23,w_i_r,,0,0,0,
HH,02,2001-09-23,wgh,,0,0,0,
HH,02,2001-09-23,zentrum,Zentrum,0,0,0,
HH,02,2001-09-23,other,,0,0,0,
HH,02,2004-02-29,cdu,CDU,0.4722203347052885,0.4722203347052885,0.4722203347052885,0.4722203347052885
HH,02,2004-02-29,spd,SPD,0.30509945057078514,0.30509945057078514,0.30509945057078514,0.30509945057078514
HH,02,2004-02-29,gruene,Grüne,0.12282922070358004,0.12282922070358004,0.12282922070358004,0.12282922070358004
HH,02,2004-02-29,pro_dm_schill,Pro DM/Schill,0.03126092063368797,0.03126092063368797,0.03126092063368797,
HH,02,2004-02-29,fdp,FDP,0.02836088568766017,0.02836088568766017,0.02836088568766017,0.02836088568766017
HH,02,2004-02-29,regenbogen,Regenbogen,0.01116331443659237,0.01116331443659237,0.01116331443659237,
HH,02,2004-02-29,graue,Graue,0.01077259843131164,0.01077259843131164,0.01077259843131164,0.01077259843131164
HH,02,2004-02-29,olivia_jones_de,,0.00538629921565582,0.00538629921565582,0.00538629921565582,
HH,02,2004-02-29,offensive,PRO (Schill),0.00369602780150656,0.00369602780150656,0.00369602780150656,
HH,02,2004-02-29,npd,NPD,0.00295342471072454,0.00295342471072454,0.00295342471072454,0.00295342471072454
HH,02,2004-02-29,pbc,BündnisC,0.00190625728042245,0.00190625728042245,0.00190625728042245,0.00190625728042245
HH,02,2004-02-29,frauen,DieFrauen,0.00189655005047759,0.00189655005047759,0.00189655005047759,
HH,02,2004-02-29,odp,ÖDP,7.984196629649763e-4,7.984196629649763e-4,7.984196629649763e-4,7.984196629649763e-4
HH,02,2004-02-29,buergerbund,DBB,5.618059330589422e-4,5.618059330589422e-4,5.618059330589422e-4,
HH,02,2004-02-29,soswasserturm_de,SOSwasserturm.de,5.533121068571872e-4,5.533121068571872e-4,5.533121068571872e-4,
HH,02,2004-02-29,mustafa,,5.411780694261085e-4,5.411780694261085e-4,5.411780694261085e-4,
HH,02,2004-02-29,a_r_g_kardel,,0,0,0,
HH,02,2004-02-29,agfg,,0,0,0,
HH,02,2004-02-29,al,,0,0,0,
HH,02,2004-02-29,appd,APPD,0,0,0,
HH,02,2004-02-29,aud,,0,0,0,
HH,02,2004-02-29,bfb_die_offensive,BFB,0,0,0,
HH,02,2004-02-29,big,,0,0,0,
HH,02,2004-02-29,buergerpartei,,0,0,0,
HH,02,2004-02-29,bueso,BÜSO,0,0,0,
HH,02,2004-02-29,bunte_liste,,0,0,0,
HH,02,2004-02-29,bwk,,0,0,0,
HH,02,2004-02-29,cm,,0,0,0,
HH,02,2004-02-29,die_konservatlven,,0,0,0,
HH,02,2004-02-29,die_partei,DiePartei,0,0,0,
HH,02,2004-02-29,dja,,0,0,0,
HH,02,2004-02-29,dkp,,0,0,0,
HH,02,2004-02-29,dm,,0,0,0,
HH,02,2004-02-29,dp,DP,0,0,0,
HH,02,2004-02-29,dvu,,0,0,0,
HH,02,2004-02-29,eap,,0,0,0,
HH,02,2004-02-29,efp,,0,0,0,
HH,02,2004-02-29,ep,,0,0,0,
HH,02,2004-02-29,familie,,0,0,0,
HH,02,2004-02-29,fap,,0,0,0,
HH,02,2004-02-29,frieden,,0,0,0,
HH,02,2004-02-29,fsu,Humanwirtschaft,0,0,0,
HH,02,2004-02-29,fuer_kinder,,0,0,0,
HH,02,2004-02-29,glu,,0,0,0,
HH,02,2004-02-29,glueckliche_zukunft,,0,0,0,
HH,02,2004-02-29,hla,,0,0,0,
HH,02,2004-02-29,johann_dolny,,0,0,0,
HH,02,2004-02-29,kbw,,0,0,0,
HH,02,2004-02-29,kpd,,0,0,0,
HH,02,2004-02-29,kpd_ml,,0,0,0,
HH,02,2004-02-29,kusch,,0,0,0,
HH,02,2004-02-29,linke_pds,Linke,0,0,0,
HH,02,2004-02-29,mut,,0,0,0,
HH,02,2004-02-29,naturgesetz,Naturgesetz,0,0,0,
HH,02,2004-02-29,nl,,0,0,0,
HH,02,2004-02-29,patrioten,,0,0,0,
HH,02,2004-02-29,piraten,Piraten,0,0,0,
HH,02,2004-02-29,ploh,,0,0,0,
HH,02,2004-02-29,pop,,0,0,0,
HH,02,2004-02-29,pro_dm,,0,0,0,
HH,02,2004-02-29,rentner,,0,0,0,
HH,02,2004-02-29,rep,Rep,0,0,0,
HH,02,2004-02-29,schill,,0,0,0,
HH,02,2004-02-29,senioren,,0,0,0,
HH,02,2004-02-29,slu_das_spektrum,,0,0,0,
HH,02,2004-02-29,st_pauli,,0,0,0,
HH,02,2004-02-29,statt_partei,,0,0,0,
HH,02,2004-02-29,tierschutz,Die Tierschutzpartei,0,0,0,
HH,02,2004-02-29,udp,,0,0,0,
HH,02,2004-02-29,vsp,,0,0,0,
HH,02,2004-02-29,w_i_r,,0,0,0,
HH,02,2004-02-29,wgh,,0,0,0,
HH,02,2004-02-29,zentrum,Zentrum,0,0,0,
HH,02,2004-02-29,other,,0,0,0,
HH,02,2008-02-24,cdu,CDU,0.42579266935980686,0.42579266935980686,0.42579266935980686,0.42579266935980686
HH,02,2008-02-24,spd,SPD,0.34148606293511125,0.34148606293511125,0.34148606293511125,0.34148606293511125
HH,02,2008-02-24,gruene,Grüne,0.09578010394440864,0.09578010394440864,0.09578010394440864,0.09578010394440864
HH,02,2008-02-24,linke_pds,Linke,0.06447588584892436,0.06447588584892436,0.06447588584892436,0.06447588584892436
HH,02,2008-02-24,fdp,FDP,0.04752607934603251,0.04752607934603251,0.04752607934603251,0.04752607934603251
HH,02,2008-02-24,dvu,DVU,0.00817202143708739,0.00817202143708739,0.00817202143708739,
HH,02,2008-02-24,kusch,Kusch,0.00452586456359939,0.00452586456359939,0.00452586456359939,
HH,02,2008-02-24,graue,Graue,0.00308540752715968,0.00308540752715968,0.00308540752715968,0.00308540752715968
HH,02,2008-02-24,die_partei,DiePartei,0.00251822756906155,0.00251822756906155,0.00251822756906155,0.00251822756906155
HH,02,2008-02-24,piraten,Piraten,0.00228029493357821,0.00228029493357821,0.00228029493357821,0.00228029493357821
HH,02,2008-02-24,agfg,AGFG,0.00127197500807041,0.00127197500807041,0.00127197500807041,
HH,02,2008-02-24,odp,ÖDP,0.0012616860292387,0.0012616860292387,0.0012616860292387,0.0012616860292387
HH,02,2008-02-24,pop,POP,9.92886457260225e-4,9.92886457260225e-4,9.92886457260225e-4,
HH,02,2008-02-24,zentrum,Zentrum,8.308350406607582e-4,8.308350406607582e-4,8.308350406607582e-4,
HH,02,2008-02-24,a_r_g_kardel,,0,0,0,
HH,02,2008-02-24,al,,0,0,0,
HH,02,2008-02-24,appd,APPD,0,0,0,
HH,02,2008-02-24,aud,,0,0,0,
HH,02,2008-02-24,bfb_die_offensive,BFB,0,0,0,
HH,02,2008-02-24,big,,0,0,0,
HH,02,2008-02-24,buergerbund,,0,0,0,
HH,02,2008-02-24,buergerpartei,,0,0,0,
HH,02,2008-02-24,bueso,BÜSO,0,0,0,
HH,02,2008-02-24,bunte_liste,,0,0,0,
HH,02,2008-02-24,bwk,,0,0,0,
HH,02,2008-02-24,cm,,0,0,0,
HH,02,2008-02-24,die_konservatlven,,0,0,0,
HH,02,2008-02-24,dja,,0,0,0,
HH,02,2008-02-24,dkp,,0,0,0,
HH,02,2008-02-24,dm,,0,0,0,
HH,02,2008-02-24,dp,DP,0,0,0,
HH,02,2008-02-24,eap,,0,0,0,
HH,02,2008-02-24,efp,,0,0,0,
HH,02,2008-02-24,ep,,0,0,0,
HH,02,2008-02-24,familie,,0,0,0,
HH,02,2008-02-24,fap,,0,0,0,
HH,02,2008-02-24,frauen,,0,0,0,
HH,02,2008-02-24,frieden,,0,0,0,
HH,02,2008-02-24,fsu,Humanwirtschaft,0,0,0,
HH,02,2008-02-24,fuer_kinder,,0,0,0,
HH,02,2008-02-24,glu,,0,0,0,
HH,02,2008-02-24,glueckliche_zukunft,,0,0,0,
HH,02,2008-02-24,hla,,0,0,0,
HH,02,2008-02-24,johann_dolny,,0,0,0,
HH,02,2008-02-24,kbw,,0,0,0,
HH,02,2008-02-24,kpd,,0,0,0,
HH,02,2008-02-24,kpd_ml,,0,0,0,
HH,02,2008-02-24,mustafa,,0,0,0,
HH,02,2008-02-24,mut,,0,0,0,
HH,02,2008-02-24,naturgesetz,Naturgesetz,0,0,0,
HH,02,2008-02-24,nl,,0,0,0,
HH,02,2008-02-24,npd,NPD,0,0,0,
HH,02,2008-02-24,offensive,,0,0,0,
HH,02,2008-02-24,olivia_jones_de,,0,0,0,
HH,02,2008-02-24,patrioten,,0,0,0,
HH,02,2008-02-24,pbc,BündnisC,0,0,0,
HH,02,2008-02-24,ploh,,0,0,0,
HH,02,2008-02-24,pro_dm,,0,0,0,
HH,02,2008-02-24,pro_dm_schill,,0,0,0,
HH,02,2008-02-24,regenbogen,,0,0,0,
HH,02,2008-02-24,rentner,,0,0,0,
HH,02,2008-02-24,rep,Rep,0,0,0,
HH,02,2008-02-24,schill,,0,0,0,
HH,02,2008-02-24,senioren,,0,0,0,
HH,02,2008-02-24,slu_das_spektrum,,0,0,0,
HH,02,2008-02-24,soswasserturm_de,,0,0,0,
HH,02,2008-02-24,st_pauli,,0,0,0,
HH,02,2008-02-24,statt_partei,,0,0,0,
HH,02,2008-02-24,tierschutz,Die Tierschutzpartei,0,0,0,
HH,02,2008-02-24,udp,,0,0,0,
HH,02,2008-02-24,vsp,,0,0,0,
HH,02,2008-02-24,w_i_r,,0,0,0,
HH,02,2008-02-24,wgh,,0,0,0,
HH,02,2008-02-24,other,,0,0,0,
HH,02,2011-02-20,spd,SPD,0.4841790140051013,0.4841790140051013,0.4841790140051013,0.4841790140051013
HH,02,2011-02-20,cdu,CDU,0.21883660289345477,0.21883660289345477,0.21883660289345477,0.21883660289345477
HH,02,2011-02-20,gruene,Grüne,0.111624506982229,0.111624506982229,0.111624506982229,0.111624506982229
HH,02,2011-02-20,fdp,FDP,0.06651711866857186,0.06651711866857186,0.06651711866857186,0.06651711866857186
HH,02,2011-02-20,linke_pds,Linke,0.06399229867485416,0.06399229867485416,0.06399229867485416,0.06399229867485416
HH,02,2011-02-20,piraten,Piraten,0.02122915796948384,0.02122915796948384,0.02122915796948384,0.02122915796948384
HH,02,2011-02-20,npd,NPD,0.00889739946734049,0.00889739946734049,0.00889739946734049,0.00889739946734049
HH,02,2011-02-20,die_partei,DiePartei,0.00696568137625188,0.00696568137625188,0.00696568137625188,0.00696568137625188
HH,02,2011-02-20,freie_wahler,FW-HH,0.0067163056864044,0.0067163056864044,0.0067163056864044,
HH,02,2011-02-20,rentner,Rentner,0.00460053149826888,0.00460053149826888,0.00460053149826888,
HH,02,2011-02-20,odp,ÖDP,0.00303779652917811,0.00303779652917811,0.00303779652917811,0.00303779652917811
HH,02,2011-02-20,bue_mi,Bümi,0.00243279194519424,0.00243279194519424,0.00243279194519424,
HH,02,2011-02-20,big_hamburg,BIG,9.70794303667013e-4,9.70794303667013e-4,9.70794303667013e-4,
HH,02,2011-02-20,other,,0,0,0,
HH,02,2015-02-15,spd,SPD,0.4564390156984355,0.4564390156984355,0.4564390156984355,0.4564390156984355
HH,02,2015-02-15,cdu,CDU,0.15902594178007007,0.15902594178007007,0.15902594178007007,0.15902594178007007
HH,02,2015-02-15,gruene,Grüne,0.12257821810562146,0.12257821810562146,0.12257821810562146,0.12257821810562146
HH,02,2015-02-15,linke_pds,Linke,0.08514411926924388,0.08514411926924388,0.08514411926924388,0.08514411926924388
HH,02,2015-02-15,fdp,FDP,0.07426339842786189,0.07426339842786189,0.07426339842786189,0.07426339842786189
HH,02,2015-02-15,afd,AfD,0.06085753450967494,0.06085753450967494,0.06085753450967494,0.06085753450967494
HH,02,2015-02-15,piraten,Piraten,0.01552421930615504,0.01552421930615504,0.01552421930615504,0.01552421930615504
HH,02,2015-02-15,die_partei,DiePartei,0.008982755997923,0.008982755997923,0.008982755997923,0.008982755997923
HH,02,2015-02-15,liberale,Sozialliberale,0.00523045117457112,0.00523045117457112,0.00523045117457112,
HH,02,2015-02-15,odp,ÖDP,0.00385853419891861,0.00385853419891861,0.00385853419891861,0.00385853419891861
HH,02,2015-02-15,npd,NPD,0.00319906223540033,0.00319906223540033,0.00319906223540033,0.00319906223540033
HH,02,2015-02-15,rentner,Rentner,0.00281493681335102,0.00281493681335102,0.00281493681335102,
HH,02,2015-02-15,hhbl,HHBL,0.00208181248277313,0.00208181248277313,0.00208181248277313,
HH,02,2015-02-15,other,,0,0,0,
HH,02,2020-02-23,spd,SPD,0.34936421906503845,0.34936421906503845,0.34936421906503845,0.39233812921305167
HH,02,2020-02-23,gruene,Grüne,0.2571220235850243,0.2571220235850243,0.2571220235850243,0.24163888325452887
HH,02,2020-02-23,cdu,CDU,0.150682708008298,0.150682708008298,0.150682708008298,0.1116875936643974
HH,02,2020-02-23,linke_pds,Linke,0.1111810660586312,0.1111810660586312,0.1111810660586312,0.09075550859890862
HH,02,2020-02-23,fdp,FDP,0.05477671550816544,0.05477671550816544,0.05477671550816544,0.04973911819093063
HH,02,2020-02-23,afd,AfD,0.05407218703314097,0.05407218703314097,0.05407218703314097,0.0530000177236179
HH,02,2020-02-23,odp,ÖDP,0.00644855162139884,0.00644855162139884,0.00644855162139884,0.00679823827238049
HH,02,2020-02-23,volt_hamburg,Volt,0.00635419957474362,0.00635419957474362,0.00635419957474362,
HH,02,2020-02-23,piraten,Piraten,0.00437529609489575,0.00437529609489575,0.00437529609489575,0.00506083139522289
HH,02,2020-02-23,freie_wahler,FW-HH,0.00407207500564494,0.00407207500564494,0.00407207500564494,
HH,02,2020-02-23,dib,,6.990515752186217e-4,6.990515752186217e-4,6.990515752186217e-4,
HH,02,2020-02-23,menschliche_welt,,4.237128849793782e-4,4.237128849793782e-4,4.237128849793782e-4,
HH,02,2020-02-23,sedat_ayhan,,2.6562964058342927e-4,2.6562964058342927e-4,2.6562964058342927e-4,
HH,02,2020-02-23,sldp,,1.62564344237094e-4,1.62564344237094e-4,1.62564344237094e-4,
HH,02,2020-02-23,other,,0,0,0,
HH,02,2025-03-02,spd,SPD,0.3351499778324075,0.3351499778324075,0.3351499778324075,0.3351499778324075
HH,02,2025-03-02,cdu,CDU,0.1980471929513919,0.1980471929513919,0.1980471929513919,0.1980471929513919
HH,02,2025-03-02,gruene,Grüne,0.1845377725252708,0.1845377725252708,0.1845377725252708,0.1845377725252708
HH,02,2025-03-02,linke_pds,Linke,0.11174456893984004,0.11174456893984004,0.11174456893984004,0.11174456893984004
HH,02,2025-03-02,afd,AfD,0.07541350910015131,0.07541350910015131,0.07541350910015131,0.07541350910015131
HH,02,2025-03-02,volt,Volt,0.03240746459933849,0.03240746459933849,0.03240746459933849,0.03240746459933849
HH,02,2025-03-02,fdp,FDP,0.02302707283003519,0.02302707283003519,0.02302707283003519,0.02302707283003519
HH,02,2025-03-02,bsw,BSW,0.01764027922473363,0.01764027922473363,0.01764027922473363,
HH,02,2025-03-02,dava_hamburg,DAVA,0.00577638503987192,0.00577638503987192,0.00577638503987192,
HH,02,2025-03-02,tierschutz,Die Tierschutzpartei,0.00566497515811281,0.00566497515811281,0.00566497515811281,
HH,02,2025-03-02,die_partei,DiePartei,0.00357609706706051,0.00357609706706051,0.00357609706706051,0.00357609706706051
HH,02,2025-03-02,freie_wahler,FW-HH,0.0027939402175032,0.0027939402175032,0.0027939402175032,
HH,02,2025-03-02,diewahl_wfg,WFG,0.00166062491106654,0.00166062491106654,0.00166062491106654,
HH,02,2025-03-02,odp,ÖDP,0.00150300394898845,0.00150300394898845,0.00150300394898845,0.00150300394898845
HH,02,2025-03-02,bundnis_deutschland,BD,6.728058773173599e-4,6.728058773173599e-4,6.728058773173599e-4,
HH,02,2025-03-02,npd,NPD (2023),3.843297769102906e-4,3.843297769102906e-4,3.843297769102906e-4,
HH,02,2025-03-02,other,,0,0,0,
MV,13,1990-10-14,cdu,CDU,0.4406086452067396,0.3853685656277526,0.3853685656277526,0.38331181173193274
MV,13,1990-10-14,spd,SPD,0.2711288193514249,0.27118928346483473,0.27118928346483473,0.2702536498366628
MV,13,1990-10-14,linke_pds,Linke,0.11025152828339584,0.1549421819892117,0.1549421819892117,0.1566932552380081
MV,13,1990-10-14,fdp,FDP,0.04849307317627786,0.05436030725238069,0.05436030725238069,0.05480363259333994
MV,13,1990-10-14,gruene,Grüne,0.03802112516412429,0.04127780208283241,0.04127780208283241,0.04166968936349259
MV,13,1990-10-14,forum,Forum,0.02003621810549002,0.02872192815060949,0.02872192815060949,
MV,13,1990-10-14,b90,Bü90,0.0177834037804819,0.02197307260590976,0.02197307260590976,
MV,13,1990-10-14,csu,CSU-MV,0.01687053569427632,0.01133371413424287,0.01133371413424287,
MV,13,1990-10-14,rep,Rep,0.00876137752281513,0.00872167011303218,0.00872167011303218,0.00852679523079824
MV,13,1990-10-14,dsu,DSU,0.0099126825978005,0.00762266461331309,0.00762266461331309,
MV,13,1990-10-14,dbu,DBU,0.00685723681081348,0.0055841677525748,0.0055841677525748,
MV,13,1990-10-14,lvp,LVP,0.00694670726373619,0.00495080279008995,0.00495080279008995,
MV,13,1990-10-14,npd,NPD,0.0021316166711102,0.00168662743713559,0.00168662743713559,0.00167299293860819
MV,13,1990-10-14,graue,Graue,0.00121521885372464,0.00133006642121819,0.00133006642121819,0.0013671890258806
MV,13,1990-10-14,fabu,FaBU,9.818115177890497e-4,9.371455648618502e-4,9.371455648618502e-4,
MV,13,1990-10-14,other,,0,0,0,
MV,13,1994-10-16,cdu,CDU,0.4405990692117883,0.3754619602932016,0.3568767531780907,0.3765399589105676
MV,13,1994-10-16,spd,SPD,0.29021635241566557,0.2975503059293377,0.2828216925205575,0.2949593349606848
MV,13,1994-10-16,linke_pds,Linke,0.1775722853803303,0.2263877098927015,0.21518161467766067,0.22683452862199052
MV,13,1994-10-16,fdp,FDP,0.03756057530233231,0.03798322257045197,0.03610306923129628,0.03834672813378506
MV,13,1994-10-16,gruene,Grüne,0.02789535702236859,0.03607459360942824,0.03428891659090653,0.03685061465414008
MV,13,1994-10-16,rep,Rep,0.01138444552729261,0.0103844908296511,0.00987046295661884,0.01019975109089477
MV,13,1994-10-16,pass,PASS,0.00443076259903326,0.00483935347614698,0.00459980754028922,
MV,13,1994-10-16,graue,Graue,0.00276318983769387,0.00397756554053254,0.00378067774042891,0.00402713252415717
MV,13,1994-10-16,natur,Naturgesetz,0.00250692478299703,0.00231746718266353,0.00220275354419363,
MV,13,1994-10-16,bumv,BUMV,0.00158300779412181,0.00164288411695785,0.00156156205291721,
MV,13,1994-10-16,npd,NPD,9.196175984804916e-4,0.00149763895927003,0.00142350646867109,0.0014613439250941
MV,13,1994-10-16,norddt,NorddeutscheBauern,0.00182164266703218,0.00112430510950946,0.0010686524854607,
MV,13,1994-10-16,pbc,BündnisC,7.467698608636801e-4,7.585024901475368e-4,7.209569399519567e-4,8.099260942439002e-4
MV,13,1994-10-16,other,,0,0,0,
MV,13,1998-09-27,spd,SPD,0.3389907288978077,0.3454469194096026,0.32728231596397234,0.34287408112217194
MV,13,1998-09-27,cdu,CDU,0.33725748549356754,0.3001015007118674,0.2843212912279149,0.3023646265804053
MV,13,1998-09-27,linke_pds,Linke,0.21276257466551748,0.2437506021434848,0.23093348675239325,0.24368091417107143
MV,13,1998-09-27,dvu,DVU,0.03487400887102093,0.02933594400041262,0.02779337476754338,
MV,13,1998-09-27,gruene,Grüne,0.02171193688944385,0.02619263336444205,0.02481534854431681,0.02695897423131427
MV,13,1998-09-27,fdp,FDP,0.01505234635051477,0.0152932280632438,0.01448906566501722,0.01573098557916156
MV,13,1998-09-27,pro_dm,Pro DM/Schill,0.01546607778310578,0.01447674582684153,0.01371551643861255,
MV,13,1998-09-27,npd,NPD,0.01071505402198465,0.01088967368932218,0.01031706298387163,0.01063146141796459
MV,13,1998-09-27,rep,Rep,0.00598853760240691,0.00543899787753545,0.00515299955467905,0.00535583725409386
MV,13,1998-09-27,ab_2000,AB 2000,0.00256856964119571,0.00391016165180487,0.00370455398294872,
MV,13,1998-09-27,graue,Graue,0.00175553748737788,0.00234921110688326,0.00222568275630617,0.00244235029886291
MV,13,1998-09-27,bfb,BFB,0.00180347152145679,0.00177115336144471,0.00167802096788618,
MV,13,1998-09-27,pbc,BündnisC,0.00105367077459998,0.00104322879311469,9.883727898758173e-4,0.00108425970232645
MV,13,1998-09-27,other,,0,0,0,
MV,13,2002-09-22,spd,SPD,0.3917722957848711,0.40798464655536487,0.3933750570858045,0.406294231833828
MV,13,2002-09-22,cdu,CDU,0.34609972530648575,0.31266819559604186,0.30147180863292,0.31352090809468974
MV,13,2002-09-22,linke_pds,Linke,0.14766820316345478,0.16401456225041297,0.15814133775106157,0.16397929550705082
MV,13,2002-09-22,fdp,FDP,0.04699212914462027,0.0467724087052748,0.04509752781096687,0.04708715494659449
MV,13,2002-09-22,gruene,Grüne,0.02158412455364839,0.02553418974761973,0.02461983173733623,0.0261867919685041
MV,13,2002-09-22,schill,PRO (Schill),0.01639241804657225,0.016998914780898,0.01639019783903813,
MV,13,2002-09-22,npd,NPD,0.00968965136057904,0.00809797978178008,0.00780799788872726,0.00795644675273264
MV,13,2002-09-22,spasspartei,Spasspartei,0.00739640922292933,0.00677219486899855,0.00652968822645874,
MV,13,2002-09-22,bmv,FW-MV,0.00338852243638322,0.00290282745016278,0.00279887962343471,
MV,13,2002-09-22,rep,Rep,0.00336026731141646,0.00255427431986699,0.00246280788964476,0.00251744531875785
MV,13,2002-09-22,graue,Graue,0.00185732094018352,0.00218219919918314,0.00210405646829843,0.00219477521852394
MV,13,2002-09-22,v_p_m_v,VPMV,0.00199516947387777,0.0016444009644016,0.00158551633916854,
MV,13,2002-09-22,pbc,BündnisC,0.00147489923247703,0.00132471573140025,0.00127727876737959,0.00135253409427121
MV,13,2002-09-22,slp,SLP,3.2886402250109127e-4,5.484900485942937e-4,5.288490780191561e-4,
MV,13,2002-09-22,other,,0,0,0,
MV,13,2006-09-17,spd,SPD,0.2886123646051462,0.3035967918459203,0.2892449340574847,0.30231486405048036
MV,13,2006-09-17,cdu,CDU,0.31278270943094627,0.28556600105980456,0.2720665084877534,0.28769248258992913
MV,13,2006-09-17,linke_pds,Linke,0.1461090235345862,0.16705008667045596,0.15915316828451667,0.16777844194992794
MV,13,2006-09-17,fdp,FDP,0.09833054812605813,0.09623179182667448,0.0916826495823661,0.09588527016933944
MV,13,2006-09-17,npd,NPD,0.09017299207794167,0.07470595556262662,0.07117439897513755,0.0731546913983187
MV,13,2006-09-17,gruene,Grüne,0.02736907071260144,0.03352754529509654,0.03194260574700419,0.03378965627257625
MV,13,2006-09-17,familie,Familie,0.01208060839369014,0.0116693974382497,0.01111775283261272,
MV,13,2006-09-17,graue,Graue,0.00523542209617523,0.00685921920889312,0.00653496499649781,0.00684790009546965
MV,13,2006-09-17,wasg,WASG,0.00469327525428196,0.00523743599152669,0.00498984794532437,
MV,13,2006-09-17,buendnis_fuer_m_v,FW-MV,0.00282847040291434,0.00431235236832955,0.00410849557673572,
MV,13,2006-09-17,deutschland,AbJetzt,0.00393462052149854,0.00375550591553126,0.00357797279176002,
MV,13,2006-09-17,pbc,BündnisC,0.00266728131571318,0.0023402947693642,0.00222966258017433,0.00239224214331205
MV,13,2006-09-17,agfg,AGFG,0.00218048909349698,0.00225689610707875,0.00215020640270102,
MV,13,2006-09-17,ab,ABSG,0.00118767217941362,0.00116886432833925,0.00111360888735681,
MV,13,2006-09-17,apd,APD,0.00103872360706124,9.49461693711356e-4,9.045780204654664e-4,
MV,13,2006-09-17,offensive_d,PRO (Schill),7.76728648474799e-4,7.723999183976166e-4,7.358864436759606e-4,
MV,13,2006-09-17,other,,0,0,0,
MV,13,2011-09-04,spd,SPD,0.345253776922686,0.35692624853449156,0.3328666299761512,0.3555325628325078
MV,13,2011-09-04,cdu,CDU,0.2542217055468721,0.22770342043764605,0.21235443037974683,0.23037094111172263
MV,13,2011-09-04,linke_pds,Linke,0.1694032572028128,0.18427716010040207,0.17185543936892314,0.1842274811961108
MV,13,2011-09-04,gruene,Grüne,0.07190515592958192,0.08600901730283503,0.08021133736929004,0.08659548706659329
MV,13,2011-09-04,npd,NPD,0.07501407872158528,0.06155056692554037,0.05740157769216657,0.05964703724087323
MV,13,2011-09-04,fdp,FDP,0.03062716462483919,0.02753031340241877,0.02567455512749954,0.02780113740598055
MV,13,2011-09-04,piraten,Piraten,0.01372658671872691,0.01913462219389561,0.01784479911942763,0.01867840763162722
MV,13,2011-09-04,familie,Familie,0.01612410190205429,0.01575274020568263,0.01469088240689781,
MV,13,2011-09-04,freie_wahler,FW-MV,0.01362453799404634,0.01110717686031049,0.01035846633645202,
MV,13,2011-09-04,die_partei,DiePartei,0.00202855229168519,0.00239674558773772,0.00223518620436617,0.00244945881489634
MV,13,2011-09-04,ab,ABSG,0.00204068735780707,0.00212606913265506,0.00198275545771418,
MV,13,2011-09-04,auf,AUF,0.00185473541544233,0.00158786362313024,0.00148082920565033,
MV,13,2011-09-04,apd,APD,0.00126003331296735,0.0012621076568389,0.0011770317372959,
MV,13,2011-09-04,pbc,BündnisC,0.00109036316829261,9.39499091188065e-4,8.761695101816181e-4,9.554210236653824e-4
MV,13,2011-09-04,odp,ÖDP,8.367199376848222e-4,8.513718732541762e-4,7.939827554577142e-4,8.776371308016877e-4
MV,13,2011-09-04,rep,Rep,9.885429529157342e-4,8.450770719731841e-4,7.881122729774354e-4,8.497523390203633e-4
MV,13,2011-09-04,other,,0,0,0,
MV,13,2016-09-04,spd,SPD,0.2870692608360421,0.3055367822947965,0.30553716118183644,0.3055421561247937
MV,13,2016-09-04,afd,AfD,0.2241538675789418,0.20814551460986824,0.2081457727249053,0.20814489737965003
MV,13,2016-09-04,cdu,CDU,0.2026683017177355,0.1898731037801011,0.1898733392360672,0.18987027835405665
MV,13,2016-09-04,linke_pds,Linke,0.1194919422877072,0.13176596929342133,0.1317661326924651,0.1317627684863576
MV,13,2016-09-04,gruene,Grüne,0.03941287970399286,0.04814814355530147,0.04814820326237652,0.04815858753327985
MV,13,2016-09-04,fdp,FDP,0.03015323013913208,0.03040276188078724,0.03040279958234438,0.03040726966998545
MV,13,2016-09-04,npd,NPD,0.03689165097531935,0.03014482761186349,0.03014486499356403,0.03016049969060748
MV,13,2016-09-04,other,,0.02107486993075966,0.01675208672543765,0.01675210749920015,
MV,13,2016-09-04,tierschutz,Die Tierschutzpartei,0.01270946431015802,0.01196294178993982,0.0119629566248267,
MV,13,2016-09-04,freier_horizont,FH,0.01794203007916288,0.00804680514926085,0.00804681512786363,
MV,13,2016-09-04,die_partei,DiePartei,0.00520764599329313,0.00616066080775588,0.00616066844740738,0.00626349329566887
MV,13,2016-09-04,freie_wahler,FW-MV,0.00864884763284147,0.00578988029617798,0.00578988747603564,
MV,13,2016-09-04,piraten,Piraten,0.00522265504206099,0.00478294459249485,0.00478295052368161,0.00487959733091606
MV,13,2016-09-04,dkp,DKP,0.00302261326840544,0.0015327247903354,0.00153272669102164,
MV,13,2016-09-04,bundnis_c,BündnisC,0.00370944287067966,9.548528224581384e-4,9.5485400654261e-4,
MV,13,2021-09-26,spd,SPD,0.3850272065076128,0.3958674602158515,0.3958748243698104,0.3958678707858837
MV,13,2021-09-26,afd,AfD,0.1966258126044391,0.16717932220044668,0.16718243216625886,0.16717494854261525
MV,13,2021-09-26,cdu,CDU,0.1507263792424327,0.13305408105538102,0.1330565562038492,0.13304291781153194
MV,13,2021-09-26,linke_pds,Linke,0.08718313141783157,0.09943657132477413,0.0994384211010098,0.09944707248241803
MV,13,2021-09-26,gruene,Grüne,0.04420411886436602,0.06295650689540842,0.06295767804852427,0.0629788053570393
MV,13,2021-09-26,fdp,FDP,0.05535699178525452,0.05794047068015218,0.05794154852208016,0.05795507641736234
MV,13,2021-09-26,diebasis,dieBasis,0.01783267773021363,0.01660303610254861,0.01660334496176624,0.01665566939464668
MV,13,2021-09-26,tierschutz,Die Tierschutzpartei,0.01524883118904976,0.01657567988409717,0.0165759882344187,
MV,13,2021-09-26,freie_wahler,FW-MV,0.01232284649124092,0.01093482763941002,0.01093503105535688,
MV,13,2021-09-26,npd,NPD,0.01089528917925191,0.00767943764368853,0.00767958050100016,0.00772872957981666
MV,13,2021-09-26,die_partei,DiePartei,0.00683460723967471,0.00757001276988277,0.00757015359161002,0.0076849593429212
MV,13,2021-09-26,tierschutz_hier,TIERSCHUTZliste,0.00561118644551063,0.00411546950383479,0.00411554606216323,
MV,13,2021-09-26,piraten,Piraten,0.00446076881433072,0.00393710695953139,0.0039371801998573,0.00405531244836479
MV,13,2021-09-26,freier_horizont,FH,0.00918879970966501,0.00346001450973826,0.00346007887491628,
MV,13,2021-09-26,unabhangige,UfBD,0.00403594665561994,0.0024128184674171,0.00241286335205263,
MV,13,2021-09-26,gesundheitsforschung,Gesundheitsforschung,0.00333741469486948,0.00205281063259613,0.00205284882015906,0.00222133952244483
MV,13,2021-09-26,other,,0.00663136241098191,0.00190289855548224,0.00190293395429456,
MV,13,2021-09-26,team_todenhofer,Todenhöfer,0.0030573782597402,0.00163152486844394,0.00163155521900701,0.00178473140941257
MV,13,2021-09-26,die_humanisten,Die Humanisten,0.00209889236902684,0.00112598195146131,0.00112600289762456,
MV,13,2021-09-26,odp,ÖDP,0.00218694249758394,9.213574374445352e-4,9.213745770649952e-4,0.00102422354335387
MV,13,2021-09-26,bundnis_c,BündnisC,0.00269698723363169,7.96613081305964e-4,7.966279003602334e-4,
MV,13,2021-09-26,dkp,DKP,0.00201127477967868,7.090731822613526e-4,7.090863728481198e-4,
MV,13,2021-09-26,dib,DIB,0.00178367675380441,5.285221404818415e-4,5.285319723543856e-4,
MV,13,2021-09-26,fpa,FPA,0.00221966616317364,4.092490280335584e-4,4.092566411191309e-4,
MV,13,2021-09-26,lkr,LKR,0.00121008613575634,1.99153270326491e-4,1.9915697509005831e-4,
NI,03,1974-06-09,cdu,CDU,0.5601060691974563,0.4881695341646424,,0.48819122259314474
NI,03,1974-06-09,spd,SPD,0.3686976262774315,0.4311407114572985,,0.4311143211020424
NI,03,1974-06-09,fdp,FDP,0.06058184274070636,0.07030428779320125,,0.07030865164170638
NI,03,1974-06-09,other,,0.01067339353804468,0.01038546658485786,,
NI,03,1978-06-04,cdu,CDU,0.5447880940531217,0.4865943910196024,,0.48660395094837977
NI,03,1978-06-04,spd,SPD,0.3686214167398543,0.4216228939653227,,0.421614687992196
NI,03,1978-06-04,other,,0.04661541421506874,0.04982938360330672,,
NI,03,1978-06-04,fdp,FDP,0.04009207521144391,0.0419533314117681,,0.04195360139210989
NI,03,1982-03-21,cdu,CDU,0.5607517476287405,0.5069077517345983,,0.506912033236728
NI,03,1982-03-21,spd,SPD,0.3243124051560898,0.36528112653614647,,0.36528475461348664
NI,03,1982-03-21,gruene,Grüne,0.05897089328595571,0.06542231699820172,,0.06541518388133569
NI,03,1982-03-21,fdp,FDP,0.05371037510584971,0.05910297854900827,,0.05910216799768338
NI,03,1982-03-21,other,,0.00225457882336433,0.0032858261820452,,
NI,03,1986-06-15,cdu,CDU,0.4861069165873584,0.4433757935664731,,0.4433948903671107
NI,03,1986-06-15,spd,SPD,0.3844083067639723,0.4209450756940328,,0.42094002859441537
NI,03,1986-06-15,gruene,Grüne,0.06380827251773194,0.07066119977185546,,0.07064935597345164
NI,03,1986-06-15,fdp,FDP,0.06037051461767435,0.06006804261680291,,0.06006620785782734
NI,03,1986-06-15,other,,0.00530598951326288,0.00494988835083559,,
NI,03,1990-05-13,spd,SPD,0.4081966093777433,0.442406090310826,,0.44239469904390016
NI,03,1990-05-13,cdu,CDU,0.4630493818683856,0.42025066307333897,,0.42026793185298184
NI,03,1990-05-13,fdp,FDP,0.05756090197772157,0.05991715734884537,,0.05991396239732694
NI,03,1990-05-13,gruene,Grüne,0.04801496017063363,0.05452218389550248,,0.05451372484284785
NI,03,1990-05-13,other,,0.02243850616142546,0.02204962018589777,,
NI,03,1990-05-13,odp,ÖDP,0.00139770289802388,8.542851855893643e-4,,8.545415217527423e-4
NI,03,1994-03-13,spd,SPD,0.42210104271348886,0.4426362515430489,0.44256143668854286,0.4426014839653652
NI,03,1994-03-13,cdu,CDU,0.40153822904531966,0.36418897490224905,0.36412741929067177,0.36422743027158494
NI,03,1994-03-13,gruene,Grüne,0.06543096366219234,0.07399430175550288,0.07398179515917054,0.07398033570556606
NI,03,1994-03-13,other,,0.06767974536721048,0.07375038053828892,0.0737379151697826,
NI,03,1994-03-13,fdp,FDP,0.0423029368368181,0.04440755279917255,0.04440004698691687,0.04440811189212762
NI,03,1994-03-13,odp,ÖDP,0.00172732995435019,0.00102253846173768,0.00102236563118895,0.00102305919410612
NI,03,1998-03-01,spd,SPD,0.4561947474411662,0.4794363469574967,0.4794363469574967,0.4793765000236389
NI,03,1998-03-01,cdu,CDU,0.39570122169683714,0.3590114528219716,0.3590114528219716,0.35903856654056193
NI,03,1998-03-01,gruene,Grüne,0.06250366394485879,0.07049369446168957,0.07049369446168957,0.07049775060186349
NI,03,1998-03-01,fdp,FDP,0.04777755522388352,0.04857140871563458,0.04857140871563458,0.04857782231562398
NI,03,1998-03-01,rep,Rep,0.02445059121395431,0.0275592794729478,0.0275592794729478,0.02757285630457212
NI,03,1998-03-01,statt_partei,STATT,0.007057081835543,0.00699747963788326,0.00699747963788326,
NI,03,1998-03-01,dkp,DKP,0.00196289505528606,0.00199127139296337,0.00199127139296337,
NI,03,1998-03-01,pbc,BündnisC,0.00251527175120741,0.00185042762761649,0.00185042762761649,0.00185031884627614
NI,03,1998-03-01,die_frauen,DieFrauen,0.00178477857128946,0.00157059330436152,0.00157059330436152,
NI,03,1998-03-01,dp,DP,0.00247404114041741,0.0014221050583297,0.0014221050583297,
NI,03,1998-03-01,odp,ÖDP,0.00145199210767234,0.00109594054910536,0.00109594054910536,0.0010961934046701
NI,03,1998-03-01,other,,0,0,0,
NI,03,2003-02-02,cdu,CDU,0.5229078063727108,0.48315277085751246,0.48315277085751246,0.4831954445886041
NI,03,2003-02-02,spd,SPD,0.31226922227301723,0.33394122951078786,0.33394122951078786,0.333873743759113
NI,03,2003-02-02,fdp,FDP,0.07890741176935018,0.08109881938182754,0.08109881938182754,0.08110097140844813
NI,03,2003-02-02,gruene,Grüne,0.0635718370725808,0.07642607224807181,0.07642607224807181,0.07643858234255997
NI,03,2003-02-02,schill,PRO (Schill),0.00945896638074002,0.01012298921341797,0.01012298921341797,
NI,03,2003-02-02,linke_pds,Linke,0.00470212091351542,0.00540959858781427,0.00540959858781427,0.00541163436126775
NI,03,2003-02-02,rep,Rep,0.004596158381083,0.00427434055934476,0.00427434055934476,0.00427785178196133
NI,03,2003-02-02,graue,Graue,0.00271844576763918,0.00269150234904329,0.00269150234904329,0.00269176098748772
NI,03,2003-02-02,pbc,BündnisC,0.00258978623584129,0.00196142481029273,0.00196142481029273,0.00196259596803119
NI,03,2003-02-02,odp,ÖDP,0.00128502110963962,9.212524818873032e-4,9.212524818873032e-4,9.214336614199416e-4
NI,03,2003-02-02,other,,0,0,0,
NI,03,2008-01-27,cdu,CDU,0.4658493223181609,0.424332803759529,0.424332803759529,0.42527323608800777
NI,03,2008-01-27,spd,SPD,0.28800848148386415,0.3035439909690607,0.3035439909690607,0.3026563703317485
NI,03,2008-01-27,fdp,FDP,0.07773601506847988,0.08156919986886745,0.08156919986886745,0.08169086122426816
NI,03,2008-01-27,gruene,Grüne,0.0678316563933004,0.08016471673735068,0.08016471673735068,0.08005456839528864
NI,03,2008-01-27,linke_pds,Linke,0.06055868700723141,0.07122841838407303,0.07122841838407303,0.07104546996490363
NI,03,2008-01-27,npd,NPD,0.01659775663481316,0.01548076252694225,0.01548076252694225,0.01546844100558587
NI,03,2008-01-27,freie_wahler,FW-NI,0.00787931927030944,0.0051948668425979,0.0051948668425979,
NI,03,2008-01-27,tierschutz,Die Tierschutzpartei,0.00529721547472864,0.00496939004074899,0.00496939004074899,
NI,03,2008-01-27,familie,Familie,0.00440170892094842,0.00389926527197397,0.00389926527197397,
NI,03,2008-01-27,die_friesen,Friesen,0.00382709775768619,0.00294840586417692,0.00294840586417692,
NI,03,2008-01-27,graue,Graue,0.00268699988985259,0.00267872374196553,0.00267872374196553,0.00271148756388256
NI,03,2008-01-27,pbc,BündnisC,0.00245323719405525,0.00170976685402008,0.00170976685402008,0.00170810871406943
NI,03,2008-01-27,volksabstimmung,AbJetzt,0.00220441783940941,0.00170620669399089,0.00170620669399089,
NI,03,2008-01-27,odp,ÖDP,9.764882504615242e-4,5.734824447025561e-4,5.734824447025561e-4,5.727754737658908e-4
NI,03,2008-01-27,other,,0,0,0,
NI,03,2013-01-20,cdu,CDU,0.4027150797087943,0.3590651859203731,0.3590651859203731,0.36016364094100534
NI,03,2013-01-20,spd,SPD,0.3047498444340134,0.3268656030687142,0.3268656030687142,0.3260004475649669
NI,03,2013-01-20,gruene,Grüne,0.11990928554974312,0.13711219087347462,0.13711219087347462,0.1369193543875353
NI,03,2013-01-20,fdp,FDP,0.10214561000108528,0.09922012265610888,0.09922012265610888,0.09929508517720775
NI,03,2013-01-20,linke_pds,Linke,0.02675224163419875,0.03149330145602407,0.03149330145602407,0.03138885003776329
NI,03,2013-01-20,piraten,Piraten,0.0187934650988685,0.02121412482888728,0.02121412482888728,0.02114828386808022
NI,03,2013-01-20,freie_wahler,FW-NI,0.01147276837971832,0.01106279226851591,0.01106279226851591,
NI,03,2013-01-20,npd,NPD,0.00919737163351624,0.00826648867424276,0.00826648867424276,0.00823771294301938
NI,03,2013-01-20,die_freiheit,DieFreiheit,0.00387959517099992,0.00330368473424842,0.00330368473424842,
NI,03,2013-01-20,pbc,BündnisC,0.00235041370260166,0.00158406788976531,0.00158406788976531,0.00158773671990824
NI,03,2013-01-20,rentner,Bündnis21/RRP,0.00170395826194135,8.12437629645441e-4,8.12437629645441e-4,
NI,03,2013-01-20,other,,0,0,0,
NI,03,2017-10-15,spd,SPD,0.34971125085015553,0.3708684905636922,,0.36935773345350525
NI,03,2017-10-15,cdu,CDU,0.38609965580452493,0.3348093469632855,,0.33626996878143084
NI,03,2017-10-15,gruene,Grüne,0.07552017170287076,0.0871630864890838,,0.08728947059054039
NI,03,2017-10-15,fdp,FDP,0.0718621620914059,0.07479375896215477,,0.07522682445759368
NI,03,2017-10-15,afd,AfD,0.05821219165122255,0.06184420538758938,,0.06161500581266246
NI,03,2017-10-15,linke_pds,Linke,0.03709905032572102,0.04663860754396556,,0.04627088313282913
NI,03,2017-10-15,tierschutz,Die Tierschutzpartei,0.00718437030231284,0.00698568379382976,,
NI,03,2017-10-15,die_partei,DiePartei,0.00510154620722865,0.00596846402517429,,0.0058983502488342
NI,03,2017-10-15,freie_wahler,FW-NI,0.00511590161302746,0.00385321983567738,,
NI,03,2017-10-15,piraten,Piraten,0.00235762296389534,0.00222280355929629,,0.00220724427550713
NI,03,2017-10-15,buendnis_grundeinkommen,BGE,0.00183803597241606,0.00129963067679706,,
NI,03,2017-10-15,dm,DMitte (2016),0.00172328125257691,0.00117720757499023,,
NI,03,2017-10-15,v_partei3,VPartei3,0.00148527412762855,0.00107370195028378,,
NI,03,2017-10-15,odp,ÖDP,0.00155658014365856,0.00105748696991202,,0.0010559452434134
NI,03,2017-10-15,lkr,LKR,7.30018410811947e-4,2.4430570426794496e-4,,
NI,03,2017-10-15,other,,0,0,,
NI,03,2022-10-09,spd,SPD,0.3200688045414076,0.33420979402884393,0.33420979402884393,0.3342950312641512
NI,03,2022-10-09,cdu,CDU,0.32226924554263525,0.27837664437621745,0.27837664437621745,0.2807208677964755
NI,03,2022-10-09,gruene,Grüne,0.11321994080165304,0.14610368385397413,0.14610368385397413,0.1454062435582106
NI,03,2022-10-09,afd,AfD,0.1219543583650932,0.1107953345678991,0.1107953345678991,0.10950910908690024
NI,03,2022-10-09,fdp,FDP,0.04774482706747277,0.04722821474501936,0.04722821474501936,0.04699432832781288
NI,03,2022-10-09,linke_pds,Linke,0.02264412105265689,0.02746850960606707,0.02746850960606707,0.02720487532559063
NI,03,2022-10-09,tierschutz,Die Tierschutzpartei,0.01397958446153776,0.01455966093987826,0.01455966093987826,
NI,03,2022-10-09,diebasis,dieBasis,0.01106660252091478,0.0100683060820587,0.0100683060820587,0.01010072578528776
NI,03,2022-10-09,die_partei,DiePartei,0.00880430764861702,0.00951205726441286,0.00951205726441286,0.00942629544298676
NI,03,2022-10-09,freie_wahler,FW-NI,0.0095747724321274,0.00832088064919414,0.00832088064919414,
NI,03,2022-10-09,volt,Volt,0.00349661851404749,0.00465391951487466,0.00465391951487466,0.00459821309073709
NI,03,2022-10-09,piraten,Piraten,0.0041998127382898,0.00397097439866986,0.00397097439866986,0.003930129678826
NI,03,2022-10-09,gesundheitsforschung,Gesundheitsforschung,0.00342037901707043,0.00291517191067853,0.00291517191067853,0.00294525165441019
NI,03,2022-10-09,die_humanisten,Die Humanisten,0.00213476352624388,0.00181684806221193,0.00181684806221193,
NI,03,2022-10-09,other,,0,0,0,
NW,05,1947-04-20,bdd,,,,,
NW,05,1947-04-20,bhe,,,,,
NW,05,1947-04-20,cdu,CDU,,,,
NW,05,1947-04-20,csab,,,,,
NW,05,1947-04-20,dfu,,,,,
NW,05,1947-04-20,dg,,,,,
NW,05,1947-04-20,dkp,,,,,
NW,05,1947-04-20,dp,DP,,,,
NW,05,1947-04-20,drp,DRP,,,,
NW,05,1947-04-20,dsu,,,,,
NW,05,1947-04-20,fdp,FDP,,,,
NW,05,1947-04-20,fsu,Humanwirtschaft,,,,
NW,05,1947-04-20,gdp,,,,,
NW,05,1947-04-20,kpd,KPD (1919),,,,
NW,05,1947-04-20,npd,NPD,,,,
NW,05,1947-04-20,parteilose,,,,,
NW,05,1947-04-20,rsf,,,,,
NW,05,1947-04-20,rwvp,RWVP,,,,
NW,05,1947-04-20,spd,SPD,,,,
NW,05,1947-04-20,srp,,,,,
NW,05,1947-04-20,uap,,,,,
NW,05,1947-04-20,unabhaengige,,,,,
NW,05,1947-04-20,zentrum,Zentrum,,,,
NW,05,1947-04-20,other,,,,,
NW,05,1950-06-18,cdu,CDU,0.3967931486128344,0.37273605105574353,0.37273605105574353,0.36874711443115815
NW,05,1950-06-18,spd,SPD,0.30334167898502085,0.32492869953696224,0.32492869953696224,0.32337915894829916
NW,05,1950-06-18,fdp,FDP,0.11116474016281104,0.11664652547514022,0.11664652547514022,0.12077275755319566
NW,05,1950-06-18,zentrum,Zentrum,0.0887942308487684,0.07501021572844836,0.07501021572844836,
NW,05,1950-06-18,kpd,KPD (1919),0.04426611506931637,0.05366877689590858,0.05366877689590858,
NW,05,1950-06-18,rsf,Humanwirtschaft,0.01490108599018405,0.01981399795072648,0.01981399795072648,
NW,05,1950-06-18,drp,DRP,0.02032299329306088,0.01727191834125596,0.01727191834125596,
NW,05,1950-06-18,dp,DP,0.01566001670465167,0.01693359792634419,0.01693359792634419,
NW,05,1950-06-18,srp,SRP,0.00258889662729966,0.00183173574498703,0.00183173574498703,
NW,05,1950-06-18,unabhaengige,,0.00215055008066715,0.00114122668080581,0.00114122668080581,
NW,05,1950-06-18,csab,CSAB,1.6543625385528317e-5,1.7254663677578387e-5,1.7254663677578387e-5,
NW,05,1950-06-18,bdd,,0,0,0,
NW,05,1950-06-18,bhe,,0,0,0,
NW,05,1950-06-18,dfu,,0,0,0,
NW,05,1950-06-18,dg,,0,0,0,
NW,05,1950-06-18,dkp,,0,0,0,
NW,05,1950-06-18,dsu,,0,0,0,
NW,05,1950-06-18,fsu,,0,0,0,
NW,05,1950-06-18,gdp,,0,0,0,
NW,05,1950-06-18,npd,NPD,0,0,0,
NW,05,1950-06-18,parteilose,,0,0,0,
NW,05,1950-06-18,rwvp,,0,0,0,
NW,05,1950-06-18,uap,,0,0,0,
NW,05,1950-06-18,other,,0,0,0,
NW,05,1954-06-27,cdu,CDU,0.4419863054045522,0.41253062767394055,0.41253062767394055,0.4125320721200381
NW,05,1954-06-27,spd,SPD,0.31378358499170644,0.3448901058186767,0.3448901058186767,0.3448929947108717
NW,05,1954-06-27,fdp,FDP,0.11266457249635732,0.11465088676712595,0.11465088676712595,0.11465088676712595
NW,05,1954-06-27,bhe,GB/BHE,0.05027080134131861,0.04631991967724141,0.04631991967724141,
NW,05,1954-06-27,zentrum,Zentrum,0.047073472336641,0.0402802572096277,0.0402802572096277,
NW,05,1954-06-27,kpd,KPD (1919),0.03070214082461408,0.03814536587747428,0.03814536587747428,
NW,05,1954-06-27,bdd,BDD,0.00315015191034167,0.00281883655933517,0.00281883655933517,
NW,05,1954-06-27,dp,DP,2.5403851641506414e-4,2.741558693117171e-4,2.741558693117171e-4,
NW,05,1954-06-27,parteilose,,1.1228352210122366e-4,8.551120897393916e-5,8.551120897393916e-5,
NW,05,1954-06-27,other,,2.6486559524119867e-6,4.333338292598268e-6,4.333338292598268e-6,
NW,05,1954-06-27,csab,,0,0,0,
NW,05,1954-06-27,dfu,,0,0,0,
NW,05,1954-06-27,dg,,0,0,0,
NW,05,1954-06-27,dkp,,0,0,0,
NW,05,1954-06-27,drp,,0,0,0,
NW,05,1954-06-27,dsu,,0,0,0,
NW,05,1954-06-27,fsu,Humanwirtschaft,0,0,0,
NW,05,1954-06-27,gdp,,0,0,0,
NW,05,1954-06-27,npd,NPD,0,0,0,
NW,05,1954-06-27,rsf,,0,0,0,
NW,05,1954-06-27,rwvp,,0,0,0,
NW,05,1954-06-27,srp,,0,0,0,
NW,05,1954-06-27,uap,,0,0,0,
NW,05,1954-06-27,unabhaengige,,0,0,0,
NW,05,1958-07-06,cdu,CDU,0.5353045681148916,0.5046947689340793,0.5046966738792211,0.5046966738792211
NW,05,1958-07-06,spd,SPD,0.357037768276685,0.3920050909588677,0.39200657056246097,0.39200657056246097
NW,05,1958-07-06,fdp,FDP,0.07208915265422088,0.07124348029140656,0.0712437491963567,0.0712437491963567
NW,05,1958-07-06,dp,DP,0.0168857354950991,0.01581438231108194,0.01581444200167636,
NW,05,1958-07-06,zentrum,Zentrum,0.0131847478576164,0.01053319188425869,0.01053323164126419,
NW,05,1958-07-06,drp,DRP,0.00530282213041772,0.00532560295352109,0.00532562305474286,
NW,05,1958-07-06,parteilose,,8.286170429377421e-5,1.3990574982436293e-4,1.399062778916124e-4,
NW,05,1958-07-06,other,,2.963289583325925e-5,1.2581452322334795e-4,1.25814998103968e-4,
NW,05,1958-07-06,dsu,DeutschSU,4.226021728795056e-5,6.79398425406079e-5,6.794009897614271e-5,
NW,05,1958-07-06,dg,DG,2.667898750817044e-5,2.767919510913655e-5,2.7679299582872955e-05,
NW,05,1958-07-06,bdd,BDD,2.6451428189256965e-5,2.214335608730924e-5,2.2143439666298365e-5,
NW,05,1958-07-06,bhe,,0,0,0,
NW,05,1958-07-06,csab,,0,0,0,
NW,05,1958-07-06,dfu,,0,0,0,
NW,05,1958-07-06,dkp,,0,0,0,
NW,05,1958-07-06,fsu,Humanwirtschaft,0,0,0,
NW,05,1958-07-06,gdp,,0,0,0,
NW,05,1958-07-06,kpd,,0,0,0,
NW,05,1958-07-06,npd,NPD,0,0,0,
NW,05,1958-07-06,rsf,,0,0,0,
NW,05,1958-07-06,rwvp,,0,0,0,
NW,05,1958-07-06,srp,,0,0,0,
NW,05,1958-07-06,uap,,0,0,0,
NW,05,1958-07-06,unabhaengige,,0,0,0,
NW,05,1962-07-08,cdu,CDU,0.4952933726170929,0.4645892996102623,0.45908303666523553,0.4642233092531123
NW,05,1962-07-08,spd,SPD,0.3967835610033209,0.43139931117407326,0.4262864124404594,0.4326817210423371
NW,05,1962-07-08,fdp,FDP,0.07240297120098026,0.0683300411199412,0.0675202007431471,0.0684715635515301
NW,05,1962-07-08,dfu,DFU,0.01769456024536829,0.02015837643393882,0.01991946150136673,
NW,05,1962-07-08,zentrum,Zentrum,0.01284916920208231,0.01049247626892376,0.01036812055662127,
NW,05,1962-07-08,gdp,GDP,0.00398996180994751,0.00431810660668059,0.00426692886664012,
NW,05,1962-07-08,dg,DG,8.504269649670681e-4,6.149606147555028e-4,6.076721669834175e-4,
NW,05,1962-07-08,uap,UAP,2.6849900950613783e-5,5.327907705630348e-5,5.2647619104115487e-5,
NW,05,1962-07-08,parteilose,,1.0912705529018857e-4,4.4149094368251474e-5,4.362584399941964e-5,
NW,05,1962-07-08,bdd,,0,0,0,
NW,05,1962-07-08,bhe,,0,0,0,
NW,05,1962-07-08,csab,,0,0,0,
NW,05,1962-07-08,dkp,,0,0,0,
NW,05,1962-07-08,dp,DP,0,0,0,
NW,05,1962-07-08,drp,,0,0,0,
NW,05,1962-07-08,dsu,,0,0,0,
NW,05,1962-07-08,fsu,Humanwirtschaft,0,0,0,
NW,05,1962-07-08,kpd,,0,0,0,
NW,05,1962-07-08,npd,NPD,0,0,0,
NW,05,1962-07-08,rsf,,0,0,0,
NW,05,1962-07-08,rwvp,,0,0,0,
NW,05,1962-07-08,srp,,0,0,0,
NW,05,1962-07-08,unabhaengige,,0,0,0,
NW,05,1962-07-08,other,,0,0,0,
NW,05,1966-07-10,spd,SPD,0.4572840651048388,0.5038138535888428,0.422966285971467,0.4947740665400604
NW,05,1966-07-10,cdu,CDU,0.4644072637649441,0.4177851260682984,0.3507426837282639,0.4276484628082224
NW,05,1966-07-10,fdp,FDP,0.07442886551011682,0.07473808201833815,0.0627447791416338,0.07418970082855204
NW,05,1966-07-10,zentrum,Zentrum,0.00282302944041782,0.00146861308439665,0.00123294311462758,
NW,05,1966-07-10,fsu,Humanwirtschaft,8.834521383361311e-4,0.00142915458047286,0.00119981656057244,
NW,05,1966-07-10,uap,UAP,1.6997882312434152e-4,4.730696251247537e-4,3.971556179323022e-4,
NW,05,1966-07-10,other,,1.25131361841671e-4,2.9210103452629904e-4,2.452272576903749e-4,
NW,05,1966-07-10,bdd,,0,0,0,
NW,05,1966-07-10,bhe,,0,0,0,
NW,05,1966-07-10,csab,,0,0,0,
NW,05,1966-07-10,dfu,,0,0,0,
NW,05,1966-07-10,dg,,0,0,0,
NW,05,1966-07-10,dkp,,0,0,0,
NW,05,1966-07-10,dp,DP,0,0,0,
NW,05,1966-07-10,drp,,0,0,0,
NW,05,1966-07-10,dsu,,0,0,0,
NW,05,1966-07-10,gdp,,0,0,0,
NW,05,1966-07-10,kpd,,0,0,0,
NW,05,1966-07-10,npd,NPD,0,0,0,
NW,05,1966-07-10,parteilose,,0,0,0,
NW,05,1966-07-10,rsf,,0,0,0,
NW,05,1966-07-10,rwvp,,0,0,0,
NW,05,1966-07-10,srp,,0,0,0,
NW,05,1966-07-10,unabhaengige,,0,0,0,
NW,05,1970-06-14,spd,SPD,0.4401517468194157,0.46556690989585536,0.4305377076248771,0.460577054601342
NW,05,1970-06-14,cdu,CDU,0.4832237134909104,0.4498397992933379,0.4159939030665046,0.463271047002896
NW,05,1970-06-14,fdp,FDP,0.05282537902130123,0.05910891944796836,0.05466157095444031,0.05513131340368966
NW,05,1970-06-14,npd,NPD,0.01146948582719526,0.01292127991501382,0.01194908425823014,0.01083716004018056
NW,05,1970-06-14,dkp,DKP,0.00771352396593351,0.00839251097180858,0.00776105938419758,
NW,05,1970-06-14,other,,0.00329008706411492,0.0029677031085687,0.00274441345833664,
NW,05,1970-06-14,zentrum,Zentrum,0.00148726193835715,0.00109891565664626,0.00101623336544988,
NW,05,1970-06-14,uap,UAP,4.9903024625404905e-5,1.039617108009783e-4,9.61396432985885e-5,
NW,05,1970-06-14,bdd,,0,0,0,
NW,05,1970-06-14,bhe,,0,0,0,
NW,05,1970-06-14,csab,,0,0,0,
NW,05,1970-06-14,dfu,,0,0,0,
NW,05,1970-06-14,dg,,0,0,0,
NW,05,1970-06-14,dp,DP,0,0,0,
NW,05,1970-06-14,drp,,0,0,0,
NW,05,1970-06-14,dsu,,0,0,0,
NW,05,1970-06-14,fsu,Humanwirtschaft,0,0,0,
NW,05,1970-06-14,gdp,,0,0,0,
NW,05,1970-06-14,kpd,,0,0,0,
NW,05,1970-06-14,parteilose,,0,0,0,
NW,05,1970-06-14,rsf,,0,0,0,
NW,05,1970-06-14,rwvp,,0,0,0,
NW,05,1970-06-14,srp,,0,0,0,
NW,05,1970-06-14,unabhaengige,,0,0,0,
NW,05,1975-05-04,cdu,CDU,0.557352743092904,0.46522183385178056,0.46522183385178056,0.4705181781108446
NW,05,1975-05-04,spd,SPD,0.37315686677571935,0.4569067278096872,0.4569067278096872,0.45126705225631336
NW,05,1975-05-04,fdp,FDP,0.0598172227881374,0.06683740727413912,0.06683740727413912,0.06720027518452418
NW,05,1975-05-04,other,,0.00967316734323931,0.01103403106439311,0.01103403106439311,
NW,05,1980-05-11,spd,SPD,0.40937208804001146,0.4844013118884133,0.4844013118884133,0.4844013118884133
NW,05,1980-05-11,cdu,CDU,0.5125358559811575,0.4319272012334244,0.4319272012334244,0.4319272012334244
NW,05,1980-05-11,fdp,FDP,0.04676699749648358,0.04982676611684166,0.04982676611684166,0.04982676611684166
NW,05,1980-05-11,gruene,Grüne,0.02814633842162104,0.02967647459626799,0.02967647459626799,0.02967647459626799
NW,05,1980-05-11,other,,0.00317872006072652,0.0041682461650526,0.0041682461650526,
NW,05,1985-05-12,spd,SPD,0.45300930073792567,0.521375313309647,0.521375313309647,0.521375313309647
NW,05,1985-05-12,cdu,CDU,0.4367221376529887,0.3653861409534741,0.3653861409534741,0.3653861409534741
NW,05,1985-05-12,fdp,FDP,0.06245319899389338,0.0596462449258606,0.0596462449258606,0.0596462449258606
NW,05,1985-05-12,gruene,Grüne,0.04056156249029111,0.04550595815786586,0.04550595815786586,0.04550595815786586
NW,05,1985-05-12,other,,0.0072538001249012,0.0080863426531525,0.0080863426531525,
NW,05,1990-05-13,spd,SPD,0.4447269040604284,0.4998228040863218,0.4998228040863218,0.499832543655417
NW,05,1990-05-13,cdu,CDU,0.4329940675573898,0.36698818066126954,0.36698818066126954,0.3669783191386458
NW,05,1990-05-13,fdp,FDP,0.0578032995452081,0.05764705565824273,0.05764705565824273,0.05764716948196368
NW,05,1990-05-13,gruene,Grüne,0.04376269875373097,0.05048420814735296,0.05048420814735296,0.05048421358045125
NW,05,1990-05-13,rep,Rep,0.01659235408422454,0.01849628308298289,0.01849628308298289,0.01849628507354842
NW,05,1990-05-13,other,,0.00684416846233787,0.00656146836383007,0.00656146836383007,
NW,05,1995-05-14,spd,SPD,0.41893328343004266,0.46015563822341665,0.46015563822341665,0.46015563822341665
NW,05,1995-05-14,cdu,CDU,0.43508312504065777,0.37673854189084344,0.37673854189084344,0.37673854189084344
NW,05,1995-05-14,gruene,Grüne,0.08664254502795878,0.10017331315064015,0.10017331315064015,0.10017331315064015
NW,05,1995-05-14,fdp,FDP,0.04111043584824801,0.04010424107829113,0.04010424107829113,0.04010424107829113
NW,05,1995-05-14,other,,0.01203764826923401,0.01493012918008713,0.01493012918008713,
NW,05,1995-05-14,rep,Rep,0.00954246343972016,0.00789813647672148,0.00789813647672148,0.00789813647672148
NW,05,2000-05-14,spd,SPD,0.3910917277508258,0.4284355115873416,0.4284355115873416,0.4284355115873416
NW,05,2000-05-14,cdu,CDU,0.4242381944137179,0.3696870308928985,0.3696870308928985,0.3696870308928985
NW,05,2000-05-14,fdp,FDP,0.09917268667814202,0.0983529957631872,0.0983529957631872,0.0983529957631872
NW,05,2000-05-14,gruene,Grüne,0.05818762772946149,0.07064694167216096,0.07064694167216096,0.07064694167216096
NW,05,2000-05-14,rep,Rep,0.01145714381588615,0.01135378047931066,0.01135378047931066,0.01135378047931066
NW,05,2000-05-14,linke_pds,Linke,0.00851193883976027,0.01089551825817828,0.01089551825817828,0.01089551825817828
NW,05,2000-05-14,other,,0.01015870768063754,0.0106282213469229,0.0106282213469229,
NW,05,2005-05-22,cdu,CDU,0.5111649486176509,0.448386671832435,0.448386671832435,0.448386671832435
NW,05,2005-05-22,spd,SPD,0.32659834279030053,0.3710556532291187,0.3710556532291187,0.3710556532291187
NW,05,2005-05-22,gruene,Grüne,0.04965637843880993,0.06177730896623902,0.06177730896623902,0.06177730896623902
NW,05,2005-05-22,fdp,FDP,0.06361786999438113,0.06165273372898202,0.06165273372898202,0.06165273372898202
NW,05,2005-05-22,other,,0.03494070767706795,0.04012026180450445,0.04012026180450445,
NW,05,2005-05-22,linke_pds,Linke,0.00762102196498836,0.00885357545486943,0.00885357545486943,0.00885357545486943
NW,05,2005-05-22,rep,Rep,0.00753618580956454,0.00815379498385131,0.00815379498385131,0.00815379498385131
NW,05,2010-05-09,cdu,CDU,0.3962155897526779,0.345555583331379,0.345555583331379,0.345555583331379
NW,05,2010-05-09,spd,SPD,0.32041626679450785,0.34479764696968485,0.34479764696968485,0.34479764696968485
NW,05,2010-05-09,gruene,Grüne,0.10455699845446588,0.12127522986140409,0.12127522986140409,0.12127522986140409
NW,05,2010-05-09,fdp,FDP,0.07216240899072138,0.0672928167683047,0.0672928167683047,0.0672928167683047
NW,05,2010-05-09,linke_pds,Linke,0.0478231359619487,0.05613355039709835,0.05613355039709835,0.05613355039709835
NW,05,2010-05-09,piraten,Piraten,0.0135324151716993,0.01559761387922963,0.01559761387922963,0.01559761387922963
NW,05,2010-05-09,pro_deutschland,proNRW,0.01024126183903569,0.01384902557113893,0.01384902557113893,
NW,05,2010-05-09,npd,NPD,0.00728448522341773,0.00713867297481388,0.00713867297481388,0.00713867297481388
NW,05,2010-05-09,tierschutz,Die Tierschutzpartei,0.00606630317403602,0.0061978886537107,0.0061978886537107,
NW,05,2010-05-09,rentner,Rentner,0.00476683539560607,0.00495106916446342,0.00495106916446342,
NW,05,2010-05-09,familie,Familie,0.00482748435418128,0.00409223783996641,0.00409223783996641,
NW,05,2010-05-09,rep,Rep,0.00264219976865262,0.0030062317780218,0.0030062317780218,0.0030062317780218
NW,05,2010-05-09,big,BIG,0.0010787516771121,0.0017863433835712001,0.0017863433835712001,
NW,05,2010-05-09,pbc,BündnisC,0.00161727388996214,0.00121331669189255,0.00121331669189255,0.00121331669189255
NW,05,2010-05-09,die_partei,DiePartei,9.575513015109256e-4,0.00119153987361198,0.00119153987361198,0.00119153987361198
NW,05,2010-05-09,volksabstimmung,AbJetzt,0.00115975639648654,0.00100340878077393,0.00100340878077393,
NW,05,2010-05-09,odp,ÖDP,0.00100155982180867,9.670711313353468e-4,9.670711313353468e-4,9.670711313353468e-4
NW,05,2010-05-09,fbi_fwg,FBI/Freie Wähler,0.00101886557176546,8.55094474022833e-4,8.55094474022833e-4,
NW,05,2010-05-09,zentrum,Zentrum,7.632839449930273e-4,7.700489115069996e-4,7.700489115069996e-4,
NW,05,2010-05-09,violetten,Violetten,7.061126895609866e-4,7.690180562037774e-4,7.690180562037774e-4,
NW,05,2010-05-09,auf,AUF,8.041200009226901e-4,6.665768104460691e-4,6.665768104460691e-4,
NW,05,2010-05-09,bueso,BÜSO,3.903977689530463e-4,4.34247796482361e-4,4.34247796482361e-4,4.34247796482361e-4
NW,05,2010-05-09,freie_union,FU,2.3890605162820455e-4,1.8594052531870824e-4,1.8594052531870824e-4,
NW,05,2010-05-09,ddp,DDP (2004),2.5532043406848224e-4,1.8323453014774992e-4,1.8323453014774992e-4,
NW,05,2010-05-09,bgd,BGD,1.4736356611566096e-4,8.659184547066662e-5,8.659184547066662e-5,
NW,05,2010-05-09,other,,0,0,0,
NW,05,2012-05-13,spd,SPD,0.3669212769192832,0.3913247314118113,0.3913247314118113,0.3913247314118113
NW,05,2012-05-13,cdu,CDU,0.31610224571749224,0.263064192368612,0.263064192368612,0.263064192368612
NW,05,2012-05-13,gruene,Grüne,0.09555406258159782,0.11345888725871647,0.11345888725871647,0.11345888725871647
NW,05,2012-05-13,fdp,FDP,0.08580817795579762,0.08597413778171528,0.08597413778171528,0.08597413778171528
NW,05,2012-05-13,piraten,Piraten,0.07544936322351488,0.07815966009729285,0.07815966009729285,0.07815966009729285
NW,05,2012-05-13,linke_pds,Linke,0.01958555518710104,0.02494587178975609,0.02494587178975609,0.02494587178975609
NW,05,2012-05-13,pro_deutschland,proNRW,0.01228379773480935,0.01518168795335383,0.01518168795335383,
NW,05,2012-05-13,tierschutz,Die Tierschutzpartei,0.00735165298423541,0.0074533021896986,0.0074533021896986,
NW,05,2012-05-13,npd,NPD,0.00527205860238973,0.00513305435787423,0.00513305435787423,0.00513305435787423
NW,05,2012-05-13,familie,Familie,0.00492351492240673,0.00433577388746079,0.00433577388746079,
NW,05,2012-05-13,die_partei,DiePartei,0.00247797913432335,0.0029400840005671,0.0029400840005671,0.0029400840005671
NW,05,2012-05-13,freie_wahler,FW-NW,0.00297300374837347,0.00230562118656735,0.00230562118656735,
NW,05,2012-05-13,big,BIG,8.132100297235747e-4,0.00137208196823323,0.00137208196823323,
NW,05,2012-05-13,auf,AUF,0.00159186125650563,0.00131088100518411,0.00131088100518411,
NW,05,2012-05-13,fbi_fwg,FBI/Freie Wähler,0.00132214807727017,0.00121837388912874,0.00121837388912874,
NW,05,2012-05-13,odp,ÖDP,9.497202003239888e-4,0.00100615922899616,0.00100615922899616,0.00100615922899616
NW,05,2012-05-13,partei_der_vernunft,Vernunft,7.864524154234646e-4,8.154996250318354e-4,8.154996250318354e-4,
NW,05,2012-05-13,other,,0,0,0,
NW,05,2017-05-14,cdu,CDU,0.3786444513897594,0.32950947479520554,0.32950947479520554,0.32950947479520554
NW,05,2017-05-14,spd,SPD,0.30020256887532504,0.3121333909402076,0.3121333909402076,0.3121333909402076
NW,05,2017-05-14,fdp,FDP,0.12359754520616986,0.12551610249200787,0.12551610249200787,0.12551610249200787
NW,05,2017-05-14,afd,AfD,0.06720386828264231,0.07384535193468257,0.07384535193468257,0.07384535193468257
NW,05,2017-05-14,gruene,Grüne,0.05288428716741417,0.06351311053203137,0.06351311053203137,0.06351311053203137
NW,05,2017-05-14,linke_pds,Linke,0.03701951720027717,0.04900621661747814,0.04900621661747814,0.04900621661747814
NW,05,2017-05-14,piraten,Piraten,0.00833942588080513,0.00951762333233931,0.00951762333233931,0.00951762333233931
NW,05,2017-05-14,other,,0.00656432568669967,0.00703948305567314,0.00703948305567314,
NW,05,2017-05-14,die_partei,DiePartei,0.00457441622698422,0.00647900602928124,0.00647900602928124,0.00647900602928124
NW,05,2017-05-14,freie_wahler,FW-NW,0.0041410045651912,0.00389788973389182,0.00389788973389182,
NW,05,2017-05-14,npd,NPD,0.00332577177741639,0.00338418785559274,0.00338418785559274,0.00338418785559274
NW,05,2017-05-14,big,BIG,0.00133721993019198,0.00205256890409362,0.00205256890409362,
NW,05,2017-05-14,odp,ÖDP,0.00142011868071929,0.00156561251349498,0.00156561251349498,0.00156561251349498
NW,05,2017-05-14,ad_demokraten,AD-Demokraten,0.0010434811004003,0.001494919594463,0.001494919594463,
NW,05,2017-05-14,v_partei3,VPartei3,9.98860177729068e-4,0.00117974699711207,0.00117974699711207,
NW,05,2017-05-14,aufbruch,AufbruchC,0.00166347610205646,0.00113532827965364,0.00113532827965364,
NW,05,2017-05-14,volksabstimmung,AbJetzt,0.00103222482555266,9.880513650036824e-4,9.880513650036824e-4,
NW,05,2017-05-14,mlpd,MLPD,5.393974198572297e-4,9.080505449658216e-4,9.080505449658216e-4,
NW,05,2017-05-14,violetten,Violetten,7.653793757794924e-4,8.448982039639169e-4,8.448982039639169e-4,
NW,05,2017-05-14,jed,JED,8.008421051280059e-4,8.311130847526802e-4,8.311130847526802e-4,
NW,05,2017-05-14,rep,Rep,6.603201890301843e-4,7.772686447566531e-4,7.772686447566531e-4,7.772686447566531e-4
NW,05,2017-05-14,verjuengungsforschung,Gesundheitsforschung,6.825146758377511e-4,7.026876151779111e-4,7.026876151779111e-4,
NW,05,2017-05-14,bge,BGE,5.288954262902132e-4,6.19741256847051e-4,6.19741256847051e-4,
NW,05,2017-05-14,schoener_leben,SchönerLeben,5.452863731622982e-4,6.081947467384938e-4,6.081947467384938e-4,
NW,05,2017-05-14,dbd,DBD,5.199338067759381e-4,5.587097034161058e-4,5.587097034161058e-4,
NW,05,2017-05-14,die_rechte,Rechte,3.4400358135875704e-4,4.228614773429784e-4,4.228614773429784e-4,
NW,05,2017-05-14,zentrum,Zentrum,4.167471168995111e-4,3.930526298178255e-4,3.930526298178255e-4,
NW,05,2017-05-14,dkp,DKP,2.5880257630202827e-4,3.415646204561979e-4,3.415646204561979e-4,
NW,05,2017-05-14,fbi_fwg,FBI/Freie Wähler,3.911108746785302e-4,3.389725467583585e-4,3.389725467583585e-4,
NW,05,2017-05-14,parteilose_wg_brd,"PARTEIL. WG ""BRD""",2.878137845919769e-4,2.358787065033833e-4,2.358787065033833e-4,
NW,05,2017-05-14,pan,PAN,2.207898082427564e-4,1.589412462902418e-4,1.589412462902418e-4,
NW,05,2022-05-15,cdu,CDU,0.4111553158675472,0.3571199598815195,0.3571199598815195,0.3571199598815195
NW,05,2022-05-15,spd,SPD,0.25317853853932354,0.2665519864678485,0.2665519864678485,0.2665519864678485
NW,05,2022-05-15,gruene,Grüne,0.1499312679330285,0.1818737563543898,0.1818737563543898,0.1818737563543898
NW,05,2022-05-15,fdp,FDP,0.05828893752043589,0.0585518252775251,0.0585518252775251,0.0585518252775251
NW,05,2022-05-15,afd,AfD,0.05610424628409865,0.05439725663024632,0.05439725663024632,0.05439725663024632
NW,05,2022-05-15,linke_pds,Linke,0.0158036110493917,0.02051734538007125,0.02051734538007125,0.02051734538007125
NW,05,2022-05-15,die_partei,DiePartei,0.00878657986059319,0.01063492336673415,0.01063492336673415,0.01063492336673415
NW,05,2022-05-15,tierschutz,Die Tierschutzpartei,0.00998569955533171,0.01060763854637111,0.01060763854637111,
NW,05,2022-05-15,diebasis,dieBasis,0.0088239520693396,0.00840708280355307,0.00840708280355307,0.00840708280355307
NW,05,2022-05-15,freie_wahler,FW-NW,0.00831968854288634,0.00699400895305905,0.00699400895305905,
NW,05,2022-05-15,volt,Volt,0.00357692272972384,0.0063212632284155,0.0063212632284155,0.0063212632284155
NW,05,2022-05-15,piraten,Piraten,0.00255342274831698,0.00269322165306553,0.00269322165306553,0.00269322165306553
NW,05,2022-05-15,team_todenhofer,Todenhöfer,0.001384253772974,0.00207070798232111,0.00207070798232111,0.00207070798232111
NW,05,2022-05-15,familie,Familie,0.00232326587283938,0.0020546169344147,0.0020546169344147,
NW,05,2022-05-15,odp,ÖDP,0.00124273005114733,0.00135220771276108,0.00135220771276108,0.00135220771276108
NW,05,2022-05-15,europaeische_partei_liebe,Liebe,0.00119167956452329,0.0011522589522545,0.0011522589522545,
NW,05,2022-05-15,pdh,Die Humanisten,8.660600324179279e-4,0.00114890082051751,0.00114890082051751,
NW,05,2022-05-15,verjuengungsforschung,Gesundheitsforschung,0.00100950548293286,9.56088089952036e-4,9.56088089952036e-4,
NW,05,2022-05-15,lobbyisten_fuer_kinder,LfK,8.561759831263787e-4,8.90464598925034e-4,8.90464598925034e-4,
NW,05,2022-05-15,pdf,PdF,7.74190868970821e-4,8.610809462263764e-4,8.610809462263764e-4,
NW,05,2022-05-15,volksabstimmung,AbJetzt,8.93800859699376e-4,7.844036048984508e-4,7.844036048984508e-4,
NW,05,2022-05-15,die_urbane_eine_hiphop_partei,Urbane,4.6903083995681265e-4,7.277351318367539e-4,7.277351318367539e-4,
NW,05,2022-05-15,big,BIG,4.525223887631378e-4,5.907513413987263e-4,5.907513413987263e-4,
NW,05,2022-05-15,zentrum,Zentrum,6.041143394242594e-4,5.823560120562526e-4,5.823560120562526e-4,
NW,05,2022-05-15,dsp,Sport,5.733105478637366e-4,5.37161155762603e-4,5.37161155762603e-4,
NW,05,2022-05-15,mlpd,MLPD,3.244028766593805e-4,4.692989102442747e-4,4.692989102442747e-4,
NW,05,2022-05-15,dkp,DKP,3.468061654641401e-4,4.266226527533672e-4,4.266226527533672e-4,
NW,05,2022-05-15,violetten,Violetten,4.345925188960875e-4,4.1836724556660145e-4,4.1836724556660145e-4,
NW,05,2022-05-15,neo,neo,3.695586247355133e-4,3.067093653117025e-4,3.067093653117025e-4,
NW,05,2022-05-15,other,,0,0,0,
RP,07,1979-03-18,afd,AfD,,,,
RP,07,1979-03-18,agfg,,,,,
RP,07,1979-03-18,alfa,,,,,
RP,07,1979-03-18,asg,,,,,
RP,07,1979-03-18,aufbruch,,,,,
RP,07,1979-03-18,basisdemokratie,,,,,
RP,07,1979-03-18,buergerliste_wackernh,,,,,
RP,07,1979-03-18,bueso,BÜSO,,,,
RP,07,1979-03-18,cdu,CDU,,,,
RP,07,1979-03-18,cm,,,,,
RP,07,1979-03-18,da,,,,,
RP,07,1979-03-18,ddp,,,,,
RP,07,1979-03-18,die_einheit,,,,,
RP,07,1979-03-18,die_partei,DiePartei,,,,
RP,07,1979-03-18,dkp,DKP,,,,
RP,07,1979-03-18,dsp,,,,,
RP,07,1979-03-18,eap,,,,,
RP,07,1979-03-18,fal,,,,,
RP,07,1979-03-18,fdp,FDP,,,,
RP,07,1979-03-18,freie_wahler,,,,,
RP,07,1979-03-18,gpd,,,,,
RP,07,1979-03-18,graue,Graue,,,,
RP,07,1979-03-18,gruene,Grüne,,,,
RP,07,1979-03-18,iii_weg,,,,,
RP,07,1979-03-18,kbw,KBW,,,,
RP,07,1979-03-18,klimaliste_rlp_e_v,,,,,
RP,07,1979-03-18,linke_pds,Linke,,,,
RP,07,1979-03-18,naturgesetz,Naturgesetz,,,,
RP,07,1979-03-18,npd,NPD,,,,
RP,07,1979-03-18,odp,ÖDP,,,,
RP,07,1979-03-18,patrioten,,,,,
RP,07,1979-03-18,pbc,BündnisC,,,,
RP,07,1979-03-18,piraten,Piraten,,,,
RP,07,1979-03-18,rep,Rep,,,,
RP,07,1979-03-18,spd,SPD,,,,
RP,07,1979-03-18,statt_partei,,,,,
RP,07,1979-03-18,tierschutz,Die Tierschutzpartei,,,,
RP,07,1979-03-18,volt,Volt,,,,
RP,07,1979-03-18,wasg,,,,,
RP,07,1979-03-18,other,,,,,
RP,07,1983-03-06,afd,AfD,,,,
RP,07,1983-03-06,agfg,,,,,
RP,07,1983-03-06,alfa,,,,,
RP,07,1983-03-06,asg,ASG,,,,
RP,07,1983-03-06,aufbruch,,,,,
RP,07,1983-03-06,basisdemokratie,,,,,
RP,07,1983-03-06,buergerliste_wackernh,,,,,
RP,07,1983-03-06,bueso,BÜSO,,,,
RP,07,1983-03-06,cdu,CDU,,,,
RP,07,1983-03-06,cm,,,,,
RP,07,1983-03-06,da,,,,,
RP,07,1983-03-06,ddp,,,,,
RP,07,1983-03-06,die_einheit,,,,,
RP,07,1983-03-06,die_partei,DiePartei,,,,
RP,07,1983-03-06,dkp,DKP,,,,
RP,07,1983-03-06,dsp,,,,,
RP,07,1983-03-06,eap,,,,,
RP,07,1983-03-06,fal,,,,,
RP,07,1983-03-06,fdp,FDP,,,,
RP,07,1983-03-06,freie_wahler,,,,,
RP,07,1983-03-06,gpd,,,,,
RP,07,1983-03-06,graue,Graue,,,,
RP,07,1983-03-06,gruene,Grüne,,,,
RP,07,1983-03-06,iii_weg,,,,,
RP,07,1983-03-06,kbw,,,,,
RP,07,1983-03-06,klimaliste_rlp_e_v,,,,,
RP,07,1983-03-06,linke_pds,Linke,,,,
RP,07,1983-03-06,naturgesetz,Naturgesetz,,,,
RP,07,1983-03-06,npd,NPD,,,,
RP,07,1983-03-06,odp,ÖDP,,,,
RP,07,1983-03-06,patrioten,,,,,
RP,07,1983-03-06,pbc,BündnisC,,,,
RP,07,1983-03-06,piraten,Piraten,,,,
RP,07,1983-03-06,rep,Rep,,,,
RP,07,1983-03-06,spd,SPD,,,,
RP,07,1983-03-06,statt_partei,,,,,
RP,07,1983-03-06,tierschutz,Die Tierschutzpartei,,,,
RP,07,1983-03-06,volt,Volt,,,,
RP,07,1983-03-06,wasg,,,,,
RP,07,1983-03-06,other,,,,,
RP,07,1987-05-17,afd,AfD,,,,
RP,07,1987-05-17,agfg,,,,,
RP,07,1987-05-17,alfa,,,,,
RP,07,1987-05-17,asg,,,,,
RP,07,1987-05-17,aufbruch,,,,,
RP,07,1987-05-17,basisdemokratie,,,,,
RP,07,1987-05-17,buergerliste_wackernh,,,,,
RP,07,1987-05-17,bueso,BÜSO,,,,
RP,07,1987-05-17,cdu,CDU,,,,
RP,07,1987-05-17,cm,,,,,
RP,07,1987-05-17,da,,,,,
RP,07,1987-05-17,ddp,,,,,
RP,07,1987-05-17,die_einheit,,,,,
RP,07,1987-05-17,die_partei,DiePartei,,,,
RP,07,1987-05-17,dkp,DKP,,,,
RP,07,1987-05-17,dsp,,,,,
RP,07,1987-05-17,eap,,,,,
RP,07,1987-05-17,fal,,,,,
RP,07,1987-05-17,fdp,FDP,,,,
RP,07,1987-05-17,freie_wahler,FW-RP,,,,
RP,07,1987-05-17,gpd,,,,,
RP,07,1987-05-17,graue,Graue,,,,
RP,07,1987-05-17,gruene,Grüne,,,,
RP,07,1987-05-17,iii_weg,,,,,
RP,07,1987-05-17,kbw,,,,,
RP,07,1987-05-17,klimaliste_rlp_e_v,,,,,
RP,07,1987-05-17,linke_pds,Linke,,,,
RP,07,1987-05-17,naturgesetz,Naturgesetz,,,,
RP,07,1987-05-17,npd,NPD,,,,
RP,07,1987-05-17,odp,ÖDP,,,,
RP,07,1987-05-17,patrioten,,,,,
RP,07,1987-05-17,pbc,BündnisC,,,,
RP,07,1987-05-17,piraten,Piraten,,,,
RP,07,1987-05-17,rep,Rep,,,,
RP,07,1987-05-17,spd,SPD,,,,
RP,07,1987-05-17,statt_partei,,,,,
RP,07,1987-05-17,tierschutz,Die Tierschutzpartei,,,,
RP,07,1987-05-17,volt,Volt,,,,
RP,07,1987-05-17,wasg,,,,,
RP,07,1987-05-17,other,,,,,
RP,07,1991-04-21,afd,AfD,,,,
RP,07,1991-04-21,agfg,,,,,
RP,07,1991-04-21,alfa,,,,,
RP,07,1991-04-21,asg,,,,,
RP,07,1991-04-21,aufbruch,,,,,
RP,07,1991-04-21,basisdemokratie,,,,,
RP,07,1991-04-21,buergerliste_wackernh,,,,,
RP,07,1991-04-21,bueso,BÜSO,,,,
RP,07,1991-04-21,cdu,CDU,,,,
RP,07,1991-04-21,cm,,,,,
RP,07,1991-04-21,da,DLVH,,,,
RP,07,1991-04-21,ddp,,,,,
RP,07,1991-04-21,die_einheit,,,,,
RP,07,1991-04-21,die_partei,DiePartei,,,,
RP,07,1991-04-21,dkp,,,,,
RP,07,1991-04-21,dsp,,,,,
RP,07,1991-04-21,eap,,,,,
RP,07,1991-04-21,fal,,,,,
RP,07,1991-04-21,fdp,FDP,,,,
RP,07,1991-04-21,freie_wahler,,,,,
RP,07,1991-04-21,gpd,,,,,
RP,07,1991-04-21,graue,Graue,,,,
RP,07,1991-04-21,gruene,Grüne,,,,
RP,07,1991-04-21,iii_weg,,,,,
RP,07,1991-04-21,kbw,,,,,
RP,07,1991-04-21,klimaliste_rlp_e_v,,,,,
RP,07,1991-04-21,linke_pds,Linke,,,,
RP,07,1991-04-21,naturgesetz,Naturgesetz,,,,
RP,07,1991-04-21,npd,NPD,,,,
RP,07,1991-04-21,odp,ÖDP,,,,
RP,07,1991-04-21,patrioten,,,,,
RP,07,1991-04-21,pbc,BündnisC,,,,
RP,07,1991-04-21,piraten,Piraten,,,,
RP,07,1991-04-21,rep,Rep,,,,
RP,07,1991-04-21,spd,SPD,,,,
RP,07,1991-04-21,statt_partei,,,,,
RP,07,1991-04-21,tierschutz,Die Tierschutzpartei,,,,
RP,07,1991-04-21,volt,Volt,,,,
RP,07,1991-04-21,wasg,,,,,
RP,07,1991-04-21,other,,,,,
RP,07,1996-03-24,afd,AfD,,,,
RP,07,1996-03-24,agfg,,,,,
RP,07,1996-03-24,alfa,,,,,
RP,07,1996-03-24,asg,,,,,
RP,07,1996-03-24,aufbruch,,,,,
RP,07,1996-03-24,basisdemokratie,,,,,
RP,07,1996-03-24,buergerliste_wackernh,,,,,
RP,07,1996-03-24,bueso,BÜSO,,,,
RP,07,1996-03-24,cdu,CDU,,,,
RP,07,1996-03-24,cm,,,,,
RP,07,1996-03-24,da,,,,,
RP,07,1996-03-24,ddp,,,,,
RP,07,1996-03-24,die_einheit,,,,,
RP,07,1996-03-24,die_partei,DiePartei,,,,
RP,07,1996-03-24,dkp,,,,,
RP,07,1996-03-24,dsp,,,,,
RP,07,1996-03-24,eap,,,,,
RP,07,1996-03-24,fal,,,,,
RP,07,1996-03-24,fdp,FDP,,,,
RP,07,1996-03-24,freie_wahler,,,,,
RP,07,1996-03-24,gpd,,,,,
RP,07,1996-03-24,graue,Graue,,,,
RP,07,1996-03-24,gruene,Grüne,,,,
RP,07,1996-03-24,iii_weg,,,,,
RP,07,1996-03-24,kbw,,,,,
RP,07,1996-03-24,klimaliste_rlp_e_v,,,,,
RP,07,1996-03-24,linke_pds,Linke,,,,
RP,07,1996-03-24,naturgesetz,Naturgesetz,,,,
RP,07,1996-03-24,npd,NPD,,,,
RP,07,1996-03-24,odp,ÖDP,,,,
RP,07,1996-03-24,patrioten,,,,,
RP,07,1996-03-24,pbc,BündnisC,,,,
RP,07,1996-03-24,piraten,Piraten,,,,
RP,07,1996-03-24,rep,Rep,,,,
RP,07,1996-03-24,spd,SPD,,,,
RP,07,1996-03-24,statt_partei,STATT,,,,
RP,07,1996-03-24,tierschutz,Die Tierschutzpartei,,,,
RP,07,1996-03-24,volt,Volt,,,,
RP,07,1996-03-24,wasg,,,,,
RP,07,1996-03-24,other,,,,,
RP,07,2001-03-25,afd,AfD,,,,
RP,07,2001-03-25,agfg,,,,,
RP,07,2001-03-25,alfa,,,,,
RP,07,2001-03-25,asg,,,,,
RP,07,2001-03-25,aufbruch,,,,,
RP,07,2001-03-25,basisdemokratie,,,,,
RP,07,2001-03-25,buergerliste_wackernh,,,,,
RP,07,2001-03-25,bueso,BÜSO,,,,
RP,07,2001-03-25,cdu,CDU,,,,
RP,07,2001-03-25,cm,,,,,
RP,07,2001-03-25,da,,,,,
RP,07,2001-03-25,ddp,,,,,
RP,07,2001-03-25,die_einheit,,,,,
RP,07,2001-03-25,die_partei,DiePartei,,,,
RP,07,2001-03-25,dkp,,,,,
RP,07,2001-03-25,dsp,,,,,
RP,07,2001-03-25,eap,,,,,
RP,07,2001-03-25,fal,,,,,
RP,07,2001-03-25,fdp,FDP,,,,
RP,07,2001-03-25,freie_wahler,FW-RP,,,,
RP,07,2001-03-25,gpd,,,,,
RP,07,2001-03-25,graue,Graue,,,,
RP,07,2001-03-25,gruene,Grüne,,,,
RP,07,2001-03-25,iii_weg,,,,,
RP,07,2001-03-25,kbw,,,,,
RP,07,2001-03-25,klimaliste_rlp_e_v,,,,,
RP,07,2001-03-25,linke_pds,Linke,,,,
RP,07,2001-03-25,naturgesetz,Naturgesetz,,,,
RP,07,2001-03-25,npd,NPD,,,,
RP,07,2001-03-25,odp,ÖDP,,,,
RP,07,2001-03-25,patrioten,,,,,
RP,07,2001-03-25,pbc,BündnisC,,,,
RP,07,2001-03-25,piraten,Piraten,,,,
RP,07,2001-03-25,rep,Rep,,,,
RP,07,2001-03-25,spd,SPD,,,,
RP,07,2001-03-25,statt_partei,,,,,
RP,07,2001-03-25,tierschutz,Die Tierschutzpartei,,,,
RP,07,2001-03-25,volt,Volt,,,,
RP,07,2001-03-25,wasg,,,,,
RP,07,2001-03-25,other,,,,,
RP,07,2006-03-26,afd,AfD,,,,
RP,07,2006-03-26,agfg,AGFG,,,,
RP,07,2006-03-26,alfa,,,,,
RP,07,2006-03-26,asg,,,,,
RP,07,2006-03-26,aufbruch,Aufbruch,,,,
RP,07,2006-03-26,basisdemokratie,,,,,
RP,07,2006-03-26,buergerliste_wackernh,,,,,
RP,07,2006-03-26,bueso,BÜSO,,,,
RP,07,2006-03-26,cdu,CDU,,,,
RP,07,2006-03-26,cm,,,,,
RP,07,2006-03-26,da,,,,,
RP,07,2006-03-26,ddp,,,,,
RP,07,2006-03-26,die_einheit,,,,,
RP,07,2006-03-26,die_partei,DiePartei,,,,
RP,07,2006-03-26,dkp,,,,,
RP,07,2006-03-26,dsp,,,,,
RP,07,2006-03-26,eap,,,,,
RP,07,2006-03-26,fal,,,,,
RP,07,2006-03-26,fdp,FDP,,,,
RP,07,2006-03-26,freie_wahler,FW-RP,,,,
RP,07,2006-03-26,gpd,,,,,
RP,07,2006-03-26,graue,Graue,,,,
RP,07,2006-03-26,gruene,Grüne,,,,
RP,07,2006-03-26,iii_weg,,,,,
RP,07,2006-03-26,kbw,,,,,
RP,07,2006-03-26,klimaliste_rlp_e_v,,,,,
RP,07,2006-03-26,linke_pds,Linke,,,,
RP,07,2006-03-26,naturgesetz,Naturgesetz,,,,
RP,07,2006-03-26,npd,NPD,,,,
RP,07,2006-03-26,odp,ÖDP,,,,
RP,07,2006-03-26,patrioten,,,,,
RP,07,2006-03-26,pbc,BündnisC,,,,
RP,07,2006-03-26,piraten,Piraten,,,,
RP,07,2006-03-26,rep,Rep,,,,
RP,07,2006-03-26,spd,SPD,,,,
RP,07,2006-03-26,statt_partei,,,,,
RP,07,2006-03-26,tierschutz,Die Tierschutzpartei,,,,
RP,07,2006-03-26,volt,Volt,,,,
RP,07,2006-03-26,wasg,,,,,
RP,07,2006-03-26,other,,,,,
RP,07,2011-03-27,afd,AfD,,,,
RP,07,2011-03-27,agfg,,,,,
RP,07,2011-03-27,alfa,,,,,
RP,07,2011-03-27,asg,,,,,
RP,07,2011-03-27,aufbruch,,,,,
RP,07,2011-03-27,basisdemokratie,,,,,
RP,07,2011-03-27,buergerliste_wackernh,,,,,
RP,07,2011-03-27,bueso,BÜSO,,,,
RP,07,2011-03-27,cdu,CDU,,,,
RP,07,2011-03-27,cm,,,,,
RP,07,2011-03-27,da,,,,,
RP,07,2011-03-27,ddp,DDP (2004),,,,
RP,07,2011-03-27,die_einheit,,,,,
RP,07,2011-03-27,die_partei,DiePartei,,,,
RP,07,2011-03-27,dkp,,,,,
RP,07,2011-03-27,dsp,,,,,
RP,07,2011-03-27,eap,,,,,
RP,07,2011-03-27,fal,,,,,
RP,07,2011-03-27,fdp,FDP,,,,
RP,07,2011-03-27,freie_wahler,FW-RP,,,,
RP,07,2011-03-27,gpd,,,,,
RP,07,2011-03-27,graue,Graue,,,,
RP,07,2011-03-27,gruene,Grüne,,,,
RP,07,2011-03-27,iii_weg,,,,,
RP,07,2011-03-27,kbw,,,,,
RP,07,2011-03-27,klimaliste_rlp_e_v,,,,,
RP,07,2011-03-27,linke_pds,Linke,,,,
RP,07,2011-03-27,naturgesetz,Naturgesetz,,,,
RP,07,2011-03-27,npd,NPD,,,,
RP,07,2011-03-27,odp,ÖDP,,,,
RP,07,2011-03-27,patrioten,,,,,
RP,07,2011-03-27,pbc,BündnisC,,,,
RP,07,2011-03-27,piraten,Piraten,,,,
RP,07,2011-03-27,rep,Rep,,,,
RP,07,2011-03-27,spd,SPD,,,,
RP,07,2011-03-27,statt_partei,,,,,
RP,07,2011-03-27,tierschutz,Die Tierschutzpartei,,,,
RP,07,2011-03-27,volt,Volt,,,,
RP,07,2011-03-27,wasg,,,,,
RP,07,2011-03-27,other,,,,,
RP,07,2016-03-13,afd,AfD,,,,
RP,07,2016-03-13,agfg,,,,,
RP,07,2016-03-13,alfa,LKR,,,,
RP,07,2016-03-13,asg,,,,,
RP,07,2016-03-13,aufbruch,,,,,
RP,07,2016-03-13,basisdemokratie,,,,,
RP,07,2016-03-13,buergerliste_wackernh,,,,,
RP,07,2016-03-13,bueso,BÜSO,,,,
RP,07,2016-03-13,cdu,CDU,,,,
RP,07,2016-03-13,cm,,,,,
RP,07,2016-03-13,da,,,,,
RP,07,2016-03-13,ddp,,,,,
RP,07,2016-03-13,die_einheit,Einheit,,,,
RP,07,2016-03-13,die_partei,DiePartei,,,,
RP,07,2016-03-13,dkp,,,,,
RP,07,2016-03-13,dsp,,,,,
RP,07,2016-03-13,eap,,,,,
RP,07,2016-03-13,fal,,,,,
RP,07,2016-03-13,fdp,FDP,,,,
RP,07,2016-03-13,freie_wahler,FW-RP,,,,
RP,07,2016-03-13,gpd,,,,,
RP,07,2016-03-13,graue,Graue,,,,
RP,07,2016-03-13,gruene,Grüne,,,,
RP,07,2016-03-13,iii_weg,DritterWeg,,,,
RP,07,2016-03-13,kbw,,,,,
RP,07,2016-03-13,klimaliste_rlp_e_v,,,,,
RP,07,2016-03-13,linke_pds,Linke,,,,
RP,07,2016-03-13,naturgesetz,Naturgesetz,,,,
RP,07,2016-03-13,npd,NPD,,,,
RP,07,2016-03-13,odp,ÖDP,,,,
RP,07,2016-03-13,patrioten,,,,,
RP,07,2016-03-13,pbc,BündnisC,,,,
RP,07,2016-03-13,piraten,Piraten,,,,
RP,07,2016-03-13,rep,Rep,,,,
RP,07,2016-03-13,spd,SPD,,,,
RP,07,2016-03-13,statt_partei,,,,,
RP,07,2016-03-13,tierschutz,Die Tierschutzpartei,,,,
RP,07,2016-03-13,volt,Volt,,,,
RP,07,2016-03-13,wasg,,,,,
RP,07,2016-03-13,other,,,,,
RP,07,2021-03-14,spd,SPD,0.3574371676328067,0.35710863573381074,0.35710863573381074,0.35710863573381074
RP,07,2021-03-14,cdu,CDU,0.2883631089589807,0.2766674298496185,0.2766674298496185,0.2766674298496185
RP,07,2021-03-14,gruene,Grüne,0.06948960835929725,0.09295671719006718,0.09295671719006718,0.09295671719006718
RP,07,2021-03-14,afd,AfD,0.080864392281007,0.08284394011201734,0.08284394011201734,0.08284394011201734
RP,07,2021-03-14,fdp,FDP,0.05617964146130636,0.05520190151425489,0.05520190151425489,0.05520190151425489
RP,07,2021-03-14,freie_wahler,FW-RP,0.0755762958722597,0.05355321960701419,0.05355321960701419,
RP,07,2021-03-14,linke_pds,Linke,0.02241260696138784,0.02491421944214599,0.02491421944214599,0.02491421944214599
RP,07,2021-03-14,tierschutz,Die Tierschutzpartei,0.01723899865357815,0.01681087034383028,0.01681087034383028,
RP,07,2021-03-14,die_partei,DiePartei,0.01009339390864144,0.01060479750930161,0.01060479750930161,0.01060479750930161
RP,07,2021-03-14,volt,Volt,0.00712998475341079,0.00996754835832111,0.00996754835832111,0.00996754835832111
RP,07,2021-03-14,klimaliste,Klimaliste,0.00407226844694842,0.00707072638650789,0.00707072638650789,
RP,07,2021-03-14,odp,ÖDP,0.0065180986583833,0.00692859863588369,0.00692859863588369,0.00692859863588369
RP,07,2021-03-14,piraten,Piraten,0.0046244340519923,0.00537139531722655,0.00537139531722655,0.00537139531722655
RP,07,2021-03-14,basisdemokratie,,0,0,0,
RP,07,2021-03-14,dr_moritz,,0,0,0,
RP,07,2021-03-14,siggi_waehlen,,0,0,0,
RP,07,2021-03-14,other,,0,0,0,
SH,01,1983-03-13,cdu,CDU,0.5879979539608874,0.5009233352206909,0.4385843102266632,0.4899673498260422
SH,01,1983-03-13,spd,SPD,0.3447072086786504,0.4327642648401035,0.3789075158617323,0.43707924103383394
SH,01,1983-03-13,gruene,Grüne,0.02791144186374428,0.02744569647037885,0.02403012798325365,0.03570466149204317
SH,01,1983-03-13,fdp,FDP,0.02118472403502142,0.02084335745948546,0.01824943840986909,0.02155344571216838
SH,01,1983-03-13,ssw,SSW,0.00982099948867898,0.01383388470948999,0.01211228217266776,
SH,01,1983-03-13,other,,0.00376530827840925,0.00164585979637013,0.00144103544947205,
SH,01,1983-03-13,dgl,GD,8.252777317427145e-4,0.00104264036860959,9.128856148808628e-4,
SH,01,1983-03-13,dkp,DKP,0.00252071781716011,7.969426382423792e-4,6.97764533428575e-4,
SH,01,1983-03-13,fp,DieFrauen,0.00124724992646453,5.937695150541047e-4,5.198759468430292e-4,
SH,01,1983-03-13,einzelbewerber,,2.393435346123237e-5,1.0394903977074512e-4,9.101276522981411e-5,
SH,01,1983-03-13,fsu,Humanwirtschaft,6.48034403109606e-8,6.299941804287583e-6,5.515925165443281e-6,
SH,01,1996-03-24,spd,SPD,0.3589008884312946,0.39794672482570925,0.39794672482570925,0.39794672482570925
SH,01,1996-03-24,cdu,CDU,0.4189431174776065,0.37221986994104206,0.37221986994104206,0.37221986994104206
SH,01,1996-03-24,gruene,Grüne,0.07390216298625779,0.08117966457358024,0.08117966457358024,0.08117966457358024
SH,01,1996-03-24,fdp,FDP,0.0596213465500607,0.05740475924180208,0.05740475924180208,0.05740475924180208
SH,01,1996-03-24,dvu,DVU,0.03835993971326903,0.04283038011088565,0.04283038011088565,
SH,01,1996-03-24,ssw,SSW,0.02729291093502197,0.02548785424023093,0.02548785424023093,
SH,01,1996-03-24,other,,0.02297963390648945,0.02293074706674975,0.02293074706674975,
SH,01,2000-02-27,spd,SPD,0.3869763186973369,0.43079688763578344,0.43079688763578344,0.43079688763578344
SH,01,2000-02-27,cdu,CDU,0.4075736066442313,0.3520404399711494,0.3520404399711494,0.3520404399711494
SH,01,2000-02-27,fdp,FDP,0.07856415816987976,0.07625797761895395,0.07625797761895395,0.07625797761895395
SH,01,2000-02-27,other,,0.06097205933855398,0.06477922212751076,0.06477922212751076,
SH,01,2000-02-27,gruene,Grüne,0.05529224931747793,0.06242008720739624,0.06242008720739624,0.06242008720739624
SH,01,2000-02-27,linke_pds,Linke,0.01062160783252008,0.01370538543920617,0.01370538543920617,0.01370538543920617
SH,01,2005-02-20,cdu,CDU,0.47108542862367647,0.4015144915162688,0.4015144915162688,0.4015144915162688
SH,01,2005-02-20,spd,SPD,0.33254888052167486,0.3867278131871578,0.3867278131871578,0.3867278131871578
SH,01,2005-02-20,other,,0.07166382428435421,0.0753530967622778,0.0753530967622778,
SH,01,2005-02-20,fdp,FDP,0.06475720324790793,0.06616578559455814,0.06616578559455814,0.06616578559455814
SH,01,2005-02-20,gruene,Grüne,0.05458471617488508,0.06229905806015452,0.06229905806015452,0.06229905806015452
SH,01,2005-02-20,linke_pds,Linke,0.00535994714750151,0.00793975487958294,0.00793975487958294,0.00793975487958294
SH,01,2009-09-27,cdu,CDU,0.36815282768992486,0.3153362280046351,0.3153362280046351,0.3153362280046351
SH,01,2009-09-27,spd,SPD,0.21716055957248023,0.254235670815751,0.254235670815751,0.254235670815751
SH,01,2009-09-27,fdp,FDP,0.15526731789985562,0.14926849469192455,0.14926849469192455,0.14926849469192455
SH,01,2009-09-27,gruene,Grüne,0.11135897736360847,0.12433968689152966,0.12433968689152966,0.12433968689152966
SH,01,2009-09-27,other,,0.0978411163847838,0.09709455995549474,0.09709455995549474,
SH,01,2009-09-27,linke_pds,Linke,0.05021920108934695,0.05972535964066493,0.05972535964066493,0.05972535964066493
SH,01,2012-05-06,cdu,CDU,0.3708504325017199,0.3076038878333579,0.3076038878333579,0.3076038878333579
SH,01,2012-05-06,spd,SPD,0.2548391688784074,0.30414949128760393,0.30414949128760393,0.30414949128760393
SH,01,2012-05-06,gruene,Grüne,0.12091004067541998,0.13169689232279377,0.13169689232279377,0.13169689232279377
SH,01,2012-05-06,fdp,FDP,0.0811571951692277,0.08201500694040884,0.08201500694040884,0.08201500694040884
SH,01,2012-05-06,piraten,Piraten,0.0823968985795768,0.08197661639261336,0.08197661639261336,0.08197661639261336
SH,01,2012-05-06,ssw,SSW,0.04695207357206955,0.04593692508272787,0.04593692508272787,
SH,01,2012-05-06,linke_pds,Linke,0.01785433689822071,0.02250739958989862,0.02250739958989862,0.02250739958989862
SH,01,2012-05-06,familie,Familie,0.01005983855991199,0.00960365899558282,0.00960365899558282,
SH,01,2012-05-06,npd,NPD,0.00696675692605078,0.00740109541029709,0.00740109541029709,0.00740109541029709
SH,01,2012-05-06,freie_wahler,FW-SH,0.00700113267914573,0.00588880892949086,0.00588880892949086,
SH,01,2012-05-06,mud,MUD,0.00101212556024943,0.00122021721522493,0.00122021721522493,
SH,01,2012-05-06,other,,0,0,0,
SH,01,2017-05-07,cdu,CDU,0.3717327179208589,0.31974055074641844,0.31974055074641844,0.31974055074641844
SH,01,2017-05-07,spd,SPD,0.24070288161541256,0.27250174295426,0.27250174295426,0.27250174295426
SH,01,2017-05-07,gruene,Grüne,0.1201301853793616,0.1289792934321143,0.1289792934321143,0.1289792934321143
SH,01,2017-05-07,fdp,FDP,0.11374289602351072,0.11463959503780244,0.11463959503780244,0.11463959503780244
SH,01,2017-05-07,afd,AfD,0.05441779647441674,0.05880673417845139,0.05880673417845139,0.05880673417845139
SH,01,2017-05-07,linke_pds,Linke,0.02862903520824113,0.03799097732938716,0.03799097732938716,0.03799097732938716
SH,01,2017-05-07,ssw,SSW,0.03550778360917214,0.03320972147997841,0.03320972147997841,
SH,01,2017-05-07,piraten,Piraten,0.01234701440022612,0.01159098492514113,0.01159098492514113,0.01159098492514113
SH,01,2017-05-07,familie,Familie,0.006637613751658,0.00628141725918068,0.00628141725918068,
SH,01,2017-05-07,freie_wahler,FW-SH,0.00595580148584265,0.00567579151825558,0.00567579151825558,
SH,01,2017-05-07,die_partei,DiePartei,0.00455538719470464,0.00557406267039582,0.00557406267039582,0.00557406267039582
SH,01,2017-05-07,z_sh,ZSH,0.00396036528853079,0.00293860731850895,0.00293860731850895,
SH,01,2017-05-07,lkr,LKR,0.00168052164806399,0.00207052115010566,0.00207052115010566,
SH,01,2017-05-07,other,,5.159767919186171e-17,4.62958607083259e-17,4.62958607083259e-17,
SH,01,2022-05-08,cdu,CDU,0.4746347998765258,0.4338798239582297,0.4338798239582297,0.4338798239582297
SH,01,2022-05-08,gruene,Grüne,0.1517059885677532,0.18319040390717012,0.18319040390717012,0.18319040390717012
SH,01,2022-05-08,spd,SPD,0.14232114880089825,0.1596484930784101,0.1596484930784101,0.1596484930784101
SH,01,2022-05-08,fdp,FDP,0.06903291675874232,0.06385550505334446,0.06385550505334446,0.06385550505334446
SH,01,2022-05-08,ssw,SSW,0.06210179413390475,0.05715807576484902,0.05715807576484902,
SH,01,2022-05-08,afd,AfD,0.04526912329541214,0.04406882523976537,0.04406882523976537,0.04406882523976537
SH,01,2022-05-08,linke_pds,Linke,0.01255707786916978,0.01661671704874881,0.01661671704874881,0.01661671704874881
SH,01,2022-05-08,diebasis,dieBasis,0.01221266114238772,0.01109991509285727,0.01109991509285727,0.01109991509285727
SH,01,2022-05-08,die_partei,DiePartei,0.00668964878023965,0.00741820299582383,0.00741820299582383,0.00741820299582383
SH,01,2022-05-08,tierschutz,Die Tierschutzpartei,0.00756743285236959,0.00737135270484749,0.00737135270484749,
SH,01,2022-05-08,freie_wahler,FW-SH,0.00673059794620848,0.00590313666301955,0.00590313666301955,
SH,01,2022-05-08,piraten,Piraten,0.00364942485888679,0.00342583743093185,0.00342583743093185,0.00342583743093185
SH,01,2022-05-08,volt,Volt,0.00218580008424797,0.00303806117638918,0.00303806117638918,0.00303806117638918
SH,01,2022-05-08,z,ZSH,0.00145072994710074,0.00121954911279964,0.00121954911279964,
SH,01,2022-05-08,die_humanisten,Die Humanisten,9.281759694708994e-4,0.00115540025284741,0.00115540025284741,
SH,01,2022-05-08,gesundheitsforschung,Gesundheitsforschung,9.626791166819206e-4,9.507005199661525e-4,9.507005199661525e-4,9.507005199661525e-4
SH,01,2022-05-08,other,,6.97647282961429e-17,6.10100200189573e-17,6.10100200189573e-17,
SL,10,1970-06-14,cdu,CDU,0.5085638810392086,0.4745027580050811,0.4745027580050811,0.4784990907015498
SL,10,1970-06-14,spd,SPD,0.3819364945578192,0.409345501034865,0.409345501034865,0.4076576751467224
SL,10,1970-06-14,fdp,FDP,0.041630654507976,0.04526103774232679,0.04526103774232679,0.04374416643500652
SL,10,1970-06-14,npd,NPD,0.02978384584057421,0.03151024892344615,0.03151024892344615,0.03419769747927871
SL,10,1970-06-14,dkp,DKP,0.02552175551205294,0.0270667054672914,0.0270667054672914,
SL,10,1970-06-14,sonst,,0.00953943275435406,0.00866965082707455,0.00866965082707455,
SL,10,1970-06-14,other,,0.00302393578801494,0.00364409799991498,0.00364409799991498,
SL,10,1975-05-04,cdu,CDU,0.5140651016575019,0.49406936726061385,0.49406936726061385,0.4914688815951563
SL,10,1975-05-04,spd,SPD,0.4045699924325892,0.415835183595189,0.415835183595189,0.41828108937780184
SL,10,1975-05-04,fdp,FDP,0.06585401394869854,0.07284322058800342,0.07284322058800342,0.07377116496138696
SL,10,1975-05-04,dkp,DKP,0.0074670070969339,0.00870925064036499,0.00870925064036499,
SL,10,1975-05-04,npd,NPD,0.00637058952567832,0.0072944990962504,0.0072944990962504,0.00675976087381307
SL,10,1975-05-04,other,,0.00156784231700238,9.188001416184932e-4,9.188001416184932e-4,
SL,10,1975-05-04,sonst,,1.0545302159586184e-4,3.296786779598337e-4,3.296786779598337e-4,
SL,10,1980-04-27,spd,SPD,0.43922111000559794,0.4540255777299585,0.4540255777299585,0.4540255777299585
SL,10,1980-04-27,cdu,CDU,0.46114183978187806,0.4398505926634952,0.4398505926634952,0.4398505926634952
SL,10,1980-04-27,fdp,FDP,0.06356128465712405,0.06905699213380449,0.06905699213380449,0.06905699213380449
SL,10,1980-04-27,gruene,Grüne,0.02837890845252438,0.02870837501529338,0.02870837501529338,0.02870837501529338
SL,10,1980-04-27,dkp,DKP,0.00451879823140816,0.00533001317029989,0.00533001317029989,
SL,10,1980-04-27,other,,0.00317805887146741,0.00302844928714852,0.00302844928714852,
SL,10,1980-04-27,afd,AfD,0,0,0,
SL,10,1980-04-27,familie,,0,0,0,
SL,10,1980-04-27,linke_pds,Linke,0,0,0,
SL,10,1980-04-27,npd,NPD,0,0,0,
SL,10,1980-04-27,piraten,Piraten,0,0,0,
SL,10,1980-04-27,rep,Rep,0,0,0,
SL,10,1985-03-10,spd,SPD,0.477404957259969,0.49169315974867395,0.49169315974867395,0.49169315974867395
SL,10,1985-03-10,cdu,CDU,0.3945741145732997,0.37306657246904174,0.37306657246904174,0.37306657246904174
SL,10,1985-03-10,fdp,FDP,0.09424187970087984,0.1003162146173718,0.1003162146173718,0.1003162146173718
SL,10,1985-03-10,gruene,Grüne,0.02452722041520633,0.02502762799315081,0.02502762799315081,0.02502762799315081
SL,10,1985-03-10,npd,NPD,0.00641653457427972,0.00660943877225312,0.00660943877225312,0.00660943877225312
SL,10,1985-03-10,dkp,DKP,0.00283529347636533,0.00328698639950858,0.00328698639950858,
SL,10,1985-03-10,afd,AfD,0,0,0,
SL,10,1985-03-10,familie,,0,0,0,
SL,10,1985-03-10,linke_pds,Linke,0,0,0,
SL,10,1985-03-10,piraten,Piraten,0,0,0,
SL,10,1985-03-10,rep,Rep,0,0,0,
SL,10,1985-03-10,other,,0,0,0,
SL,10,1990-01-28,spd,SPD,0.5374426425759975,0.5438718572657293,0.5438718572657293,0.5438718572657293
SL,10,1990-01-28,cdu,CDU,0.3506596096070711,0.33422081224490385,0.33422081224490385,0.33422081224490385
SL,10,1990-01-28,fdp,FDP,0.05020853053890437,0.0563505887471708,0.0563505887471708,0.0563505887471708
SL,10,1990-01-28,rep,Rep,0.0325243588232192,0.03351529532445566,0.03351529532445566,0.03351529532445566
SL,10,1990-01-28,gruene,Grüne,0.02405076093454516,0.02648029609523686,0.02648029609523686,0.02648029609523686
SL,10,1990-01-28,npd,NPD,0.00225358802351271,0.00234547998057919,0.00234547998057919,0.00234547998057919
SL,10,1990-01-28,familie,Familie,0.0019352987881624,0.00201123467622147,0.00201123467622147,
SL,10,1990-01-28,dkp,DKP,9.252107085875328e-4,0.00120443566570283,0.00120443566570283,
SL,10,1990-01-28,afd,AfD,0,0,0,
SL,10,1990-01-28,linke_pds,Linke,0,0,0,
SL,10,1990-01-28,piraten,Piraten,0,0,0,
SL,10,1990-01-28,other,,0,0,0,
SL,10,1994-10-16,spd,SPD,0.49257912084517486,0.49368685402392287,0.49368685402392287,0.49368685402392287
SL,10,1994-10-16,cdu,CDU,0.3978934343526605,0.38594675415166646,0.38594675415166646,0.38594675415166646
SL,10,1994-10-16,gruene,Grüne,0.04817376510219454,0.05528829404250377,0.05528829404250377,0.05528829404250377
SL,10,1994-10-16,other,,0.0247057399409265,0.0255312971780281,0.0255312971780281,
SL,10,1994-10-16,fdp,FDP,0.01855411343750192,0.02062187899198699,0.02062187899198699,0.02062187899198699
SL,10,1994-10-16,rep,Rep,0.0135523606759911,0.01409243990245035,0.01409243990245035,0.01409243990245035
SL,10,1994-10-16,familie,Familie,0.00454146564555063,0.00483248170944141,0.00483248170944141,
SL,10,1994-10-16,afd,AfD,0,0,0,
SL,10,1994-10-16,dkp,,0,0,0,
SL,10,1994-10-16,linke_pds,Linke,0,0,0,
SL,10,1994-10-16,npd,NPD,0,0,0,
SL,10,1994-10-16,piraten,Piraten,0,0,0,
SL,10,1999-09-05,cdu,CDU,0.4660098490113343,0.4554802570078786,0.4554802570078786,0.4554802570078786
SL,10,1999-09-05,spd,SPD,0.4436633601051837,0.4437369132140877,0.4437369132140877,0.4437369132140877
SL,10,1999-09-05,gruene,Grüne,0.02751024764014473,0.03248662837744488,0.03248662837744488,0.03248662837744488
SL,10,1999-09-05,fdp,FDP,0.0219854672525549,0.02558416182668654,0.02558416182668654,0.02558416182668654
SL,10,1999-09-05,rep,Rep,0.01250169764384123,0.01314823885728024,0.01314823885728024,0.01314823885728024
SL,10,1999-09-05,other,,0.01237910458735961,0.01141858516481051,0.01141858516481051,
SL,10,1999-09-05,familie,Familie,0.00928177473171379,0.01008904845721708,0.01008904845721708,
SL,10,1999-09-05,linke_pds,Linke,0.00666849902786781,0.00805616709459447,0.00805616709459447,0.00805616709459447
SL,10,1999-09-05,afd,AfD,0,0,0,
SL,10,1999-09-05,dkp,,0,0,0,
SL,10,1999-09-05,npd,NPD,0,0,0,
SL,10,1999-09-05,piraten,Piraten,0,0,0,
SL,10,2004-09-05,cdu,CDU,0.49047446852511983,0.4748113797132428,0.4748113797132428,0.4748113797132428
SL,10,2004-09-05,spd,SPD,0.30715487465560726,0.3084587027996413,0.3084587027996413,0.3084587027996413
SL,10,2004-09-05,gruene,Grüne,0.04908042557878495,0.05622379015823272,0.05622379015823272,0.05622379015823272
SL,10,2004-09-05,fdp,FDP,0.05030990976608147,0.05172226398688489,0.05172226398688489,0.05172226398688489
SL,10,2004-09-05,npd,NPD,0.03717082697070941,0.03982990208954142,0.03982990208954142,0.03982990208954142
SL,10,2004-09-05,familie,Familie,0.03029206118132839,0.02967656036302046,0.02967656036302046,
SL,10,2004-09-05,linke_pds,Linke,0.02080368020863614,0.02318693561096669,0.02318693561096669,0.02318693561096669
SL,10,2004-09-05,other,,0.01471375311373255,0.01609046527846966,0.01609046527846966,
SL,10,2004-09-05,afd,AfD,0,0,0,
SL,10,2004-09-05,dkp,,0,0,0,
SL,10,2004-09-05,piraten,Piraten,0,0,0,
SL,10,2004-09-05,rep,Rep,0,0,0,
SL,10,2009-08-30,cdu,CDU,0.358356883177905,0.3450624821192499,0.3450624821192499,0.3450624821192499
SL,10,2009-08-30,spd,SPD,0.24819350930062536,0.24540523155688276,0.24540523155688276,0.24540523155688276
SL,10,2009-08-30,linke_pds,Linke,0.20425948084538953,0.21253830921496727,0.21253830921496727,0.21253830921496727
SL,10,2009-08-30,fdp,FDP,0.08923655387842243,0.09174390839072312,0.09174390839072312,0.09174390839072312
SL,10,2009-08-30,gruene,Grüne,0.05328336602071096,0.05893121263741298,0.05893121263741298,0.05893121263741298
SL,10,2009-08-30,familie,Familie,0.02024797479642711,0.020026440136651,0.020026440136651,
SL,10,2009-08-30,npd,NPD,0.01460630622989157,0.01514417727980732,0.01514417727980732,0.01514417727980732
SL,10,2009-08-30,other,,0.01181592575062808,0.01114823866430563,0.01114823866430563,
SL,10,2009-08-30,afd,AfD,0,0,0,
SL,10,2009-08-30,dkp,,0,0,0,
SL,10,2009-08-30,piraten,Piraten,0,0,0,
SL,10,2009-08-30,rep,Rep,0,0,0,
SL,10,2012-03-25,cdu,CDU,0.3641728768154261,0.3524186879537248,0.3524186879537248,0.3524186879537248
SL,10,2012-03-25,spd,SPD,0.3077917713504641,0.30577983519428875,0.30577983519428875,0.30577983519428875
SL,10,2012-03-25,linke_pds,Linke,0.1565989581958029,0.16125694481959052,0.16125694481959052,0.16125694481959052
SL,10,2012-03-25,piraten,Piraten,0.0714889810212435,0.0740836162511895,0.0740836162511895,0.0740836162511895
SL,10,2012-03-25,gruene,Grüne,0.04501761587775041,0.05038915922492281,0.05038915922492281,0.05038915922492281
SL,10,2012-03-25,familie,Familie,0.01754595452913646,0.01744048336359896,0.01744048336359896,
SL,10,2012-03-25,other,,0.01440689546272999,0.01478514172210748,0.01478514172210748,
SL,10,2012-03-25,fdp,FDP,0.0112636104143442,0.01219836524037282,0.01219836524037282,0.01219836524037282
SL,10,2012-03-25,npd,NPD,0.01171333633310237,0.0116477662302044,0.0116477662302044,0.0116477662302044
SL,10,2012-03-25,afd,AfD,0,0,0,
SL,10,2012-03-25,dkp,,0,0,0,
SL,10,2012-03-25,rep,Rep,0,0,0,
SL,10,2017-03-26,cdu,CDU,0.4234467970532183,0.4070249520872714,0.4070249520872714,0.4070249520872714
SL,10,2017-03-26,spd,SPD,0.3005371820587589,0.29610721960047437,0.29610721960047437,0.29610721960047437
SL,10,2017-03-26,linke_pds,Linke,0.11969647222182891,0.12845294810812632,0.12845294810812632,0.12845294810812632
SL,10,2017-03-26,afd,AfD,0.06008970893361419,0.06176854639432128,0.06176854639432128,0.06176854639432128
SL,10,2017-03-26,gruene,Grüne,0.03413446093045633,0.04007621074481578,0.04007621074481578,0.04007621074481578
SL,10,2017-03-26,fdp,FDP,0.02934756922369533,0.03263311120811266,0.03263311120811266,0.03263311120811266
SL,10,2017-03-26,other,,0.01086814622379652,0.01115996575387376,0.01115996575387376,
SL,10,2017-03-26,familie,Familie,0.00834034943524499,0.00830861979493539,0.00830861979493539,
SL,10,2017-03-26,piraten,Piraten,0.00685689765383448,0.0074543400595373,0.0074543400595373,0.0074543400595373
SL,10,2017-03-26,npd,NPD,0.00668241626555203,0.0070140862485317,0.0070140862485317,0.0070140862485317
SL,10,2017-03-26,dkp,,0,0,0,
SL,10,2017-03-26,rep,Rep,0,0,0,
SL,10,2022-03-27,spd,SPD,0.4399149198083498,0.4350048959905926,0.4350048959905926,0.4350048959905926
SL,10,2022-03-27,cdu,CDU,0.29568443386724347,0.28547935395027974,0.28547935395027974,0.28547935395027974
SL,10,2022-03-27,other,,0.08624167340021274,0.08770343780323643,0.08770343780323643,
SL,10,2022-03-27,afd,AfD,0.05765495846480213,0.05684875036194964,0.05684875036194964,0.05684875036194964
SL,10,2022-03-27,gruene,Grüne,0.04104052720811575,0.04995015594227373,0.04995015594227373,0.04995015594227373
SL,10,2022-03-27,fdp,FDP,0.04436020177755716,0.04778398403221849,0.04778398403221849,0.04778398403221849
SL,10,2022-03-27,linke_pds,Linke,0.02353691572811423,0.02583712597615884,0.02583712597615884,0.02583712597615884
SL,10,2022-03-27,familie,Familie,0.00834168091031986,0.00847901576221621,0.00847901576221621,
SL,10,2022-03-27,piraten,Piraten,0.00322468883528481,0.00291328018107428,0.00291328018107428,0.00291328018107428
SN,14,1990-10-14,cdu,CDU,0.6103318113520487,0.539711108292985,0.539711108292985,0.5382092197908273
SN,14,1990-10-14,spd,SPD,0.17241476626283544,0.19143606149720105,0.19143606149720105,0.19090066081319287
SN,14,1990-10-14,linke_pds,Linke,0.06259645225136151,0.10073765117368506,0.10073765117368506,0.1023079476058148
SN,14,1990-10-14,forum,Forum,0.03916818036349698,0.0548831835614882,0.0548831835614882,
SN,14,1990-10-14,fdp,FDP,0.04760201482857375,0.05241087798451888,0.05241087798451888,0.05254607882823186
SN,14,1990-10-14,dsu,DSU,0.03999550509109467,0.0363528932176017,0.0363528932176017,
SN,14,1990-10-14,npd,NPD,0.00691479652798609,0.00697326189517024,0.00697326189517024,0.00673154549479726
SN,14,1990-10-14,da,DemAufbr,0.00608311396243,0.00569070337093664,0.00569070337093664,
SN,14,1990-10-14,dbu,DBU,0.00582133619546649,0.00485500007800964,0.00485500007800964,
SN,14,1990-10-14,chr_l,CHRLiga,0.00644811858160384,0.00478379127660178,0.00478379127660178,
SN,14,1990-10-14,rap,RAP,0.00157728209143663,0.00124295362906855,0.00124295362906855,
SN,14,1990-10-14,shb,SHB,0.00104662249166586,9.225140227332098e-4,9.225140227332098e-4,
SN,14,1990-10-14,bv,,0,0,0,
SN,14,1990-10-14,ev_froehlich,,0,0,0,
SN,14,1990-10-14,ev_graf,,0,0,0,
SN,14,1990-10-14,ev_heine,,0,0,0,
SN,14,1990-10-14,ev_kraut,,0,0,0,
SN,14,1990-10-14,ev_kromer,,0,0,0,
SN,14,1990-10-14,ev_liebig,,0,0,0,
SN,14,1990-10-14,ev_neumann,,0,0,0,
SN,14,1990-10-14,ev_riedel,,0,0,0,
SN,14,1990-10-14,ev_ruethrich,,0,0,0,
SN,14,1990-10-14,ev_schroeter,,0,0,0,
SN,14,1990-10-14,ev_teubert,,0,0,0,
SN,14,1990-10-14,ev_tschiche,,0,0,0,
SN,14,1990-10-14,ev_ziermaier,,0,0,0,
SN,14,1990-10-14,jda,,0,0,0,
SN,14,1990-10-14,other,,0,0,0,
SN,14,1994-09-11,cdu,CDU,0.6400417881283148,0.5809614613692753,0.5784655971794174,0.5814000703562683
SN,14,1994-09-11,spd,SPD,0.15786940291710805,0.16604154375154517,0.16532821391706448,0.16605726767652784
SN,14,1994-09-11,linke_pds,Linke,0.11564008491061097,0.16489159994366015,0.16418321037417344,0.16456147015527803
SN,14,1994-09-11,gruene,Grüne,0.0338572752812544,0.04154276658258369,0.04136429501371797,0.04142152611080046
SN,14,1994-09-11,fdp,FDP,0.02038990600022741,0.01737424736547135,0.0172996059912862,0.01748004391936745
SN,14,1994-09-11,rep,Rep,0.01495690543206054,0.01277151724620223,0.01271664962646404,0.01268399472424897
SN,14,1994-09-11,forum,Forum,0.00629342425157653,0.00656526805264034,0.00653706305365334,
SN,14,1994-09-11,dsu,DSU,0.00784996570351607,0.00624564769661576,0.00621881581625022,
SN,14,1994-09-11,sp,SozPolSachs,0.00310124737533125,0.00360594799200604,0.00359045650580225,
SN,14,1994-09-11,allianz_sachsen,,0,0,0,
SN,14,1994-09-11,bfb,,0,0,0,
SN,14,1994-09-11,dresden_pur,,0,0,0,
SN,14,1994-09-11,ev_garten,,0,0,0,
SN,14,1994-09-11,ev_krone,,0,0,0,
SN,14,1994-09-11,ev_tannert,,0,0,0,
SN,14,1994-09-11,freie_wahler,,0,0,0,
SN,14,1994-09-11,liga,,0,0,0,
SN,14,1994-09-11,o_fraktionszw,,0,0,0,
SN,14,1994-09-11,sachbezogen,,0,0,0,
SN,14,1994-09-11,spoergler,,0,0,0,
SN,14,1994-09-11,other,,0,0,0,
SN,14,1999-09-19,cdu,CDU,0.6131447601086173,0.5684409749737681,0.5684409749737681,0.5689524193280076
SN,14,1999-09-19,linke_pds,Linke,0.1904224192427519,0.22208965511122483,0.22208965511122483,0.22195056356720108
SN,14,1999-09-19,spd,SPD,0.09815073445395596,0.10745127302562302,0.10745127302562302,0.10734901611406644
SN,14,1999-09-19,gruene,Grüne,0.01662496048575859,0.02578318755361379,0.02578318755361379,0.025696464812631
SN,14,1999-09-19,pro_dm,Pro DM/Schill,0.02172915540535254,0.02155152084569826,0.02155152084569826,
SN,14,1999-09-19,rep,Rep,0.01684772402563277,0.01523810946951,0.01523810946951,0.01515337752163514
SN,14,1999-09-19,npd,NPD,0.01611900280776526,0.01373166974320946,0.01373166974320946,0.01367468365193025
SN,14,1999-09-19,fdp,FDP,0.01146707166008852,0.01075474684948164,0.01075474684948164,0.01079862407535424
SN,14,1999-09-19,dsu,DSU,0.005181205830037,0.00428069837910634,0.00428069837910634,
SN,14,1999-09-19,pbc,BündnisC,0.00393547550104085,0.003197798898235,0.003197798898235,0.00320460687075106
SN,14,1999-09-19,graue,Graue,0.00245339951191166,0.00316931383211462,0.00316931383211462,0.00317734345252838
SN,14,1999-09-19,forum,Forum,0.00160660574734866,0.00188468404691537,0.00188468404691537,
SN,14,1999-09-19,bueso,BÜSO,0.00100176782550483,0.0011272614690916,0.0011272614690916,0.00112750407564997
SN,14,1999-09-19,kpd,KPD (1990),7.221468668059582e-4,8.396089981055096e-4,8.396089981055096e-4,
SN,14,1999-09-19,fp_deutschlands,FPDeutschlands,5.935705274280534e-4,4.594968043024591e-4,4.594968043024591e-4,
SN,14,1999-09-19,dieter_kaeppel,,0,0,0,
SN,14,1999-09-19,kromer,,0,0,0,
SN,14,1999-09-19,siegemund,,0,0,0,
SN,14,1999-09-19,sparen_ja_aber_gerecht,,0,0,0,
SN,14,1999-09-19,ueberparteilich_fuer_chemnitz,,0,0,0,
SN,14,1999-09-19,uhlig,,0,0,0,
SN,14,1999-09-19,zocher,,0,0,0,
SN,14,1999-09-19,zukunft_fuer_leipzig,,0,0,0,
SN,14,1999-09-19,other,,0,0,0,
SN,14,2004-09-19,cdu,CDU,0.4432400776632527,0.41097613599087773,0.41097613599087773,0.4111286046338339
SN,14,2004-09-19,linke_pds,Linke,0.21655925086583583,0.23591238538558865,0.23591238538558865,0.23579623437901867
SN,14,2004-09-19,spd,SPD,0.08055439776281763,0.09772050094503194,0.09772050094503194,0.09828112117723128
SN,14,2004-09-19,npd,NPD,0.11083453805960884,0.0923192724035052,0.0923192724035052,0.09177721638259057
SN,14,2004-09-19,fdp,FDP,0.06326193319750645,0.05898200143707337,0.05898200143707337,0.05894088604826129
SN,14,2004-09-19,gruene,Grüne,0.03238922197136973,0.05125968462487699,0.05125968462487699,0.05132888009672449
SN,14,2004-09-19,tierschutz,Die Tierschutzpartei,0.01595824460647445,0.01635842484262484,0.01635842484262484,
SN,14,2004-09-19,graue,Graue,0.00699607137204495,0.00932291585310611,0.00932291585310611,0.00931526078836229
SN,14,2004-09-19,pbc,BündnisC,0.00864061004010916,0.00673140005310923,0.00673140005310923,0.0066726438428275
SN,14,2004-09-19,bueso,BÜSO,0.00396448947747814,0.00547786594604726,0.00547786594604726,0.00543185898992132
SN,14,2004-09-19,aufbruch,Aufbruch,0.00564611601516466,0.00540269295053031,0.00540269295053031,
SN,14,2004-09-19,dsu,DSU,0.00693999890785898,0.00530408941095612,0.00530408941095612,
SN,14,2004-09-19,dgg,DGG,0.00501505006047847,0.00423263015667223,0.00423263015667223,
SN,14,2004-09-19,buergerbewegung_du,,0,0,0,
SN,14,2004-09-19,carsten_heine,,0,0,0,
SN,14,2004-09-19,eb_pohl,,0,0,0,
SN,14,2004-09-19,fp_deutschlands,,0,0,0,
SN,14,2004-09-19,freie_wahler,,0,0,0,
SN,14,2004-09-19,fw_penig,,0,0,0,
SN,14,2004-09-19,offensive_d,,0,0,0,
SN,14,2004-09-19,perspektive_schmidt,,0,0,0,
SN,14,2004-09-19,plb,,0,0,0,
SN,14,2004-09-19,rep,Rep,0,0,0,
SN,14,2004-09-19,schaudienst,,0,0,0,
SN,14,2004-09-19,unabhangige,,0,0,0,
SN,14,2004-09-19,werner,,0,0,0,
SN,14,2004-09-19,other,,0,0,0,
SN,14,2009-08-30,cdu,CDU,0.4421603330043966,0.4022496465627989,0.4022496465627989,0.4022496465627989
SN,14,2009-08-30,linke_pds,Linke,0.18881378909591304,0.2060584783478334,0.2060584783478334,0.2060584783478334
SN,14,2009-08-30,spd,SPD,0.08926782334392784,0.10418733367865674,0.10418733367865674,0.10418733367865674
SN,14,2009-08-30,fdp,FDP,0.10545860319611595,0.09951712216158354,0.09951712216158354,0.09951712216158354
SN,14,2009-08-30,gruene,Grüne,0.0382568566299192,0.06396253593486852,0.06396253593486852,0.06396253593486852
SN,14,2009-08-30,npd,NPD,0.06877702242213085,0.05610151395193699,0.05610151395193699,0.05610151395193699
SN,14,2009-08-30,tierschutz,Die Tierschutzpartei,0.02060059354076492,0.02054804047516648,0.02054804047516648,
SN,14,2009-08-30,piraten,Piraten,0.01411011655839233,0.01927894916346241,0.01927894916346241,0.01927894916346241
SN,14,2009-08-30,freie_sachsen,FS,0.01555447371318243,0.01351267895105513,0.01351267895105513,
SN,14,2009-08-30,pbc,BündnisC,0.00566128562602372,0.00421231491491079,0.00421231491491079,0.00421231491491079
SN,14,2009-08-30,svp,proDeutschland,0.00270930898845644,0.00244860625287576,0.00244860625287576,
SN,14,2009-08-30,bueso,BÜSO,0.00154194584454925,0.00227724276142251,0.00227724276142251,0.00227724276142251
SN,14,2009-08-30,rep,Rep,0.00231685202386026,0.00186163065715117,0.00186163065715117,0.00186163065715117
SN,14,2009-08-30,dsu,DSU,0.00243873914266939,0.00168915441575342,0.00168915441575342,
SN,14,2009-08-30,humanwirtschaft,Humanwirtschaft,0.00126569819434037,0.00124071618811928,0.00124071618811928,
SN,14,2009-08-30,fp_deutschlands,FPDeutschlands,0.00106655867535737,8.540355824049753e-4,8.540355824049753e-4,
SN,14,2009-08-30,bildung,,0,0,0,
SN,14,2009-08-30,dose,,0,0,0,
SN,14,2009-08-30,foerster,,0,0,0,
SN,14,2009-08-30,freie_buerger,,0,0,0,
SN,14,2009-08-30,frieden,,0,0,0,
SN,14,2009-08-30,fuer_unsere_region,,0,0,0,
SN,14,2009-08-30,fw_sachsen,,0,0,0,
SN,14,2009-08-30,gerechtigkeit,,0,0,0,
SN,14,2009-08-30,nitzsche,,0,0,0,
SN,14,2009-08-30,other,,0,0,0,
SN,14,2014-08-31,cdu,CDU,0.44394897827876306,0.3941461948984396,0.3941461948984396,0.3941461948984396
SN,14,2014-08-31,linke_pds,Linke,0.16565897539197025,0.18905721469142883,0.18905721469142883,0.18905721469142883
SN,14,2014-08-31,spd,SPD,0.10531950506590694,0.12360068616835795,0.12360068616835795,0.12360068616835795
SN,14,2014-08-31,afd,AfD,0.10914176881418704,0.09747242593735934,0.09747242593735934,0.09747242593735934
SN,14,2014-08-31,gruene,Grüne,0.03254680236371585,0.05731728691132025,0.05731728691132025,0.05731728691132025
SN,14,2014-08-31,npd,NPD,0.05902000834610375,0.04949682412019794,0.04949682412019794,0.04949682412019794
SN,14,2014-08-31,fdp,FDP,0.03972006447812142,0.03776490855872278,0.03776490855872278,0.03776490855872278
SN,14,2014-08-31,freie_wahler,FW-SN,0.01809852185567303,0.0161429106216248,0.0161429106216248,
SN,14,2014-08-31,tierschutz,Die Tierschutzpartei,0.01005826242742695,0.01136550312397137,0.01136550312397137,
SN,14,2014-08-31,piraten,Piraten,0.00729657297817171,0.01108825104626018,0.01108825104626018,0.01108825104626018
SN,14,2014-08-31,die_partei,DiePartei,0.00390124856608827,0.00707664554298964,0.00707664554298964,0.00707664554298964
SN,14,2014-08-31,bueso,BÜSO,0.00151815585673736,0.00203969590210436,0.00203969590210436,0.00203969590210436
SN,14,2014-08-31,pro_deutschland,proDeutschland,0.00204675719332835,0.00192305460949899,0.00192305460949899,
SN,14,2014-08-31,dsu,DSU,0.00172437838380598,0.00150839786772388,0.00150839786772388,
SN,14,2014-08-31,other,,0,0,0,
SN,14,2019-09-01,cdu,CDU,0.3537040677304232,0.32105876091701796,0.32105876091701796,0.32105876091701796
SN,14,2019-09-01,afd,AfD,0.32590999856948666,0.2749516837860156,0.2749516837860156,0.2749516837860156
SN,14,2019-09-01,linke_pds,Linke,0.08020360328719228,0.10355802123005442,0.10355802123005442,0.10355802123005442
SN,14,2019-09-01,gruene,Grüne,0.04285274223413554,0.0863229687919031,0.0863229687919031,0.0863229687919031
SN,14,2019-09-01,spd,SPD,0.06510511725180633,0.07721777999747975,0.07721777999747975,0.07721777999747975
SN,14,2019-09-01,fdp,FDP,0.04300913522755326,0.04497573688284605,0.04497573688284605,0.04497573688284605
SN,14,2019-09-01,freie_wahler,FW-SN,0.03687974465140386,0.03364802532429677,0.03364802532429677,
SN,14,2019-09-01,die_partei,DiePartei,0.01010939261745845,0.0155175016166949,0.0155175016166949,0.0155175016166949
SN,14,2019-09-01,tierschutz,Die Tierschutzpartei,0.01470564427128634,0.01545195681243615,0.01545195681243615,
SN,14,2019-09-01,npd,NPD,0.00758345849435818,0.00597611676576087,0.00597611676576087,0.00597611676576087
SN,14,2019-09-01,gesundheitsforschung,Gesundheitsforschung,0.00581656075506566,0.0053783666142462,0.0053783666142462,0.0053783666142462
SN,14,2019-09-01,blaue_teampetry,Blaue,0.00404082359413863,0.00360311790171695,0.00360311790171695,
SN,14,2019-09-01,piraten,Piraten,0.00214120760943683,0.0030612193087608,0.0030612193087608,0.0030612193087608
SN,14,2019-09-01,odp,ÖDP,0.00224672621011053,0.0027694987714965,0.0027694987714965,0.0027694987714965
SN,14,2019-09-01,die_humanisten,Die Humanisten,0.00117637466555679,0.00198711536854874,0.00198711536854874,
SN,14,2019-09-01,adpm,ADPM,0.0019404341495559,0.00182233019164469,0.00182233019164469,
SN,14,2019-09-01,partei_der_vernunft,Vernunft,0.00116654650822435,0.00104687053562567,0.00104687053562567,
SN,14,2019-09-01,kpd,KPD (1990),8.206401073710308e-4,9.005486838649463e-4,9.005486838649463e-4,
SN,14,2019-09-01,bueso,BÜSO,5.877820654361465e-4,7.523804995898834e-4,7.523804995898834e-4,7.523804995898834e-4
SN,14,2019-09-01,other,,0,0,0,
SN,14,2024-09-01,cdu,CDU,0.3320580491936032,0.31904710999658004,0.31904710999658004,0.31904710999658004
SN,14,2024-09-01,afd,AfD,0.37375444477552944,0.30634040510687305,0.30634040510687305,0.30634040510687305
SN,14,2024-09-01,bsw,BSW,0.117343628209563,0.11821601015003154,0.11821601015003154,
SN,14,2024-09-01,spd,SPD,0.04880930877603527,0.07326361930056266,0.07326361930056266,0.07326361930056266
SN,14,2024-09-01,gruene,Grüne,0.01932589853124672,0.05109939509525876,0.05109939509525876,0.05109939509525876
SN,14,2024-09-01,linke_pds,Linke,0.02027064942612332,0.04467300092462733,0.04467300092462733,0.04467300092462733
SN,14,2024-09-01,freie_wahler,FW-SN,0.02552650578057803,0.02258416089111757,0.02258416089111757,
SN,14,2024-09-01,freie_sachsen,FS (2021),0.02626776550030653,0.0221893522625686,0.0221893522625686,
SN,14,2024-09-01,tierschutz_hier,TIERSCHUTZliste,0.00923154674805849,0.01005377830153924,0.01005377830153924,
SN,14,2024-09-01,fdp,FDP,0.00741924203646294,0.00894175529275677,0.00894175529275677,0.00894175529275677
SN,14,2024-09-01,die_partei,DiePartei,0.0054432219540784,0.0084123624930951,0.0084123624930951,0.0084123624930951
SN,14,2024-09-01,piraten,Piraten,0.0015899522597328,0.00288418989485824,0.00288418989485824,0.00288418989485824
SN,14,2024-09-01,bundnis_deutschland,BD,0.00308789512663177,0.00286119133397189,0.00286119133397189,
SN,14,2024-09-01,werteunion,WU,0.00334776445844671,0.00275727191070766,0.00275727191070766,
SN,14,2024-09-01,diebasis,dieBasis,0.0018762292851405,0.00191058415066953,0.00191058415066953,0.00191058415066953
SN,14,2024-09-01,bundnis_c,BündnisC,0.00258668878596498,0.00186117983469145,0.00186117983469145,
SN,14,2024-09-01,v_partei3,VPartei3,8.002065009018086e-4,0.00139822732203479,0.00139822732203479,
SN,14,2024-09-01,odp,ÖDP,6.485051771910115e-4,8.326330839409142e-4,8.326330839409142e-4,8.326330839409142e-4
SN,14,2024-09-01,bueso,BÜSO,6.124974744050369e-4,6.737726541148471e-4,6.737726541148471e-4,6.737726541148471e-4
SN,14,2024-09-01,other,,0,0,0,
ST,15,1990-10-14,cdu,CDU,0.4517016640475186,0.3926240081159686,0.3926240081159686,0.3899542092385764
ST,15,1990-10-14,spd,SPD,0.25800546071066083,0.2600417759735729,0.2600417759735729,0.2600006230035568
ST,15,1990-10-14,fdp,FDP,0.1238857525529628,0.1354189817087983,0.1354189817087983,0.13507849844815478
ST,15,1990-10-14,linke_pds,Linke,0.08039340879269895,0.11771920018724616,0.11771920018724616,0.11987084003534128
ST,15,1990-10-14,grue_nf,Grüne,0.03849492381222561,0.05181756495839015,0.05181756495839015,
ST,15,1990-10-14,dsu,DSU,0.0163641482679457,0.01709876274303789,0.01709876274303789,
ST,15,1990-10-14,dfd,DFD,0.0145063950142526,0.01106273262712395,0.01106273262712395,
ST,15,1990-10-14,rep,Rep,0.00669968713769173,0.00650266877441638,0.00650266877441638,0.00636596361659228
ST,15,1990-10-14,dbu,DBU,0.00444036424119627,0.00327754589413356,0.00327754589413356,
ST,15,1990-10-14,chr_l,CHRLiga,0.00189168989854267,0.00150107024167009,0.00150107024167009,
ST,15,1990-10-14,npd,NPD,0.0014916314951888,0.00138662563396775,0.00138662563396775,0.00136211232187761
ST,15,1990-10-14,csp,CSP,0.00153433321964913,0.00112377221240623,0.00112377221240623,
ST,15,1990-10-14,uspd,USPD (1950),5.905408094662795e-4,4.25290929268064e-4,4.25290929268064e-4,
ST,15,1990-10-14,other,,0,0,0,
ST,15,1994-06-26,cdu,CDU,0.39952773846788586,0.3444066554444788,0.3444066554444788,0.3438528600266213
ST,15,1994-06-26,spd,SPD,0.3381341812471707,0.3420457972143018,0.3420457972143018,0.3402766146875523
ST,15,1994-06-26,linke_pds,Linke,0.15072652562717995,0.19696466537649676,0.19696466537649676,0.19855169556517369
ST,15,1994-06-26,bue90_gruene,Grüne,0.04210926375542797,0.04994350735358671,0.04994350735358671,
ST,15,1994-06-26,fdp,FDP,0.03793231032897491,0.03568961107866601,0.03568961107866601,0.03575363839108627
ST,15,1994-06-26,rep,Rep,0.01617522517049587,0.01414701829521988,0.01414701829521988,0.01364385638602646
ST,15,1994-06-26,alp,ALP,0.00684484807892985,0.0059813497925422,0.0059813497925422,
ST,15,1994-06-26,graue,Graue,0.0034284450409461,0.00506048148529855,0.00506048148529855,0.00532514126036864
ST,15,1994-06-26,statt_partei,STATT,0.00197747040222047,0.00270630312885285,0.00270630312885285,
ST,15,1994-06-26,dsu,DSU,0.00164420396777278,0.00157835873593886,0.00157835873593886,
ST,15,1994-06-26,opde,OPDE,8.491633134602954e-4,9.275481809749562e-4,9.275481809749562e-4,
ST,15,1994-06-26,de,DemE,6.506245995352385e-4,5.487039136425923e-4,5.487039136425923e-4,
ST,15,1994-06-26,other,,0,0,0,
ST,15,1998-04-26,spd,SPD,0.35844171919932033,0.35730977759535254,0.35730977759535254,0.35873612783686865
ST,15,1998-04-26,cdu,CDU,0.2455367251431488,0.21862043617111043,0.21862043617111043,0.22017731494699877
ST,15,1998-04-26,linke_pds,Linke,0.17217046190161928,0.1953767120838762,0.1953767120838762,0.19623464842922012
ST,15,1998-04-26,dvu,DVU,0.13543278777630338,0.13327831973009965,0.13327831973009965,
ST,15,1998-04-26,fdp,FDP,0.04423651457325647,0.04220983065439968,0.04220983065439968,0.04229267063003041
ST,15,1998-04-26,gruene,Grüne,0.0245219408322741,0.03150148522427101,0.03150148522427101,0.03245803664384088
ST,15,1998-04-26,future,future,0.00682554451105056,0.00770285789471426,0.00770285789471426,
ST,15,1998-04-26,rep,Rep,0.00719367764757706,0.00708359731758628,0.00708359731758628,0.00684639770088349
ST,15,1998-04-26,forum,Forum,0.00312286408936688,0.00417250053988653,0.00417250053988653,
ST,15,1998-04-26,dmp,DMP,0.00251776432608309,0.00274448278870342,0.00274448278870342,
ST,15,1998-04-26,other,,0,0,0,
ST,15,2002-04-21,cdu,CDU,0.4089619349061464,0.3768080007391331,0.3768080007391331,0.37340792516699184
ST,15,2002-04-21,linke_pds,Linke,0.18487412185368388,0.20201809744867075,0.20201809744867075,0.2036925541673665
ST,15,2002-04-21,spd,SPD,0.1896185163369002,0.19675083105339672,0.19675083105339672,0.1995994780294319
ST,15,2002-04-21,fdp,FDP,0.1253281152890331,0.13305904957283007,0.13305904957283007,0.13277087989939576
ST,15,2002-04-21,schill,PRO (Schill),0.0482552803167005,0.04630046893472436,0.04630046893472436,
ST,15,2002-04-21,gruene,Grüne,0.01432755964209938,0.01873099136232419,0.01873099136232419,0.0195489175140075
ST,15,2002-04-21,fdvp,FDVP,0.01111150279844891,0.00884320006938801,0.00884320006938801,
ST,15,2002-04-21,spass,Spasspartei,0.00721953255812336,0.00679927067168724,0.00679927067168724,
ST,15,2002-04-21,pro_dm,Pro DM/Schill,0.00419892833919488,0.00377108744963241,0.00377108744963241,
ST,15,2002-04-21,mlpd,MLPD,0.00168382985413813,0.00226642355722908,0.00226642355722908,
ST,15,2002-04-21,opdm,OPdM,0.00135743115114191,0.00145658252742051,0.00145658252742051,
ST,15,2002-04-21,odp,ÖDP,0.00110796409505162,0.00127745587356298,0.00127745587356298,0.00132559852194472
ST,15,2002-04-21,r_b_p,R-B-P,0.00122731659360166,0.00102762133002483,0.00102762133002483,
ST,15,2002-04-21,buendnis_dkp_kpd,KPD (1990),7.279662657360323e-4,8.909194099756576e-4,8.909194099756576e-4,
ST,15,2002-04-21,other,,0,0,0,
ST,15,2006-03-26,cdu,CDU,0.3898050728131792,0.3605333302089619,0.3605333302089619,0.362116432844853
ST,15,2006-03-26,linke_pds,Linke,0.21832555183934044,0.24110696480981364,0.24110696480981364,0.24083572918490803
ST,15,2006-03-26,spd,SPD,0.20293224764753984,0.2136917768495791,0.2136917768495791,0.21363607143886312
ST,15,2006-03-26,fdp,FDP,0.07218911262637304,0.06718062577254966,0.06718062577254966,0.06673176289603593
ST,15,2006-03-26,gruene,Grüne,0.02501640257552391,0.03579240894898097,0.03579240894898097,0.0355964063334715
ST,15,2006-03-26,dvu,DVU,0.038227572167434803,0.03050480079202816,0.03050480079202816,
ST,15,2006-03-26,eltern,Eltern,0.0224643518113281,0.01638771887686656,0.01638771887686656,
ST,15,2006-03-26,gut,GUT,0.00675651957880268,0.00793551297297614,0.00793551297297614,
ST,15,2006-03-26,rep,Rep,0.0056014709537176,0.00483887030538778,0.00483887030538778,0.00479133370425623
ST,15,2006-03-26,mlpd,MLPD,0.00352490491452737,0.00453072916971781,0.00453072916971781,
ST,15,2006-03-26,bbw,FW-ST,0.00403517505559344,0.00441708015770265,0.00441708015770265,
ST,15,2006-03-26,future,future,0.00338610741044957,0.00370355182453529,0.00370355182453529,
ST,15,2006-03-26,agfg,AGFG,0.0026801915779092,0.00363325346658777,0.00363325346658777,
ST,15,2006-03-26,buendnis_offensive_fuer_sachsen_anhalt,PRO (Schill),0.00261533378034644,0.0028447402182764,0.0028447402182764,
ST,15,2006-03-26,pro_dm,Pro DM/Schill,9.058763730046724e-4,0.00109196782678484,0.00109196782678484,
ST,15,2006-03-26,buendnis_dkp_kpd,KPD (1990),7.328165161461271e-4,0.00101932619023907,0.00101932619023907,
ST,15,2006-03-26,fpdeutsch_land,FPDeutschlands,8.012923587835246e-4,7.873416090122495e-4,7.873416090122495e-4,
ST,15,2006-03-26,other,,0,0,0,
ST,15,2011-03-20,cdu,CDU,0.3375152480673492,0.32424011986726053,0.32383621488224223,0.3251317058244473
ST,15,2011-03-20,linke_pds,Linke,0.23097874015834244,0.2368423749623365,0.23654734109684808,0.23654808948547665
ST,15,2011-03-20,spd,SPD,0.21343785793880535,0.21503239572593688,0.21476453048887215,0.21500812278183637
ST,15,2011-03-20,gruene,Grüne,0.05665096627749776,0.07181069663621475,0.07172124225789513,0.07138586535306421
ST,15,2011-03-20,npd,NPD,0.05655531944016285,0.04636964947845033,0.0463118869394235,0.04612572496079525
ST,15,2011-03-20,fdp,FDP,0.0405757205124402,0.03851002207541717,0.03846205025164719,0.03842267051299343
ST,15,2011-03-20,freiewaehler,FW-ST,0.03073429902418351,0.02823275729544369,0.02819758783085951,
ST,15,2011-03-20,tier_schutz_partei,Die Tierschutzpartei,0.01454474769838751,0.01575819936745833,0.01573856942381646,
ST,15,2011-03-20,piraten,Piraten,0.01095735710816175,0.01400159467730331,0.01398415293107313,0.01391844203635221
ST,15,2011-03-20,spv,SarazzP,0.00352205196018922,0.00368845990657404,0.003683865202674,
ST,15,2011-03-20,mlpd,MLPD,0.00158668927895934,0.00234897196606493,0.0023460458584409,
ST,15,2011-03-20,kpd,KPD (1990),0.00164365101407786,0.00166846699858364,0.00166638859404092,
ST,15,2011-03-20,odp,ÖDP,0.00129735152144298,0.00149629104295585,0.00149442711750598,0.00150880420975498
ST,15,2011-03-20,other,,0,0,0,
ST,15,2016-03-13,cdu,CDU,0.3087908334284504,0.2969046567536122,0.2969046567536122,0.29757399964555337
ST,15,2016-03-13,afd,AfD,0.26472328701919795,0.2432736839146076,0.2432736839146076,0.2426766244210185
ST,15,2016-03-13,linke_pds,Linke,0.15443123966957087,0.1632761142664373,0.1632761142664373,0.16323248227544068
ST,15,2016-03-13,spd,SPD,0.10403888162027672,0.1061982133286661,0.1061982133286661,0.10630549917755908
ST,15,2016-03-13,gruene,Grüne,0.03664008785337626,0.05189435949800539,0.05189435949800539,0.05183915958738134
ST,15,2016-03-13,fdp,FDP,0.0446598947138218,0.04845740672391294,0.04845740672391294,0.04859392435680845
ST,15,2016-03-13,freiewaehler,FW-ST,0.01999360185182402,0.02168635584159547,0.02168635584159547,
ST,15,2016-03-13,npd,NPD,0.02167525495211386,0.01905649751841127,0.01905649751841127,0.01890679032520926
ST,15,2016-03-13,tierschutz,Die Tierschutzpartei,0.01332002009940351,0.01477254899471398,0.01477254899471398,
ST,15,2016-03-13,tierschutzallianz,Tierschutzallianz,0.00922262196225802,0.01038249929039167,0.01038249929039167,
ST,15,2016-03-13,alfa,LKR,0.00860616215834438,0.0088054911441788,0.0088054911441788,
ST,15,2016-03-13,die_partei,DiePartei,0.00381319257787271,0.00529417685887908,0.00529417685887908,0.00526949968696482
ST,15,2016-03-13,mg,MG,0.00330088986326848,0.0042476746157913,0.0042476746157913,
ST,15,2016-03-13,fbm,FBM,0.00462756297303702,0.00368633589094612,0.00368633589094612,
ST,15,2016-03-13,die_rechte,Rechte,0.002156469257184,0.00206398535985076,0.00206398535985076,
ST,15,2016-03-13,other,,0,0,0,
ST,15,2021-06-06,cdu,CDU,0.38120445282897114,0.3711677291559533,0.3711677291559533,0.3711677291559533
ST,15,2021-06-06,afd,AfD,0.23336717866532417,0.2082237704910327,0.2082237704910327,0.2082237704910327
ST,15,2021-06-06,linke_pds,Linke,0.10138622841184898,0.10992510085108824,0.10992510085108824,0.10992510085108824
ST,15,2021-06-06,spd,SPD,0.07952922173169372,0.08411699948387558,0.08411699948387558,0.08411699948387558
ST,15,2021-06-06,fdp,FDP,0.0622056101474737,0.06418839199508883,0.06418839199508883,0.06418839199508883
ST,15,2021-06-06,gruene,Grüne,0.03729718732748719,0.05936370977825452,0.05936370977825452,0.05936370977825452
ST,15,2021-06-06,freie_wahler,FW-ST,0.03903990431881178,0.03129744654727803,0.03129744654727803,
ST,15,2021-06-06,diebasis,dieBasis,0.0154766459122605,0.01468745328791939,0.01468745328791939,0.01468745328791939
ST,15,2021-06-06,tierschutz,Die Tierschutzpartei,0.01197415567977257,0.01436405292108561,0.01436405292108561,
ST,15,2021-06-06,gartenpartei,MG,0.00707140054640509,0.0080690271759721,0.0080690271759721,
ST,15,2021-06-06,die_partei,DiePartei,0.00604616488875377,0.00730283153943275,0.00730283153943275,0.00730283153943275
ST,15,2021-06-06,tierschutz_hier,TIERSCHUTZliste,0.00600105631600983,0.00586445200089875,0.00586445200089875,
ST,15,2021-06-06,tierschutzallianz,Tierschutzallianz,0.00440425760521857,0.00480305951788902,0.00480305951788902,
ST,15,2021-06-06,gesundheitsforschung,Gesundheitsforschung,0.00364532485807722,0.00371440363186132,0.00371440363186132,0.00371440363186132
ST,15,2021-06-06,piraten,Piraten,0.00323531514075287,0.00358654767288052,0.00358654767288052,0.00358654767288052
ST,15,2021-06-06,npd,NPD,0.00330329715002782,0.0027150588936511,0.0027150588936511,0.0027150588936511
ST,15,2021-06-06,wir2020,Wir2020,0.00192155603343486,0.00155025350264219,0.00155025350264219,
ST,15,2021-06-06,fbm,FBM,0.0029876158636237,0.0015164092782061,0.0015164092782061,
ST,15,2021-06-06,die_humanisten,Die Humanisten,0.00123887330529499,0.00132086487035311,0.00132086487035311,
ST,15,2021-06-06,odp,ÖDP,0.00102763527217551,9.984046208647763e-4,9.984046208647763e-4,9.984046208647763e-4
ST,15,2021-06-06,klimaliste,Klimaliste,7.912891115041527e-4,7.774770446847176e-4,7.774770446847176e-4,
ST,15,2021-06-06,lkr,LKR,9.611980738978606e-4,4.465557390873529e-4,4.465557390873529e-4,
ST,15,2021-06-06,other,,0,0,0,
TH,16,1994-10-16,cdu,CDU,0.4914823476741191,0.426005509702695,0.4259601560895461,0.4259601560895461
TH,16,1994-10-16,spd,SPD,0.28409490932522324,0.29560782480581504,0.29557635365667567,0.2955769939539215
TH,16,1994-10-16,linke_pds,Linke,0.11797374485413084,0.16569556518703565,0.1656779248223154,0.16568055661059486
TH,16,1994-10-16,gruene,Grüne,0.03951061028111328,0.04504641185118041,0.04504161609739246,0.0450438474328784
TH,16,1994-10-16,fdp,FDP,0.03431330021222043,0.03210771553802539,0.03210429727024142,0.03210906574160822
TH,16,1994-10-16,rep,Rep,0.01420351490979215,0.01286727218084071,0.01286590229882867,0.01287007261483751
TH,16,1994-10-16,forum,Forum,0.00740937746102641,0.01057691757343044,0.01057579152830425,
TH,16,1994-10-16,graue,Graue,0.00323590802582072,0.00439489876445367,0.00439443087252774,0.00441991126416214
TH,16,1994-10-16,statt_partei,STATT,0.0030348451011512,0.00327620077820087,0.00327585198566343,
TH,16,1994-10-16,dsu,DSU,0.00214233637782987,0.00224562366864686,0.00224538459392875,
TH,16,1994-10-16,odp,ÖDP,0.002015758095253,0.00217605994967593,0.00217582828088551,0.00219096492486713
TH,16,1994-10-16,other,,0,0,0,
TH,16,1999-09-12,cdu,CDU,0.5535523677640014,0.5103295641649842,0.5102339773041412,0.5102339773041412
TH,16,1999-09-12,linke_pds,Linke,0.17312127873040406,0.21353387352904468,0.2134938777418367,0.21349470926582503
TH,16,1999-09-12,spd,SPD,0.17700920035024292,0.18501855996406155,0.18498390521429492,0.184984942054684
TH,16,1999-09-12,dvu,DVU,0.0350378694733536,0.03133932536898191,0.03133345538232366,
TH,16,1999-09-12,gruene,Grüne,0.01411157736560045,0.01859690350578769,0.01859342022801516,0.01861639141529184
TH,16,1999-09-12,fdp,FDP,0.0125832726301961,0.01117563630762737,0.01117354306422628,0.01119635956840492
TH,16,1999-09-12,vibt,VIBT,0.01219950390532031,0.00856585526192016,0.00856425084141933,
TH,16,1999-09-12,rep,Rep,0.0087469916466381,0.00754022022378926,0.00753880790901884,0.00754921067430486
TH,16,1999-09-12,die_frauen,DieFrauen,0.00513241164472779,0.00523855754067316,0.00523757633694557,
TH,16,1999-09-12,forum,Forum,0.00207782166430397,0.00305090583943466,0.00305033439201637,
TH,16,1999-09-12,npd,NPD,0.00226906270543772,0.0023533986262505,0.00235295782484922,0.00236913969484516
TH,16,1999-09-12,dsu,DSU,0.00178780375234934,0.00163549835281852,0.0016351920171397,
TH,16,1999-09-12,pbc,BündnisC,0.00141312427894086,0.00162170131462636,0.00162139756319047,0.00165176660658415
TH,16,1999-09-12,other,,0,0,0,
TH,16,2004-06-13,cdu,CDU,0.48725834176365895,0.42954428059981514,0.42954428059981514,0.42954428059981514
TH,16,2004-06-13,linke_pds,Linke,0.2241173955652715,0.2609566010738409,0.2609566010738409,0.2609566010738409
TH,16,2004-06-13,spd,SPD,0.13577112632836796,0.14476566875590008,0.14476566875590008,0.14476566875590008
TH,16,2004-06-13,gruene,Grüne,0.03092274735468791,0.04517117926572714,0.04517117926572714,0.04517117926572714
TH,16,2004-06-13,fdp,FDP,0.03761104836286245,0.03610112232801427,0.03610112232801427,0.03610112232801427
TH,16,2004-06-13,fr_waehler,FW-TH,0.02590002224208422,0.02602668967660091,0.02602668967660091,
TH,16,2004-06-13,rep,Rep,0.02243203174696565,0.01958977931441214,0.01958977931441214,0.01958977931441214
TH,16,2004-06-13,npd,NPD,0.0166932634592192,0.01553071608525022,0.01553071608525022,0.01553071608525022
TH,16,2004-06-13,graue,Graue,0.00591004168924685,0.00841993393879542,0.00841993393879542,0.00841993393879542
TH,16,2004-06-13,odad,ODAD,0.003699950649636,0.00435394398057349,0.00435394398057349,
TH,16,2004-06-13,vibt,VIBT,0.00399870718039505,0.00331196602340442,0.00331196602340442,
TH,16,2004-06-13,odp,ÖDP,0.00223824559980366,0.00229274731886108,0.00229274731886108,0.00229274731886108
TH,16,2004-06-13,bsu,BSU,0.00204006194735718,0.002112652363301,0.002112652363301,
TH,16,2004-06-13,kpd,KPD (1990),0.00140701611044345,0.00182271927550372,0.00182271927550372,
TH,16,2004-06-13,other,,0,0,0,
TH,16,2009-08-30,cdu,CDU,0.3535652061073468,0.31234272695454884,0.31234272695454884,0.31234272695454884
TH,16,2009-08-30,linke_pds,Linke,0.24613600884506295,0.27403568444186033,0.27403568444186033,0.27403568444186033
TH,16,2009-08-30,spd,SPD,0.17327193375199326,0.18530167495497,0.18530167495497,0.18530167495497
TH,16,2009-08-30,fdp,FDP,0.08038562028693293,0.07644904614164699,0.07644904614164699,0.07644904614164699
TH,16,2009-08-30,gruene,Grüne,0.04640538134081774,0.06156898862464751,0.06156898862464751,0.06156898862464751
TH,16,2009-08-30,npd,NPD,0.04942746800339278,0.04311024312883371,0.04311024312883371,0.04311024312883371
TH,16,2009-08-30,freie_wahler,FW-TH,0.04209473162261067,0.03870920622936421,0.03870920622936421,
TH,16,2009-08-30,rep,Rep,0.00461262893441876,0.0042568650010386,0.0042568650010386,0.0042568650010386
TH,16,2009-08-30,odp,ÖDP,0.00410102110742409,0.00422556452308979,0.00422556452308979,0.00422556452308979
TH,16,2009-08-30,other,,0,0,0,
TH,16,2014-09-14,cdu,CDU,0.3822656214169082,0.33465688468915294,0.3346051210605287,0.3346051210605287
TH,16,2014-09-14,linke_pds,Linke,0.24529198560383744,0.2818964083314502,0.28185280552015607,0.2818547783362128
TH,16,2014-09-14,spd,SPD,0.11500169906978155,0.12414086963621186,0.12412166793391038,0.12412301334049754
TH,16,2014-09-14,afd,AfD,0.1134940733666124,0.10572198254030964,0.10570562981101582,0.10570562981101582
TH,16,2014-09-14,gruene,Grüne,0.04154975691227707,0.05671005602570299,0.0567012843003518,0.05671224643444594
TH,16,2014-09-14,npd,NPD,0.04137332861355573,0.0361573740192651,0.0361517813153155,0.03615622069853109
TH,16,2014-09-14,fdp,FDP,0.02478561997907773,0.02478821144364498,0.02478437728445049,0.02480463917580509
TH,16,2014-09-14,freie_wahler,FW-TH,0.01942171594801935,0.01682977197295723,0.01682716879906153,
TH,16,2014-09-14,piraten,Piraten,0.00866413054640417,0.01026677550989544,0.010265187478753761,0.01028863174683743
TH,16,2014-09-14,die_partei,DiePartei,0.00392917136951663,0.00585137031204498,0.00585046524128854,0.0058807351237471
TH,16,2014-09-14,rep,Rep,0.00203761835138697,0.00175770753669013,0.00175743566025691,0.00177335277296093
TH,16,2014-09-14,kpd,KPD (1990),0.00103738628074571,0.00122258798267451,0.00122239887677772,
TH,16,2014-09-14,other,,0,0,0,
TH,16,2019-10-27,linke_pds,Linke,0.26320812099619934,0.3102332919806969,0.3101621453859118,0.3101621453859118
TH,16,2019-10-27,afd,AfD,0.26117572530843186,0.23407055031519683,0.23401687031687016,0.23401732967155903
TH,16,2019-10-27,cdu,CDU,0.25858867569289795,0.21752697887793063,0.21747709285917927,0.21747709285917927
TH,16,2019-10-27,spd,SPD,0.07324522133050168,0.08210753248432769,0.08208870255377713,0.08208948490961648
TH,16,2019-10-27,gruene,Grüne,0.03585375744908224,0.05186175677006725,0.05184986318066489,0.05185368300631187
TH,16,2019-10-27,fdp,FDP,0.05395737833284689,0.0500755220140402,0.05006403806642568,0.05006640273983479
TH,16,2019-10-27,die_partei,DiePartei,0.00941161162442078,0.01128601289641092,0.01128342464619073,0.01129929230558252
TH,16,2019-10-27,tierschutz_hier,TIERSCHUTZliste,0.0109312642071193,0.01075587656135019,0.01075340988865242,
TH,16,2019-10-27,npd,NPD,0.00645632043378748,0.0054434367796528,0.00544218842236552,0.00545296412447626
TH,16,2019-10-27,graue,Graue,0.00527592791848904,0.00531973774732499,0.00531851775825336,0.00533748109867663
TH,16,2019-10-27,gesundheitsforschung,Gesundheitsforschung,0.00511196390556265,0.00479492721422484,0.00479382758129584,0.00481690527143924
TH,16,2019-10-27,odp,ÖDP,0.00459963226872857,0.0043385181728695,0.00433752320939398,0.00436038643507508
TH,16,2019-10-27,piraten,Piraten,0.00294508430630698,0.00363518974171663,0.00363435607435015,0.00364854184635705
TH,16,2019-10-27,mlpd,MLPD,0.00217662266469106,0.00264309880635736,0.002642492657744,
TH,16,2019-10-27,bge,BGE,0.00188012842991542,0.00240024001335935,0.0023996895601745,
TH,16,2019-10-27,die_direkte,DieDirekte,0.00197395462749781,0.00211149701629738,0.00211101278128299,
TH,16,2019-10-27,blaue_teampetry_thueringen,Blaue,9.16206857520603e-4,7.517092591525664e-4,7.515368677444243e-4,
TH,16,2019-10-27,kpd,KPD (1990),5.257666941158375e-4,6.441233490239403e-4,6.43975630567897e-4,
TH,16,2019-10-27,other,,0,0,0,
TH,16,2024-09-01,afd,AfD,0.3746341373061126,0.3284912091613225,0.32843495603464906,0.32843495603464906
TH,16,2024-09-01,cdu,CDU,0.2515073822551989,0.2360707372829732,0.23603031088275933,0.23603031088275933
TH,16,2024-09-01,bsw,BSW,0.15096312238883122,0.15787676142969165,0.1578497255114941,
TH,16,2024-09-01,linke_pds,Linke,0.10209684930971435,0.1305710563117373,0.1305486964130071,0.13054989597502406
TH,16,2024-09-01,spd,SPD,0.04589990266667058,0.06054695552049178,0.06053658703736773,0.0605406318327189
TH,16,2024-09-01,gruene,Grüne,0.0174089080716959,0.03167165345727441,0.03166622978235038,0.03168767173641818
TH,16,2024-09-01,freie_wahler,FW-TH,0.01596486303537359,0.01272698293787136,0.01272480348051175,
TH,16,2024-09-01,fdp,FDP,0.01022557750745521,0.01123669656561534,0.01123477231529244,0.01125191761122559
TH,16,2024-09-01,tierschutz_hier,TIERSCHUTZliste,0.00927626004132133,0.01001746799495064,0.01001575253383524,
TH,16,2024-09-01,werteunion,WU,0.00587301823568374,0.00558754166692955,0.00558658481730796,
TH,16,2024-09-01,familie,Familie,0.00520057628050623,0.00471538381553289,0.00471457632030717,
TH,16,2024-09-01,bundnis_deutschland,BD,0.00447137692555628,0.00437856828692989,0.00437781847034539,
TH,16,2024-09-01,piraten,Piraten,0.00232283741094013,0.0030630177360464,0.00306249320351736,0.0030805963822655
TH,16,2024-09-01,odp,ÖDP,0.00167455844128554,0.00195939741808322,0.00195906187719784,0.0019778405689955
TH,16,2024-09-01,mlpd,MLPD,7.625338979290597e-4,0.0010865704145499,0.00108638434265067,
TH,16,2024-09-01,other,,0,0,0,
